Manufacturer,Model,Year,Registration Status,Price,Mileage,Keys,Damage description,Transmission,Seats,Fuel Type,Link
Mitsubishi,Pajero,2005,Yes,N/A,"285,698",," Right Side Damage, Selling Registered",N/A,7,Petrol,https://manheim.co.nz/damaged-vehicles/000000000007450005/2005-mitsubishi-pajero-4wd-3-8p-exceed-lwb-station-wagon?referringPage=SearchResults
Mazda,Axela,2004,No,$0,"297,888",," Rear Damage, Structural Damage, Selling De-Registered","4spd,",5,Petrol,https://manheim.co.nz/damaged-vehicles/000000000007450033/2004-mazda-axela-hatch?referringPage=SearchResults
Holden,Commodore,2018,No,$0,N/A,," Airbags Deployed, Left Front Damage, Left Rear Damage, Right Front Damage, Airbags Deployed, Structural Damage, Selling De-Registered","Automatic,",5,Petrol,https://manheim.co.nz/damaged-vehicles/000000000007450034/2018-holden-commodore-sedan?referringPage=SearchResults
Toyota,Mark,2009,No,$0,"160,202",," Front Damage, Structural Damage, Suspension Damage, Selling De-Registered","Automatic,",5,Petrol,https://manheim.co.nz/damaged-vehicles/000000000007450035/2009-toyota-mark-sedan?referringPage=SearchResults
Toyota,Corolla,2013,No,$0,"264,821",," Right Side Damage, Structural Damage, Selling De-Registered","Automatic,",5,Petrol,https://manheim.co.nz/damaged-vehicles/000000000007450036/2013-toyota-corolla-gx-1-8p-hatch-cv-hatch?referringPage=SearchResults
Tesla,Model 3,2021,No,N/A,N/A,," Front Damage, Interior Damage, Airbags Deployed, Structural Damage, Selling De-Registered","Automatic,",5,Electric,https://manheim.co.nz/damaged-vehicles/000000000007420051/2021-tesla-model-3-standard-range-plus-sedan?referringPage=SearchResults
Renault,Koleos,2015,No,$0,"101,429",," Right Front Damage, Structural Damage, Selling De-Registered","Automatic,",5,Diesel,https://manheim.co.nz/damaged-vehicles/000000000007430085/2015-renault-koleos-2-0-4x4-2-0d-4wd-6a-station-wagon?referringPage=SearchResults
Mitsubishi,ASX,2018,No,$0,"66,372",," Rear Damage, Structural Damage, Selling De-Registered","Automatic,",5,Petrol,https://manheim.co.nz/damaged-vehicles/000000000007450090/2018-mitsubishi-asx-xls-2-0p-cvt-station-wagon?referringPage=SearchResults
Volkswagen,Golf,2008,No,$0,N/A,," Rolled, Structural Damage, Stolen & Stripped, Selling De-Registered","Automatic,",5,Petrol,https://manheim.co.nz/damaged-vehicles/000000000007450096/2008-volkswagen-golf-hatch?referringPage=SearchResults
Ford,Ranger,2007,No,$0,"205,397",," Front Damage, Structural Damage, Selling De-Registered","Automatic,",5,Diesel,https://manheim.co.nz/damaged-vehicles/000000000007450105/2007-ford-ranger-3-0td-xlt-dc-w-s-4x-dual-cab-utility?referringPage=SearchResults
Nissan,Navara,2002,No,$0,N/A,," Rear Damage, Right Front Damage, Vandalised - Interior, Structural Damage, Selling De-Registered",N/A,3,Diesel,https://manheim.co.nz/damaged-vehicles/000000000007450107/2002-nissan-navara-3-0-4wd-s-c-c-s-die-dual-cab-chassis?referringPage=SearchResults
Mazda,Axela,2007,No,$0,"237,055",," Left Side Damage, Selling De-Registered","Automatic,",5,Petrol,https://manheim.co.nz/damaged-vehicles/000000000007430106/2007-mazda-axela-hatch?referringPage=SearchResults
Ford,Territory,2011,No,$0,"155,651",," Left Side Damage, Airbags Deployed, Structural Damage, Selling De-Registered","Automatic,",7,Petrol,https://manheim.co.nz/damaged-vehicles/000000000007440162/2011-ford-territory-station-wagon?referringPage=SearchResults
Mazda,Atenza,2011,No,$0,"217,901",," Left Side Damage, Structural Damage, Selling De-Registered",N/A,5,Petrol,https://manheim.co.nz/damaged-vehicles/000000000007440197/2011-mazda-atenza-sedan?referringPage=SearchResults
Mazda,Demio,2009,No,$0,"125,891",," Chassis Damage, Front Damage, Structural Damage, Selling De-Registered","4spd,",5,Petrol,https://manheim.co.nz/damaged-vehicles/000000000007430210/2009-mazda-demio-hatch?referringPage=SearchResults
Audi,A5,2014,No,$0,N/A,," Front Damage, Airbags Deployed, Structural Damage, Selling De-Registered","Automatic,",4,Petrol,https://manheim.co.nz/damaged-vehicles/000000000007430253/2014-audi-a5-2-0t-hatch?referringPage=SearchResults
Mazda,Axela,2006,No,$0,N/A,," Front Damage, Rear Damage, Structural Damage, Selling De-Registered",N/A,5,Petrol,https://manheim.co.nz/damaged-vehicles/000000000007430254/2006-mazda-axela-hatch?referringPage=SearchResults
Mazda,CX-9,2016,No,N/A,"138,860",," Right Side Damage, Structural Damage, Selling De-Registered",N/A,7,Petrol,https://manheim.co.nz/damaged-vehicles/000000000007450290/2016-mazda-cx-9-ltd-2-5pt-4wd-6at-station-wagon?referringPage=SearchResults
Ford,Endura,2018,No,$0,"64,003",," Left Side Damage, Right Side Damage, Structural Damage, Selling De-Registered","Automatic,",5,Diesel,https://manheim.co.nz/damaged-vehicles/000000000007450296/2018-ford-endura-st-line-2-0d-4wd-6a-station-wagon?referringPage=SearchResults
Mazda,Demio,2007,Yes,$0,"178,997",," Front Damage, Glass Broken, Right Rear Damage, Vandalised - Interior, Stolen & Recovered, Selling Registered","Automatic,",5,Petrol,https://manheim.co.nz/damaged-vehicles/000000000007450316/2007-mazda-demio-hatch?referringPage=SearchResults
Toyota,Previa,2005,No,$0,N/A,," Front Damage, Structural Damage, Selling De-Registered",N/A,8,Petrol,https://manheim.co.nz/damaged-vehicles/000000000007450317/2005-toyota-previa-2-4p-wagon-4a-station-wagon?referringPage=SearchResults
LDV,G10,2024,No,N/A,"123,432",," Rear Damage, Structural Damage, Selling De-Registered","Automatic,",5,Diesel,https://manheim.co.nz/damaged-vehicles/000000000007440315/2024-ldv-g10-cargo-diesel-auto-2-van?referringPage=SearchResults
Nissan,Tiida,2006,No,$0,"190,508",," Front Damage, Left Front Damage, Left Rear Damage, Right Front Damage, Airbags Deployed, Structural Damage, Selling De-Registered","Automatic,",5,Petrol,https://manheim.co.nz/damaged-vehicles/000000000007450320/2006-nissan-tiida-hatch?referringPage=SearchResults
Nissan,Tiida,2007,Yes,$0,N/A,," Interior Damage, Ignition Damage, Left Side Damage, Right Side Damage, Vandalised - Interior, Stolen & Recovered, Selling Registered",N/A,5,Petrol,https://manheim.co.nz/damaged-vehicles/000000000007440389/2007-nissan-tiida-latio-hatch?referringPage=SearchResults
Honda,Civic,2004,No,$0,N/A,," Left Side Damage, Structural Damage, Selling De-Registered",N/A,5,Petrol,https://manheim.co.nz/damaged-vehicles/000000000007450391/2004-honda-civic-sedan?referringPage=SearchResults
Suzuki,Swift,2009,No,$0,"91,596",," Front Damage, Structural Damage, Selling De-Registered","5spd Automatic,",5,Petrol,https://manheim.co.nz/damaged-vehicles/000000000007450418/2009-suzuki-swift-glxha2-1-5-5dr-hatch?referringPage=SearchResults
Mazda,Premacy,2008,No,$0,N/A,," Airbags Deployed, Front Damage, Airbags Deployed, Structural Damage, Selling De-Registered",N/A,7,Petrol,https://manheim.co.nz/damaged-vehicles/000000000007450422/2008-mazda-premacy-2000-station-wagon?referringPage=SearchResults
Nissan,Leaf,2024,No,N/A,"22,675",," Left Front Damage, Right Front Damage, Right Side Damage, Airbags Deployed, Structural Damage, Selling De-Registered","Automatic,",5,Electric,https://manheim.co.nz/damaged-vehicles/000000000007450440/2024-nissan-leaf-leaf-60kwh-ev-fd-hatch?referringPage=SearchResults
Toyota,Corolla,2008,Yes,$0,N/A,," Glass Broken, Ignition Damage, Stolen & Recovered, Selling Registered","Automatic,",5,Petrol,https://manheim.co.nz/damaged-vehicles/000000000007450463/2008-toyota-corolla-fielder-station-wagon?referringPage=SearchResults
Mitsubishi,Mirage,2012,No,$0,"206,706",," Rear Damage, Structural Damage, Selling De-Registered",N/A,5,Petrol,https://manheim.co.nz/damaged-vehicles/000000000007450466/2012-mitsubishi-mirage-hatch?referringPage=SearchResults
Mazda,Demio,1997,No,$0,"358,567",," Left Rear Damage, Right Rear Damage, Selling De-Registered","Automatic,",5,Petrol,https://manheim.co.nz/damaged-vehicles/000000000007450467/1997-mazda-demio-hatch?referringPage=SearchResults
Nissan,Note,2017,No,$0,"102,646",," Left Front Damage, Left Rear Damage, Right Front Damage, Selling De-Registered","Automatic,",5,Petrol,https://manheim.co.nz/damaged-vehicles/000000000007430464/2017-nissan-note-hatch?referringPage=SearchResults
Audi,A3,2022,No,N/A,"48,913",, Selling De-Registered,"7spd Automatic,",5,Petrol,https://manheim.co.nz/damaged-vehicles/000000000007420500/2022-audi-a3-sedan?referringPage=SearchResults
Toyota,Corolla,2012,Yes,$0,"89,981",," Glass Broken, Ignition Damage, Left Front Damage, Left Rear Damage, Left Side Damage, Vandalised - Interior, Stolen & Recovered, Selling Registered","Automatic,",5,Petrol,https://manheim.co.nz/damaged-vehicles/000000000007450559/2012-toyota-corolla-fielder-station-wagon?referringPage=SearchResults
Honda,CRV,2004,No,$0,N/A,," Front Damage, Structural Damage, Selling De-Registered",N/A,5,Petrol,https://manheim.co.nz/damaged-vehicles/000000000007450561/2004-honda-crv-2-4l-4wd-station-wagon?referringPage=SearchResults
Mazda,Demio,2008,Yes,$0,N/A,," Right Side Damage, Vandalised - Interior, Stolen & Recovered, Selling Registered",N/A,5,Petrol,https://manheim.co.nz/damaged-vehicles/000000000007450609/2008-mazda-demio-hatch?referringPage=SearchResults
Honda,CRV Sport,2002,No,$0,N/A,," Front Damage, Structural Damage, Selling De-Registered",N/A,N/A,Petrol,https://manheim.co.nz/damaged-vehicles/000000000007450610/2002-honda-crv-sport-van?referringPage=SearchResults
Nissan,March,2000,No,$0,N/A,," Front Damage, Light Dmg, Structural Damage, Selling De-Registered","4spd Automatic,",5,Petrol,https://manheim.co.nz/damaged-vehicles/000000000007450611/2000-nissan-march-hatch?referringPage=SearchResults
Suzuki,Swift,2002,No,$0,"168,778",," Left Rear Damage, Rear Damage, Right Rear Damage, Structural Damage, Selling De-Registered","4spd Automatic,",5,Petrol,https://manheim.co.nz/damaged-vehicles/000000000007450637/2002-suzuki-swift-hatch?referringPage=SearchResults
Mazda,Demio,2007,Yes,$0,"110,561",," Ignition Damage, Stolen & Recovered, Selling Registered",N/A,5,Petrol,https://manheim.co.nz/damaged-vehicles/000000000007450679/2007-mazda-demio-hatch?referringPage=SearchResults
Toyota,Aqua,2013,Yes,N/A,N/A,," Front Damage, Glass Broken, Ignition Damage, Left Front Damage, Vandalised - Interior, Stolen & Recovered, Selling Registered","Automatic,",5,Hybrid,https://manheim.co.nz/damaged-vehicles/000000000007440816/2013-toyota-aqua-hatch?referringPage=SearchResults
Mercedes-Benz,A180,2013,No,$0,"128,276",," Front Damage, Left Side Damage, Structural Damage, Under Body Damage, Selling De-Registered","5spd Automatic,",5,Petrol,https://manheim.co.nz/damaged-vehicles/000000000007450870/2013-mercedes-benz-a180-hatch?referringPage=SearchResults
Hyundai,Sonata,2005,No,$0,"95,731",," Front Damage, Rear Damage, Structural Damage, Selling De-Registered","Automatic,",5,Petrol,https://manheim.co.nz/damaged-vehicles/000000000007450885/2005-hyundai-sonata-sedan?referringPage=SearchResults
Nissan,Elgrand,2013,No,$0,"145,578",," Rear Damage, Structural Damage, Selling De-Registered","Automatic,",8,Petrol,https://manheim.co.nz/damaged-vehicles/000000000007440892/2013-nissan-elgrand-station-wagon?referringPage=SearchResults
Kia,Sorento,2022,No,N/A,N/A,," Left Side Damage, Airbags Deployed, Structural Damage, Water Damage, Selling De-Registered",N/A,7,Diesel,https://manheim.co.nz/damaged-vehicles/000000000007440957/2022-kia-sorento-lx-2-2dt-4wd-8am-station-wagon?referringPage=SearchResults
BMW,640i,2015,No,$0,"88,991",," Front Damage, Structural Damage, Selling De-Registered",N/A,5,Petrol,https://manheim.co.nz/damaged-vehicles/000000000007440992/2015-bmw-640i-sedan?referringPage=SearchResults
Nissan,Bluebird,2009,No,$0,"208,078",," Front Damage, Rear Damage, Structural Damage, Selling De-Registered",N/A,5,Petrol,https://manheim.co.nz/damaged-vehicles/000000000007451042/2009-nissan-bluebird-slyphy-sedan?referringPage=SearchResults
Toyota,Belta,2005,Yes,$0,"134,446",," Front Damage, Glass Broken, Ignition Damage, Left Rear Damage, Right Rear Damage, Vandalised - Interior, Stolen & Recovered, Selling Registered","Automatic,",5,Petrol,https://manheim.co.nz/damaged-vehicles/000000000007451112/2005-toyota-belta-sedan?referringPage=SearchResults
Volkswagen,Polo,2012,No,$0,"117,475",," Left Rear Damage, Rear Damage, Right Front Damage, Right Rear Damage, Structural Damage, Selling De-Registered","Automatic,",5,Petrol,https://manheim.co.nz/damaged-vehicles/000000000007431202/2012-volkswagen-polo-77kw-tsi-7dsg-hatch?referringPage=SearchResults
Mazda,Axela,2004,No,$0,"237,246",," Left Front Damage, Left Rear Damage, Right Front Damage, Structural Damage, Selling De-Registered","Automatic,",5,Petrol,https://manheim.co.nz/damaged-vehicles/000000000007441235/2004-mazda-axela-hatch?referringPage=SearchResults
Suzuki,GSX250FRLL9,2021,No,$0,N/A,, Selling De-Registered,"Automatic,",N/A,Petrol,https://manheim.co.nz/damaged-vehicles/000000000007411314/2021-suzuki-gsx250frll9-motorcycle?referringPage=SearchResults
Toyota,Alphard,2015,No,N/A,"144,169",," Structural Damage, Selling De-Registered","Automatic,",8,Petrol,https://manheim.co.nz/damaged-vehicles/000000000007421395/2015-toyota-alphard-station-wagon?referringPage=SearchResults
LDV,T60,2019,No,N/A,"170,047",," Right Front Damage, Structural Damage, Selling De-Registered",N/A,5,Diesel,https://manheim.co.nz/damaged-vehicles/000000000007441402/2019-ldv-t60-4wd-mt-2-8dt-4wd-6m-dual-cab-utility?referringPage=SearchResults
Holden,Commodore,2017,No,$0,"306,206",," Front Damage, Left Front Damage, Right Front Damage, Structural Damage, Selling De-Registered","Automatic,",5,Petrol,https://manheim.co.nz/damaged-vehicles/000000000007431446/2017-holden-commodore-vf2-sv6-3-6p-6at-sedan?referringPage=SearchResults
Hyundai,Tucson,2017,No,$0,N/A,," Fire Damage, Interior Damage, Selling De-Registered","Automatic,",5,Petrol,https://manheim.co.nz/damaged-vehicles/000000000007441453/2017-hyundai-tucson-gdi-elite-2-0p-6at--station-wagon?referringPage=SearchResults
Toyota,Hiace,2012,No,N/A,N/A,," Front Damage, Left Front Damage, Structural Damage, Selling De-Registered","Automatic,",3,Diesel,https://manheim.co.nz/damaged-vehicles/000000000007431462/2012-toyota-hiace-zl-3-0td-4a-3-seat-van?referringPage=SearchResults
Peugeot,2008,2021,No,N/A,"84,591",," Front Damage, Airbags Deployed, Structural Damage, Selling De-Registered","9spd Automatic,",5,Petrol,https://manheim.co.nz/damaged-vehicles/000000000007441488/2021-peugeot-2008-allure-1-2pt-6at-touring?referringPage=SearchResults
Land Rover,Discovery,2007,No,$0,"193,190",," Roof Damage, Structural Damage, Water Damage, Selling De-Registered","Automatic,",7,Petrol,https://manheim.co.nz/damaged-vehicles/000000000007421498/2007-landrover-discovery-station-wagon?referringPage=SearchResults
Honda,S2000,1999,No,N/A,N/A,," Airbags Deployed, Front Damage, Right Side Damage, Airbags Deployed, Structural Damage, Selling De-Registered","Automatic,",2,Petrol,https://manheim.co.nz/damaged-vehicles/000000000007441532/1999-honda-s2000-sedan?referringPage=SearchResults
Toyota,Aqua,2016,No,$0,N/A,," Front Damage, Ignition Damage, Rear Damage, Structural Damage, Stolen & Recovered, Selling De-Registered","Automatic,",5,Hybrid,https://manheim.co.nz/damaged-vehicles/000000000007441557/2016-toyota-aqua-hybrid-hatch?referringPage=SearchResults
Mitsubishi,ASX,2021,No,$0,"66,819",," Front Damage, Airbags Deployed, Structural Damage, Selling De-Registered","Automatic,",5,Petrol,https://manheim.co.nz/damaged-vehicles/000000000007441570/2021-mitsubishi-asx-station-wagon?referringPage=SearchResults
Hyundai,Tucson,2019,Yes,N/A,"128,142",," Right Rear Damage, Right Side Damage, Selling Registered","6spd Automatic,",5,Petrol,https://manheim.co.nz/damaged-vehicles/000000000007441584/2019-hyundai-tucson-elite-mpi-2-0p-6at-station-wagon?referringPage=SearchResults
Toyota,86,2012,No,N/A,N/A,," Left Front Damage, Left Rear Damage, Right Front Damage, Selling De-Registered","6spd Automatic,",4,Petrol,https://manheim.co.nz/damaged-vehicles/000000000007451725/2012-toyota-86-coup%C3%A9?referringPage=SearchResults
Nissan,Cube,2010,No,$0,N/A,," Front Damage, Left Front Damage, Structural Damage, Accident Damage, Selling De-Registered",N/A,5,Petrol,https://manheim.co.nz/damaged-vehicles/000000000007421769/2010-nissan-cube-hatch?referringPage=SearchResults
Kia,Carnival,2025,No,N/A,N/A,," Chassis Damage, Rear Damage, Structural Damage, Selling De-Registered",N/A,8,Diesel,https://manheim.co.nz/damaged-vehicles/000000000007451781/2025-kia-carnival-ex-2-2dt-8at-station-wagon?referringPage=SearchResults
Toyota,Prius,2016,No,N/A,N/A,," Chassis Damage, Front Damage, Right Front Damage, Structural Damage, Selling De-Registered","Automatic,",5,Petrol,https://manheim.co.nz/damaged-vehicles/000000000007441819/2016-toyota-prius-hatch?referringPage=SearchResults
Ford,Ranger,2017,No,N/A,"408,916",," Front Damage, Left Front Damage, Left Rear Damage, Rear Damage, Right Front Damage, Structural Damage, Selling De-Registered","6spd Automatic,",5,Diesel,https://manheim.co.nz/damaged-vehicles/000000000007441853/2017-ford-ranger-xlt-double-cab-w-sa-dual-cab-utility?referringPage=SearchResults
Nissan,Vanette,2018,No,$0,N/A,," Structural Damage, Stolen & Recovered, Selling De-Registered","Automatic,",5,Petrol,https://manheim.co.nz/damaged-vehicles/000000000007441857/2018-nissan-vanette-utility?referringPage=SearchResults
Toyota,Aqua,2015,No,$0,N/A,," Rear Damage, Structural Damage, Selling De-Registered",N/A,5,Hybrid,https://manheim.co.nz/damaged-vehicles/000000000007411869/2015-toyota-aqua-hatch?referringPage=SearchResults
Fiat,Ducato,2023,No,N/A,"80,150",," Right Front Damage, Structural Damage, Selling De-Registered",N/A,3,N/A,https://manheim.co.nz/damaged-vehicles/000000000007411884/2023-fiat-ducato-series-2-295-ggt8-2-high-roof-van?referringPage=SearchResults
Mitsubishi,ASX,2025,No,$0,"8,514",," Front Damage, Airbags Deployed, Structural Damage, Selling De-Registered","Automatic,",5,Petrol,https://manheim.co.nz/damaged-vehicles/000000000007431891/2025-mitsubishi-asx-ls-2-0p-cvt-station-wagon?referringPage=SearchResults
Nissan,Terrano,1998,No,$0,N/A,," Fire Damage, Structural Damage, Stolen & Recovered, Selling De-Registered","5spd,",5,Diesel,https://manheim.co.nz/damaged-vehicles/000000000007431952/1998-nissan-terrano-g3mr-station-wagon?referringPage=SearchResults
Honda,Civic,2000,No,$0,"217,613",," Front Damage, Structural Damage, Selling De-Registered","Automatic,",5,Petrol,https://manheim.co.nz/damaged-vehicles/000000000007422096/2000-honda-civic-gli-sedan?referringPage=SearchResults
Mercedes-Benz,GLA180,2015,No,$0,N/A,," Left Front Damage, Left Side Damage, Structural Damage, Suspension Damage, Selling De-Registered","Automatic,",5,Petrol,https://manheim.co.nz/damaged-vehicles/000000000007442123/2015-mercedes-benz-gla180-station-wagon?referringPage=SearchResults
Subaru,Legacy,2009,No,$0,N/A,," Front Damage, Right Front Damage, Structural Damage, Selling De-Registered","5spd Automatic,",5,Petrol,https://manheim.co.nz/damaged-vehicles/000000000007432162/2009-subaru-legacy-station-wagon?referringPage=SearchResults
Audi,A3,2015,No,$0,"108,006",," Left Rear Damage, Right Front Damage, Right Rear Damage, Right Side Damage, Airbags Deployed, Structural Damage, Selling De-Registered","Automatic,",5,Petrol,https://manheim.co.nz/damaged-vehicles/000000000007442170/2015-audi-a3-station-wagon?referringPage=SearchResults
Ford,Ranger,2019,No,N/A,"85,350",," Right Front Damage, Airbags Deployed, Selling De-Registered",N/A,5,Diesel,https://manheim.co.nz/damaged-vehicles/000000000007422327/2019-ford-ranger-xlt-double-cab-w-s-dual-cab-utility?referringPage=SearchResults
Toyota,Aqua,2015,No,$0,"181,538",," Front Damage, Glass Broken, Ignition Damage, Rear Damage, Structural Damage, Stolen & Recovered, Selling De-Registered","Automatic,",5,Hybrid,https://manheim.co.nz/damaged-vehicles/000000000007442356/2015-toyota-aqua-hybrid-hatch?referringPage=SearchResults
Toyota,Aqua,2016,No,$0,"186,385",," Left Side Damage, Structural Damage, Suspension Damage, Selling De-Registered",N/A,5,Hybrid,https://manheim.co.nz/damaged-vehicles/000000000007442565/2016-toyota-aqua-hatch?referringPage=SearchResults
Toyota,Aqua,2014,No,$0,N/A,," Front Damage, Right Front Damage, Airbags Deployed, Structural Damage, Suspension Damage, Selling De-Registered","Automatic,",5,Hybrid,https://manheim.co.nz/damaged-vehicles/000000000007422565/2014-toyota-aqua-hybrid-hatch?referringPage=SearchResults
Nissan,Bluebird,2008,Yes,$0,N/A,," Right Side Damage, Selling Registered","Automatic,",5,Petrol,https://manheim.co.nz/damaged-vehicles/000000000007432590/2008-nissan-bluebird-sylphy-sedan?referringPage=SearchResults
Toyota,Prius,2012,No,$0,N/A,," Right Front Damage, Structural Damage, Selling De-Registered","Automatic,",5,Hybrid,https://manheim.co.nz/damaged-vehicles/000000000007412650/2012-toyota-prius-hatch?referringPage=SearchResults
Toyota,Crown,2013,No,$0,N/A,," Right Front Damage, Right Side Damage, Structural Damage, Suspension Damage, Selling De-Registered","Automatic,",5,Hybrid,https://manheim.co.nz/damaged-vehicles/000000000007412796/2013-toyota-crown-sedan?referringPage=SearchResults
Subaru,Impreza,2011,No,N/A,"171,403",," Rear Damage, Structural Damage, Selling De-Registered",N/A,5,Petrol,https://manheim.co.nz/damaged-vehicles/000000000007442836/2011-subaru-impreza-sedan-wrx-2-5-man-sedan?referringPage=SearchResults
Mazda,Capella,2001,Yes,$0,"116,434",," Glass Broken, Ignition Damage, Structural Damage, Stolen & Recovered, Selling Registered",N/A,5,Petrol,https://manheim.co.nz/damaged-vehicles/000000000007442839/2001-mazda-capella-sedan?referringPage=SearchResults
Holden,Equinox,2020,No,$0,"33,461",," Front Damage, Structural Damage, Selling De-Registered","Automatic,",5,Petrol,https://manheim.co.nz/damaged-vehicles/000000000007442868/2020-holden-equinox-ltz-2-0p-9at-2-0l-station-wagon?referringPage=SearchResults
BMW,X3,2022,No,N/A,"26,708",," Left Rear Damage, Structural Damage, Selling De-Registered","Automatic,",5,Diesel,https://manheim.co.nz/damaged-vehicles/000000000007422863/2022-bmw-x3-x20d-2-0dt-4wd-8at-touring?referringPage=SearchResults
Subaru,WRX,2014,No,N/A,N/A,," Structural Damage, Selling De-Registered","Automatic,",5,Petrol,https://manheim.co.nz/damaged-vehicles/000000000007442877/2014-subaru-wrx-s4-sedan?referringPage=SearchResults
Toyota,Vitz,2007,No,$0,"106,132",," Front Damage, Right Side Damage, Structural Damage, Selling De-Registered",N/A,5,Petrol,https://manheim.co.nz/damaged-vehicles/000000000007432911/2007-toyota-vitz-hatch?referringPage=SearchResults
BRIFORD,8X4 BBQ Shuttle,2015,No,$801,N/A,0," Structural Damage, Selling De-Registered",N/A,N/A,N/A,https://manheim.co.nz/damaged-vehicles/000000000007423005/2015-briford-8x4-bbq-shuttle-camper-trailer?referringPage=SearchResults
Toyota,Prius,2018,Yes,N/A,N/A,," Front Damage, Right Front Damage, Selling Registered",N/A,5,Hybrid,https://manheim.co.nz/damaged-vehicles/000000000007443010/2018-toyota-prius-hatch?referringPage=SearchResults
Mercedes-Benz,E550,2006,Yes,N/A,"143,910",, Selling Registered,N/A,5,Petrol,https://manheim.co.nz/damaged-vehicles/000000000007453076/2006-mercedes-benz-e550-sedan?referringPage=SearchResults
Subaru,Impreza,2008,No,$0,N/A,," Front Damage, Structural Damage, Selling De-Registered",N/A,5,Petrol,https://manheim.co.nz/damaged-vehicles/000000000007453078/2008-subaru-impreza-hatch-2-0r-sport-au-hatch?referringPage=SearchResults
Honda,fit,2013,No,$0,"173,849",," Right Side Damage, Structural Damage, Selling De-Registered",N/A,5,Hybrid,https://manheim.co.nz/damaged-vehicles/000000000007413109/2013-honda-fit-hatch?referringPage=SearchResults
Volkswagen,Tiguan,2023,Yes,N/A,"61,733",," Engine Damage, Selling Registered","Automatic,",7,Petrol,https://manheim.co.nz/damaged-vehicles/000000000007413194/2023-volkswagen-tiguan-allspace-style-awd-station-wagon?referringPage=SearchResults
Toyota,Highlander,2017,No,N/A,"98,840",," Front Damage, Structural Damage, Selling De-Registered",N/A,7,Petrol,https://manheim.co.nz/damaged-vehicles/000000000007433190/2017-toyota-highlander-limited-3-5p-4wd-8a-station-wagon?referringPage=SearchResults
Ford,Transit,2016,No,$0,"199,318",," Left Front Damage, Left Side Damage, Right Front Damage, Right Side Damage, Dismantled - Interior","Manual,",3,Diesel,https://manheim.co.nz/damaged-vehicles/000000000007433322/2016-ford-transit-350l-lwb-van-2-2d-6-van?referringPage=SearchResults
Toyota,Hiace,2008,No,N/A,"292,799",," Airbags Deployed, Front Damage, Left Side Damage, Structural Damage, Selling De-Registered","Automatic,",3,Petrol,https://manheim.co.nz/damaged-vehicles/000000000007443473/2008-toyota-hiace-van?referringPage=SearchResults
Hyundai,Tucson,2025,No,N/A,N/A,," Fire Damage, Water Damage, Selling De-Registered","Automatic,",5,Hybrid,https://manheim.co.nz/damaged-vehicles/000000000007443480/2025-hyundai-tucson-1-6t-hev-active-awd-station-wagon?referringPage=SearchResults
Toyota,Aqua,2012,No,$0,"43,756",," Right Front Damage, Structural Damage, Selling De-Registered",N/A,5,Hybrid,https://manheim.co.nz/damaged-vehicles/000000000007423492/2012-toyota-aqua-hatch?referringPage=SearchResults
Ford,Ranger,2021,No,N/A,N/A,," Front Damage, Airbags Deployed, Structural Damage, Selling De-Registered","Automatic,",5,Diesel,https://manheim.co.nz/damaged-vehicles/000000000007433558/2021-ford-ranger-wildtrak-x-2-0d-4wd-dual-cab-utility?referringPage=SearchResults
Holden,Trax,2016,No,$0,"91,061",," Left Rear Damage, Structural Damage, Selling De-Registered","Automatic,",5,Petrol,https://manheim.co.nz/damaged-vehicles/000000000007433560/2016-holden-trax-ls-1-8p-6at-sw-4dr--station-wagon?referringPage=SearchResults
Volkswagen,Tiguan,2012,Yes,N/A,N/A,, Selling Registered,N/A,5,Diesel,https://manheim.co.nz/damaged-vehicles/000000000007443569/2012-volkswagen-tiguan-tdi-103kw-7dsg-hatch?referringPage=SearchResults
Toyota,Hilux,2016,No,N/A,N/A,," Chassis Damage, Left Side Damage, Rear Damage, Structural Damage, Selling De-Registered","Automatic,",5,Diesel,https://manheim.co.nz/damaged-vehicles/000000000007443578/2016-toyota-hilux-sr-td-dc-2-8d-4wd-6-dual-cab-utility?referringPage=SearchResults
Toyota,Hilux,2019,Yes,N/A,N/A,," Stolen & Recovered, Selling Registered",N/A,N/A,Diesel,https://manheim.co.nz/damaged-vehicles/000000000007433578/2019-toyota-hilux-sr5-cruiser-td-dc-2-utility?referringPage=SearchResults
Mazda,CX-30,2024,No,N/A,N/A,," Structural Damage, Water Damage, Selling De-Registered","Automatic,",5,Petrol,https://manheim.co.nz/damaged-vehicles/000000000007443601/2024-mazda-cx-30-gsx-ptr-2-0p-6at-station-wagon?referringPage=SearchResults
Mazda,CX-30,2025,No,N/A,N/A,," Structural Damage, Water Damage, Selling De-Registered","Automatic,",5,Petrol,https://manheim.co.nz/damaged-vehicles/000000000007443602/2025-mazda-cx-30-gsx-ptr-2-0p-6at-station-wagon?referringPage=SearchResults
DONGFENG,007 Long Range 70kwh/ev Saloo,2026,No,N/A,710,," Chassis Damage, Right Rear Damage, Structural Damage, Selling De-Registered","Automatic, Fuel Type, Electri",5,Electric,https://manheim.co.nz/damaged-vehicles/000000000007443629/2026-dongfeng-007-long-range-70kwh-ev-saloo-sedan?referringPage=SearchResults
Toyota,Corolla,2016,No,N/A,"194,548",," Front Damage, Structural Damage, Selling De-Registered","Automatic,",5,Hybrid,https://manheim.co.nz/damaged-vehicles/000000000007443673/2016-toyota-corolla-fielder-station-wagon?referringPage=SearchResults
Toyota,Aqua,2017,Yes,N/A,N/A,," Right Side Damage, Vandalised - Interior, Stolen & Recovered, Selling Registered","Automatic,",5,Hybrid,https://manheim.co.nz/damaged-vehicles/000000000007443715/2017-toyota-aqua-hatch?referringPage=SearchResults
LDV,T60,2021,No,N/A,"137,860",," Structural Damage, Under Body Damage, Selling De-Registered",N/A,5,N/A,https://manheim.co.nz/damaged-vehicles/000000000007433761/2021-ldv-t60-4wd-at-2-8dt-4wd-6a-dual-cab-utility?referringPage=SearchResults
Mitsubishi,Lancer,2003,No,$0,"199,479",," Front Damage, Structural Damage, Selling De-Registered","Automatic,",5,Petrol,https://manheim.co.nz/damaged-vehicles/000000000007433829/2003-mitsubishi-lancer-station-wagon?referringPage=SearchResults
Nissan,Tiida,2006,No,$0,"112,664",," Front Damage, Structural Damage, Selling De-Registered",N/A,5,Petrol,https://manheim.co.nz/damaged-vehicles/000000000007423821/2006-nissan-tiida-sedan?referringPage=SearchResults
Isuzu,D-max,2019,No,N/A,"231,798",," Left Side Damage, Right Side Damage, Airbags Deployed, Structural Damage, Selling De-Registered","Automatic,",5,Diesel,https://manheim.co.nz/damaged-vehicles/000000000007443840/2019-isuzu-d-max-ls-s-dc-3-0d-4wd-6a-dual-cab-utility?referringPage=SearchResults
Ford,Ranger,2016,No,N/A,"238,455",," Airbags Deployed, Underbody Damage, Structural Damage, Selling De-Registered","Automatic,",5,Diesel,https://manheim.co.nz/damaged-vehicles/000000000007443853/2016-ford-ranger-xlt-double-cab-w-s-dual-cab-utility?referringPage=SearchResults
BMW,Mini,2015,No,$0,"129,180",," Front Damage, Right Side Damage, Structural Damage, Selling De-Registered","Manual,",5,Petrol,https://manheim.co.nz/damaged-vehicles/000000000007433864/2015-bmw-mini-crossover-hatch?referringPage=SearchResults
Mitsubishi,Pajero Sport,2018,Yes,N/A,"270,286",," Right Rear Damage, Selling Registered","8spd Automatic,",7,Diesel,https://manheim.co.nz/damaged-vehicles/000000000007413867/2018-mitsubishi-pajero-sport-xls-2-4d-4wd-8at-station-wagon?referringPage=SearchResults
Mitsubishi,Colt,2010,No,$0,N/A,," Front Damage, Structural Damage, Selling De-Registered",N/A,5,Petrol,https://manheim.co.nz/damaged-vehicles/000000000007433945/2010-mitsubishi-colt-hatch?referringPage=SearchResults
Audi,Q5,2021,No,N/A,"53,530",," Interior Damage, Water Damage, Selling De-Registered",N/A,5,Petrol,https://manheim.co.nz/damaged-vehicles/000000000007443966/2021-audi-q5-45-tfsi-q-183kw-2-0-station-wagon?referringPage=SearchResults
Mitsubishi,ASX,2026,No,N/A,"14,635",," Right Front Damage, Right Side Damage, Selling De-Registered","CVT,",5,Petrol,https://manheim.co.nz/damaged-vehicles/000000000007414075/2026-mitsubishi-asx-ls-2-0p-cvt-station-wagon?referringPage=SearchResults
Renault,Captur,2020,No,$0,"85,488",," Structural Damage, Selling De-Registered","Automatic,",5,Petrol,https://manheim.co.nz/damaged-vehicles/000000000007444126/2020-renault-captur-dynamique-1-2p-6am-hatch?referringPage=SearchResults
Suzuki,Swift Hatachback,2004,No,$0,N/A,," Right Front Damage, Structural Damage, Selling De-Registered","Automatic,",5,Petrol,https://manheim.co.nz/damaged-vehicles/000000000007444129/2004-suzuki-swift-hatachback-hatch?referringPage=SearchResults
Citroen,C3,2018,No,$0,"33,662",," Right Front Damage, Right Rear Damage, Right Side Damage, Dismantled - Interior, Structural Damage, Selling De-Registered","Automatic,",5,Petrol,https://manheim.co.nz/damaged-vehicles/000000000007434127/2018-citroen-c3-aircross-shine-1-2p-hatch?referringPage=SearchResults
Toyota,Yaris,2008,No,$0,"199,823",," Front Damage, Structural Damage, Selling De-Registered","Automatic,",5,Petrol,https://manheim.co.nz/damaged-vehicles/000000000007444132/2008-toyota-yaris-1-3p-hatch5-4a-hatch?referringPage=SearchResults
Mazda,Premacy,2007,No,$0,"256,706",," Rear Damage, Right Rear Damage, Structural Damage, Selling De-Registered","Automatic,",7,Petrol,https://manheim.co.nz/damaged-vehicles/000000000007434161/2007-mazda-premacy-station-wagon?referringPage=SearchResults
Ford,Ranger,2012,Yes,N/A,"229,869",, Selling Registered,"6spd Manual,",5,Diesel,https://manheim.co.nz/damaged-vehicles/000000000007444178/2012-ford-ranger-3-2td-dual-cab-utility?referringPage=SearchResults
Suzuki,Swift,2008,No,$0,"175,372",," Right Rear Damage, Right Side Damage, Structural Damage, Selling De-Registered","Automatic,",5,Petrol,https://manheim.co.nz/damaged-vehicles/000000000007444196/2008-suzuki-swift-hatch?referringPage=SearchResults
Hyundai,I40,2016,No,$0,N/A,," Right Rear Damage, Structural Damage, Selling De-Registered",N/A,5,Petrol,https://manheim.co.nz/damaged-vehicles/000000000007444197/2016-hyundai-i40-wagon-2-0-a6-station-wagon?referringPage=SearchResults
Toyota,Corolla,1999,No,$0,"292,982",," Left Rear Damage, Structural Damage, Selling De-Registered","Automatic,",5,Petrol,https://manheim.co.nz/damaged-vehicles/000000000007444200/1999-toyota-corolla-xe-saloon-sedan?referringPage=SearchResults
Honda,fit,2005,No,$0,"194,332",," Front Damage, Structural Damage, Selling De-Registered",N/A,5,Petrol,https://manheim.co.nz/damaged-vehicles/000000000007444208/2005-honda-fit-hatch?referringPage=SearchResults
Holden,Colorado,2016,No,N/A,"218,924",," Front Damage, Right Side Damage, Structural Damage, Selling De-Registered","Automatic,",5,Diesel,https://manheim.co.nz/damaged-vehicles/000000000007444210/2016-holden-colorado-lt-dc-pu-2-8dt-4wd-dual-cab-chassis?referringPage=SearchResults
Toyota,Corolla ZR 1.8P/CVT Saloon,2017,No,N/A,N/A,," Front Damage, Right Side Damage, Structural Damage, Selling De-Registered","Automatic,",5,Petrol,https://manheim.co.nz/damaged-vehicles/000000000007444217/2017-toyota-corolla-zr-1-8p-cvt-saloon-sedan?referringPage=SearchResults
RAM,1500,2022,No,N/A,"123,052",," Rear Damage, Structural Damage, Selling De-Registered",N/A,5,Petrol,https://manheim.co.nz/damaged-vehicles/000000000007444219/2022-ram-1500-dt-1500-laramie-5-7-dual-cab-utility?referringPage=SearchResults
Hyundai,Lavita,2005,No,$0,"142,718",," Front Damage, Hard Hit, Structural Damage, Selling De-Registered",N/A,5,Petrol,https://manheim.co.nz/damaged-vehicles/000000000007444223/2005-hyundai-lavita-1-8-gls-5d-a4-hatch?referringPage=SearchResults
Hyundai,Ioniq 5,2022,No,N/A,N/A,," Airbags Deployed, Chassis Damage, Front Damage, Airbags Deployed, Structural Damage, Selling De-Registered",N/A,5,Electric,https://manheim.co.nz/damaged-vehicles/000000000007444226/2022-hyundai-ioniq-5-125kw-ev-fd-station-wagon?referringPage=SearchResults
Toyota,Hilux,1995,No,$0,"361,160",," Rolled, Structural Damage, Selling De-Registered","Automatic,",5,Diesel,https://manheim.co.nz/damaged-vehicles/000000000007444227/1995-toyota-hilux-station-wagon?referringPage=SearchResults
Mazda,Axela,2014,No,$0,N/A,," Right Front Damage, Structural Damage, Selling De-Registered","Automatic,",5,Petrol,https://manheim.co.nz/damaged-vehicles/000000000007444233/2014-mazda-axela-hatch?referringPage=SearchResults
BMW,Mini Cooper,2007,No,$0,"119,522",," Left Side Damage, Airbags Deployed, Structural Damage, Selling De-Registered",N/A,4,Petrol,https://manheim.co.nz/damaged-vehicles/000000000007444234/2007-bmw-mini-cooper-s-hatch?referringPage=SearchResults
Mazda,MPV,2005,No,$0,1,," Fire Damage, Structural Damage, Stolen & Recovered, Selling De-Registered",N/A,7,Petrol,https://manheim.co.nz/damaged-vehicles/000000000007444238/2005-mazda-mpv-station-wagon?referringPage=SearchResults
Toyota,Aqua,2013,No,$0,N/A,," Front Damage, Right Side Damage, Structural Damage, Selling De-Registered","Automatic,",5,Hybrid,https://manheim.co.nz/damaged-vehicles/000000000007424237/2013-toyota-aqua-hatch?referringPage=SearchResults
Honda,Insight,2011,No,$0,N/A,," Front Damage, Structural Damage, Selling De-Registered",N/A,5,Petrol,https://manheim.co.nz/damaged-vehicles/000000000007444241/2011-honda-insight-s-1-3p-cvt-hatch?referringPage=SearchResults
Ssangyong,Korando,2014,No,$0,N/A,," Left Side Damage, Structural Damage, Selling De-Registered","Automatic,",5,Petrol,https://manheim.co.nz/damaged-vehicles/000000000007444244/2014-ssangyong-korando-petrol-auto-limited-station-wagon?referringPage=SearchResults
Toyota,Hiace,2008,No,N/A,"460,986",," Front Damage, Rear Damage, Structural Damage, Selling De-Registered",N/A,3,Diesel,https://manheim.co.nz/damaged-vehicles/000000000007444249/2008-toyota-hiace-panel-van?referringPage=SearchResults
Toyota,Estima,2008,No,$0,"203,396",," Rear Damage, Structural Damage, Selling De-Registered","Automatic,",7,Hybrid,https://manheim.co.nz/damaged-vehicles/000000000007444259/2008-toyota-estima-e-four-g-station-wagon?referringPage=SearchResults
Nissan,Qashqai,2021,No,N/A,N/A,," Front Damage, Structural Damage, Selling De-Registered",N/A,5,Petrol,https://manheim.co.nz/damaged-vehicles/000000000007444265/2021-nissan-qashqai-ti-2-0p-cvt-station-wagon?referringPage=SearchResults
Mazda,Demio,2007,No,$0,"232,647",," Rear Damage, Structural Damage, Selling De-Registered","Automatic,",5,Petrol,https://manheim.co.nz/damaged-vehicles/000000000007444267/2007-mazda-demio-hatch?referringPage=SearchResults
BMW,Mini,2006,No,$0,N/A,," Chassis Damage, Front Damage, Structural Damage, Selling De-Registered",N/A,4,Petrol,https://manheim.co.nz/damaged-vehicles/000000000007444272/2006-bmw-mini-cooper-s-hatch?referringPage=SearchResults
Nissan,Note,2013,No,$0,N/A,," Chassis Damage, Front Damage, Glass Broken, Right Front Damage, Structural Damage, Selling De-Registered",N/A,5,Petrol,https://manheim.co.nz/damaged-vehicles/000000000007444277/2013-nissan-note-hatch?referringPage=SearchResults
Kia,Sportage,2023,No,N/A,"31,216",," Rear Damage, Right Rear Damage, Structural Damage, Selling De-Registered",N/A,5,Petrol,https://manheim.co.nz/damaged-vehicles/000000000007444291/2023-kia-sportage-x-line-1-6pt-4wd-7a-station-wagon?referringPage=SearchResults
Toyota,Aqua,2014,No,$0,"164,727",," Right Front Damage, Structural Damage, Selling De-Registered","CVT,",5,Hybrid,https://manheim.co.nz/damaged-vehicles/000000000007444310/2014-toyota-aqua-hatch?referringPage=SearchResults
Daihatsu,Boon,2006,No,$0,N/A,," Rear Damage, Structural Damage, Selling De-Registered",N/A,5,Petrol,https://manheim.co.nz/damaged-vehicles/000000000007444316/2006-daihatsu-boon-hatch?referringPage=SearchResults
TRAILER,Domestic Trailer,1999,No,$400,N/A,0," Structural Damage, Selling De-Registered",N/A,N/A,N/A,https://manheim.co.nz/damaged-vehicles/000000000007434315/1999-trailer-domestic-trailer-trailer--box-domestic-?referringPage=SearchResults
Mazda,Axela,2013,No,$0,"296,215",," Left Front Damage, Right Front Damage, Airbags Deployed, Structural Damage, Selling De-Registered","Automatic,",5,Hybrid,https://manheim.co.nz/damaged-vehicles/000000000007444343/2013-mazda-axela-sedan?referringPage=SearchResults
Suzuki,Solio,2015,No,$0,N/A,," Rolled, Dismantled - Entire Vehicle, Structural Damage, Selling De-Registered",N/A,4,Petrol,https://manheim.co.nz/damaged-vehicles/000000000007444361/2015-suzuki-solio-station-wagon?referringPage=SearchResults
Toyota,Aqua,2013,No,$0,"132,202",," Front Damage, Rear Damage, Structural Damage, Selling De-Registered",N/A,5,Hybrid,https://manheim.co.nz/damaged-vehicles/000000000007444371/2013-toyota-aqua-hatch?referringPage=SearchResults
Ford,Mondeo,2016,No,$0,"206,505",," Front Damage, Roof Damage, Structural Damage, Selling De-Registered",N/A,5,Petrol,https://manheim.co.nz/damaged-vehicles/000000000007444372/2016-ford-mondeo-titanium-5dr-petrol-hatch?referringPage=SearchResults
Alfa Romeo,156,2004,No,$0,"113,397",," Front Damage, Structural Damage, Selling De-Registered",N/A,5,Petrol,https://manheim.co.nz/damaged-vehicles/000000000007444381/2004-alfa-romeo-156-2-5-v6-q-system-sedan?referringPage=SearchResults
Toyota,Aqua,2016,No,$0,N/A,," Airbags Deployed, Front Damage, Right Side Damage, Structural Damage, Selling De-Registered","Automatic,",5,Hybrid,https://manheim.co.nz/damaged-vehicles/000000000007444385/2016-toyota-aqua-hatch?referringPage=SearchResults
Mitsubishi,Colt,2010,No,$0,N/A,," Airbags Deployed, Front Damage, Left Front Damage, Right Front Damage, Airbags Deployed, Structural Damage, Selling De-Registered","Automatic,",5,Petrol,https://manheim.co.nz/damaged-vehicles/000000000007444472/2010-mitsubishi-colt-plus-hatch?referringPage=SearchResults
MINI,Cooper,2010,No,$0,N/A,," Right Rear Damage, Structural Damage, Suspension Damage, Selling De-Registered","Automatic,",4,Petrol,https://manheim.co.nz/damaged-vehicles/000000000007444475/2010-mini-cooper-hatch?referringPage=SearchResults
BMW,325i,2007,No,$0,N/A,," Engine Damage, Interior Damage, Water Damage, Selling De-Registered","Automatic,",5,Petrol,https://manheim.co.nz/damaged-vehicles/000000000007444476/2007-bmw-325i-touring?referringPage=SearchResults
Toyota,Vitz,2008,No,$0,N/A,," Ignition Damage, Left Front Damage, Right Rear Damage, Vandalised - Interior, Stolen & Recovered, Selling De-Registered","Automatic,",5,Petrol,https://manheim.co.nz/damaged-vehicles/000000000007444477/2008-toyota-vitz-hatch?referringPage=SearchResults
Isuzu,Bighorn,1997,No,$0,"226,432",," Left Front Damage, Left Rear Damage, Left Side Damage, Right Front Damage, Structural Damage, Selling De-Registered","Automatic,",7,Diesel,https://manheim.co.nz/damaged-vehicles/000000000007444479/1997-isuzu-bighorn-station-wagon?referringPage=SearchResults
Toyota,Aqua,2017,No,$0,N/A,," Front Damage, Right Rear Damage, Structural Damage, Selling De-Registered","CVT,",5,Hybrid,https://manheim.co.nz/damaged-vehicles/000000000007444500/2017-toyota-aqua-hatch?referringPage=SearchResults
Toyota,Prius,2019,No,N/A,"197,430",," Front Damage, Structural Damage, Selling De-Registered","CVT,",5,Hybrid,https://manheim.co.nz/damaged-vehicles/000000000007444503/2019-toyota-prius-hybrid-hatch?referringPage=SearchResults
Mazda,Demio,2016,No,$0,N/A,," Front Damage, Rear Damage, Right Front Damage, Structural Damage, Selling De-Registered","Automatic,",5,Petrol,https://manheim.co.nz/damaged-vehicles/000000000007444505/2016-mazda-demio-hatch?referringPage=SearchResults
Holden,UTE,2004,No,$0,N/A,," Left Front Damage, Right Front Damage, Vandalised - Interior, Selling De-Registered","Automatic,",2,Petrol,https://manheim.co.nz/damaged-vehicles/000000000007444517/2004-holden-ute-s-v8-utility?referringPage=SearchResults
Toyota,Auris,2006,No,$0,"89,729",," Front Damage, Left Front Damage, Left Side Damage, Right Front Damage, Structural Damage, Selling De-Registered","Automatic,",5,Petrol,https://manheim.co.nz/damaged-vehicles/000000000007444525/2006-toyota-auris-hatch?referringPage=SearchResults
Toyota,Kluger,2004,Yes,$0,"274,073",," Ignition Damage, Left Front Damage, Stolen & Recovered, Selling Registered","Automatic,",5,Petrol,https://manheim.co.nz/damaged-vehicles/000000000007444528/2004-toyota-kluger-station-wagon?referringPage=SearchResults
Mazda,MAZDA6,2014,No,$0,"337,942",," Left Rear Damage, Rear Damage, Right Rear Damage, Structural Damage, Selling De-Registered","Automatic,",5,Petrol,https://manheim.co.nz/damaged-vehicles/000000000007444530/2014-mazda-mazda6-gsx-pt-2-5p-6at-sw--station-wagon?referringPage=SearchResults
Ford,Falcon,2002,No,$0,N/A,," Left Front Damage, Left Rear Damage, Right Front Damage, Right Rear Damage, Selling De-Registered","Automatic,",5,Petrol,https://manheim.co.nz/damaged-vehicles/000000000007444538/2002-ford-falcon-auiii-xr6-4fa-sedan?referringPage=SearchResults
Subaru,Legacy,2005,No,$0,N/A,," Front Damage, Structural Damage, Selling De-Registered",N/A,N/A,Petrol,https://manheim.co.nz/damaged-vehicles/000000000007444556/2005-subaru-legacy-gt-station-wagon?referringPage=SearchResults
Ford,Falcon,1999,Yes,$0,N/A,," Left Rear Damage, Roof Damage, Right Rear Damage, Dismantled - Interior, Selling Registered","Automatic,",5,Petrol,https://manheim.co.nz/damaged-vehicles/000000000007444561/1999-ford-falcon-au-xr6-vct-a-sedan?referringPage=SearchResults
Hyundai,I30,2023,No,N/A,"78,884",," Water Damage, Selling De-Registered","Automatic,",5,Petrol,https://manheim.co.nz/damaged-vehicles/000000000007444565/2023-hyundai-i30-2-0-gdi-active-seri-hatch?referringPage=SearchResults
Hyundai,Staria,2023,No,N/A,"79,062",," Water Damage, Selling De-Registered","Automatic,",8,Diesel,https://manheim.co.nz/damaged-vehicles/000000000007444572/2023-hyundai-staria-2-2dt-8at-station-wagon?referringPage=SearchResults
Hyundai,i30,2023,No,N/A,"79,708",," Water Damage, Selling De-Registered","Automatic,",5,Petrol,https://manheim.co.nz/damaged-vehicles/000000000007444579/2023-hyundai-i30-hatch?referringPage=SearchResults
Mazda,Bongo,2011,No,$0,"192,876",," Rear Damage, Structural Damage, Selling De-Registered","5spd Automatic,",5,Petrol,https://manheim.co.nz/damaged-vehicles/000000000007424572/2011-mazda-bongo-van?referringPage=SearchResults
Mazda,3,2008,Yes,$0,"220,338",," Right Front Damage, Selling Registered","Automatic,",5,Petrol,https://manheim.co.nz/damaged-vehicles/000000000007444583/2008-mazda-3-station-wagon?referringPage=SearchResults
Mazda,Demio,2004,No,$0,N/A,," Structural Damage, Stolen & Recovered, Selling De-Registered","Automatic,",5,Petrol,https://manheim.co.nz/damaged-vehicles/000000000007444585/2004-mazda-demio-hatch?referringPage=SearchResults
Mazda,Axela,2014,No,$0,N/A,," Fire Damage, Structural Damage, Stolen & Recovered, Selling De-Registered","Automatic,",5,Petrol,https://manheim.co.nz/damaged-vehicles/000000000007444586/2014-mazda-axela-hatch?referringPage=SearchResults
Honda,Accord,2015,No,$0,N/A,," Airbags Deployed, Left Front Damage, Left Side Damage, Structural Damage, Suspension Damage, Selling De-Registered",N/A,5,Hybrid,https://manheim.co.nz/damaged-vehicles/000000000007444590/2015-honda-accord-hybrid-sedan?referringPage=SearchResults
Toyota,Allex,2001,No,$0,N/A,," Right Front Damage, Structural Damage, Selling De-Registered",N/A,5,Petrol,https://manheim.co.nz/damaged-vehicles/000000000007444599/2001-toyota-allex-hatch?referringPage=SearchResults
Mitsubishi,ASX,2022,No,$0,N/A,," Chassis Damage, Front Damage, Airbags Deployed, Structural Damage, Selling De-Registered","Automatic,",5,Petrol,https://manheim.co.nz/damaged-vehicles/000000000007444603/2022-mitsubishi-asx-ls-2-0p-cvt-station-wagon?referringPage=SearchResults
Ford,Falcon,2003,No,$0,N/A,," Left Front Damage, Left Rear Damage, Roof Damage, Right Front Damage, Right Rear Damage, Selling De-Registered","Automatic,",5,Petrol,https://manheim.co.nz/damaged-vehicles/000000000007444606/2003-ford-falcon-ba-falcon-xt-fa-sedan?referringPage=SearchResults
Toyota,RAV4,2007,No,$0,"199,078",," Rear Damage, Structural Damage, Selling De-Registered",N/A,5,Petrol,https://manheim.co.nz/damaged-vehicles/000000000007444607/2007-toyota-rav4-station-wagon?referringPage=SearchResults
Toyota,Wish,2006,No,$0,"209,691",," Left Rear Damage, Roof Damage, Rolled, Right Side Damage, Structural Damage, Selling De-Registered","Automatic,",7,Petrol,https://manheim.co.nz/damaged-vehicles/000000000007444614/2006-toyota-wish-station-wagon?referringPage=SearchResults
Mercedes-Benz,E,2018,No,N/A,"71,560",," Left Side Damage, Rear Damage, Structural Damage, Selling De-Registered",N/A,5,Hybrid,https://manheim.co.nz/damaged-vehicles/000000000007444617/2018-mercedes-benz-e-350e-sedan?referringPage=SearchResults
Holden,VX Commodore,2001,No,$0,N/A,," Left Front Damage, Left Rear Damage, Right Front Damage, Airbags Deployed, Selling De-Registered","Automatic,",5,Petrol,https://manheim.co.nz/damaged-vehicles/000000000007444621/2001-holden-vx-commodore-5-7-berlina-wagon-a-station-wagon?referringPage=SearchResults
MCC,Smart Coupe,2001,No,$0,"114,798",," Front Damage, Structural Damage, Selling De-Registered","Automatic,",2,Petrol,https://manheim.co.nz/damaged-vehicles/000000000007444631/2001-mcc-smart-coupe-hatch?referringPage=SearchResults
Holden,Epica,2007,No,$0,N/A,," Right Rear Damage, Right Side Damage, Structural Damage, Selling De-Registered",N/A,5,Petrol,https://manheim.co.nz/damaged-vehicles/000000000007444632/2007-holden-epica-cdx-auto-sedan?referringPage=SearchResults
Toyota,Corolla,2014,No,$0,"33,329",," Right Side Damage, Structural Damage, Selling De-Registered",N/A,5,Hybrid,https://manheim.co.nz/damaged-vehicles/000000000007444636/2014-toyota-corolla-axio-sedan?referringPage=SearchResults
Mazda,Familia,2000,No,$0,N/A,," Front Damage, Structural Damage, Selling De-Registered","5spd Manual,",5,Petrol,https://manheim.co.nz/damaged-vehicles/000000000007444639/2000-mazda-familia-sport-20-station-wagon?referringPage=SearchResults
Toyota,Prius,2012,No,$0,"189,885",," Left Side Damage, Structural Damage, Selling De-Registered","Automatic,",5,Hybrid,https://manheim.co.nz/damaged-vehicles/000000000007444641/2012-toyota-prius-hatch?referringPage=SearchResults
Nissan,Datsun,1994,No,$0,"303,499",," Left Front Damage, Left Rear Damage, Rear Damage, Right Rear Damage, Structural Damage, Selling De-Registered","6spd Manual,",5,Diesel,https://manheim.co.nz/damaged-vehicles/000000000007444649/1994-nissan-datsun-dual-cab-utility?referringPage=SearchResults
Ford,Kuga,2014,No,$0,1,," Engine Damage, Engine Failure, Interior Damage, Structural Damage, Water Damage, Selling De-Registered","Automatic,",5,Petrol,https://manheim.co.nz/damaged-vehicles/000000000007444661/2014-ford-kuga-titanim-station-wagon?referringPage=SearchResults
Kia,Sorento,2016,No,N/A,N/A,," Front Damage, Airbags Deployed, Structural Damage, Selling De-Registered",N/A,N/A,Diesel,https://manheim.co.nz/damaged-vehicles/000000000007444667/2016-kia-sorento-station-wagon?referringPage=SearchResults
Mazda,CX-5,2012,No,$0,N/A,," Front Damage, Airbags Deployed, Structural Damage, Selling De-Registered","Automatic,",5,Petrol,https://manheim.co.nz/damaged-vehicles/000000000007444671/2012-mazda-cx-5-station-wagon?referringPage=SearchResults
Nissan,Tiida,2006,Yes,$0,"280,663",," Right Rear Damage, Stolen & Recovered, Selling Registered","Automatic,",5,Petrol,https://manheim.co.nz/damaged-vehicles/000000000007444696/2006-nissan-tiida-latio-sedan?referringPage=SearchResults
Kia,Sportage,2022,No,N/A,"43,125",," Front Damage, Left Side Damage, Rear Damage, Structural Damage, Selling De-Registered",N/A,5,Petrol,https://manheim.co.nz/damaged-vehicles/000000000007444701/2022-kia-sportage-urban-deluxe-2-0p-station-wagon?referringPage=SearchResults
Toyota,IST,2004,No,$0,"162,539",," Front Damage, Rear Damage, Structural Damage, Selling De-Registered",N/A,5,Petrol,https://manheim.co.nz/damaged-vehicles/000000000007444703/2004-toyota-ist-hatch?referringPage=SearchResults
Toyota,Auris,2007,No,$0,"104,503",," Front Damage, Left Side Damage, Structural Damage, Selling De-Registered",N/A,5,Petrol,https://manheim.co.nz/damaged-vehicles/000000000007444717/2007-toyota-auris-hatch?referringPage=SearchResults
Toyota,Aqua,2016,No,$0,"124,683",," Front Damage, Left Front Damage, Right Front Damage, Structural Damage, Selling De-Registered","Automatic,",5,Hybrid,https://manheim.co.nz/damaged-vehicles/000000000007434834/2016-toyota-aqua-hatch?referringPage=SearchResults
Mazda,Verisa,2005,No,$0,N/A,," Rear Damage, Structural Damage, Selling De-Registered",N/A,5,Petrol,https://manheim.co.nz/damaged-vehicles/000000000007444873/2005-mazda-verisa-hatch?referringPage=SearchResults
Mazda,CX-5,2013,No,$0,"207,848",," Engine Damage, Structural Damage, Water Damage, Selling De-Registered",N/A,5,Diesel,https://manheim.co.nz/damaged-vehicles/000000000007444876/2013-mazda-cx-5-station-wagon?referringPage=SearchResults
Toyota,Passo,2004,No,$0,"242,238",," Front Damage, Rear Damage, Structural Damage, Selling De-Registered","Automatic,",5,Petrol,https://manheim.co.nz/damaged-vehicles/000000000007444877/2004-toyota-passo-1-3l-hatch?referringPage=SearchResults
Nissan,Tiida,2004,No,$0,"122,811",," Rear Damage, Structural Damage, Selling De-Registered","4spd Automatic,",5,Petrol,https://manheim.co.nz/damaged-vehicles/000000000007444879/2004-nissan-tiida-latio-sedan?referringPage=SearchResults
Suzuki,Ignis,2017,No,$0,"133,487",," Right Front Damage, Structural Damage, Selling De-Registered","Automatic,",4,Petrol,https://manheim.co.nz/damaged-vehicles/000000000007444888/2017-suzuki-ignis-ltdc-1-2p-cvt-station-wagon?referringPage=SearchResults
Toyota,Platz,2003,No,$0,"254,404",," Front Damage, Structural Damage, Selling De-Registered","Automatic,",5,Petrol,https://manheim.co.nz/damaged-vehicles/000000000007444889/2003-toyota-platz-sedan?referringPage=SearchResults
Nissan,Wingroad,2012,No,$0,"232,544",," Right Rear Damage, Structural Damage, Selling De-Registered","4spd Automatic,",5,Petrol,https://manheim.co.nz/damaged-vehicles/000000000007444892/2012-nissan-wingroad-1-8-petrol-wagon-station-wagon?referringPage=SearchResults
Toyota,Markx,2010,No,$0,"118,688",," Rear Damage, Structural Damage, Selling De-Registered","Automatic,",5,Petrol,https://manheim.co.nz/damaged-vehicles/000000000007444896/2010-toyota-markx-250g-sedan?referringPage=SearchResults
Mitsubishi,Triton,2006,No,$0,"151,124",," Front Damage, Structural Damage, Selling De-Registered","Automatic,",5,Diesel,https://manheim.co.nz/damaged-vehicles/000000000007444899/2006-mitsubishi-triton-4wd-2-8d-dcab-gls-m-dual-cab-chassis?referringPage=SearchResults
Toyota,Prius Saloon,2016,No,N/A,"163,686",," Front Damage, Structural Damage, Selling De-Registered","Automatic,",5,Hybrid,https://manheim.co.nz/damaged-vehicles/000000000007444903/2016-toyota-prius-saloon-sedan?referringPage=SearchResults
Toyota,Corolla,2019,No,N/A,N/A,," Front Damage, Airbags Deployed, Structural Damage, Selling De-Registered","Automatic,",5,Petrol,https://manheim.co.nz/damaged-vehicles/000000000007444912/2019-toyota-corolla-gx-2-0p-10cvt-hatch?referringPage=SearchResults
Mazda,Axela,2006,No,$0,"266,977",," Left Front Damage, Structural Damage, Selling De-Registered","Automatic,",5,Petrol,https://manheim.co.nz/damaged-vehicles/000000000007444916/2006-mazda-axela-hatch?referringPage=SearchResults
Mitsubishi,Lancer,2008,No,$0,"232,197",," Front Damage, Left Side Damage, Airbags Deployed, Structural Damage, Selling De-Registered","4spd Automatic,",5,Petrol,https://manheim.co.nz/damaged-vehicles/000000000007444921/2008-mitsubishi-lancer-sedan?referringPage=SearchResults
Mazda,Axela,2005,No,$0,"168,602",," Front Damage, Left Front Damage, Right Front Damage, Structural Damage, Selling De-Registered","Automatic,",5,Petrol,https://manheim.co.nz/damaged-vehicles/000000000007444922/2005-mazda-axela-hatch?referringPage=SearchResults
Mazda,CX-5,2016,No,$0,"150,021",," Front Damage, Has Key, Left Front Damage, Left Side Damage, Rear Damage, Structural Damage, Under Body Damage, Selling De-Registered","Automatic,",5,Diesel,https://manheim.co.nz/damaged-vehicles/000000000007444923/2016-mazda-cx-5-station-wagon?referringPage=SearchResults
Mazda,Familia,2001,No,$0,N/A,," Glass Broken, Ignition Damage, Left Front Damage, Left Side Damage, Structural Damage, Stolen & Recovered, Selling De-Registered","Automatic,",5,Petrol,https://manheim.co.nz/damaged-vehicles/000000000007444924/2001-mazda-familia-sport-20-station-wagon?referringPage=SearchResults
Mazda,Familia,2000,Yes,$0,"191,316",," Glass Broken, Ignition Damage, Stolen & Recovered, Selling Registered","Automatic,",5,Petrol,https://manheim.co.nz/damaged-vehicles/000000000007444926/2000-mazda-familia-hatch?referringPage=SearchResults
Toyota,Hilux,2018,No,N/A,"196,306",," Chassis Damage, Rear Damage, Roof Damage, Right Side Damage, Structural Damage, Suspension Damage, Selling De-Registered","Automatic,",5,Diesel,https://manheim.co.nz/damaged-vehicles/000000000007444951/2018-toyota-hilux-sr5-td-dc-2-8d-4wd--dual-cab-utility?referringPage=SearchResults
Mazda,Axela,2006,No,$0,"190,254",," Rear Damage, Structural Damage, Selling De-Registered","4spd Automatic,",5,Petrol,https://manheim.co.nz/damaged-vehicles/000000000007444956/2006-mazda-axela-sedan?referringPage=SearchResults
Toyota,Wish,2009,No,$0,N/A,," Front Damage, Rear Damage, Structural Damage, Selling De-Registered",N/A,5,Petrol,https://manheim.co.nz/damaged-vehicles/000000000007444989/2009-toyota-wish-station-wagon?referringPage=SearchResults
Ford,Everest,2016,No,N/A,"239,850",," Left Side Damage, Structural Damage, Selling De-Registered","Automatic,",7,Diesel,https://manheim.co.nz/damaged-vehicles/000000000007444991/2016-ford-everest-trend-3-2d-4wd-6at--station-wagon?referringPage=SearchResults
Nissan,Leaf,2017,No,$0,N/A,," Front Damage, Rear Damage, Structural Damage, Selling De-Registered","Automatic, Drive Type, Front Wheel Drive, Fuel Type, Electri",5,Electric,https://manheim.co.nz/damaged-vehicles/000000000007424996/2017-nissan-leaf-hatch?referringPage=SearchResults
Honda,Civic,2001,No,$0,"211,060",," Front Damage, Left Front Damage, Left Rear Damage, Right Front Damage, Structural Damage, Selling De-Registered","Automatic,",5,Petrol,https://manheim.co.nz/damaged-vehicles/000000000007445001/2001-honda-civic-hatch?referringPage=SearchResults
Toyota,Aqua,2012,No,$0,N/A,," Right Side Damage, Structural Damage, Selling De-Registered",N/A,5,Hybrid,https://manheim.co.nz/damaged-vehicles/000000000007445005/2012-toyota-aqua-hybrid-hatch?referringPage=SearchResults
Kia,Sportage,2013,No,$0,"245,114",," Right Side Damage, Airbags Deployed, Structural Damage, Selling De-Registered","Automatic,",5,Petrol,https://manheim.co.nz/damaged-vehicles/000000000007445012/2013-kia-sportage-2-4-petrol-auto-station-wagon?referringPage=SearchResults
Subaru,Legacy,2001,No,$0,"304,244",," Left Side Damage, Roof Damage, Structural Damage, Selling De-Registered","Automatic,",5,Petrol,https://manheim.co.nz/damaged-vehicles/000000000007445016/2001-subaru-legacy-station-wagon?referringPage=SearchResults
Mazda,Demio,2009,No,$0,"240,357",," Rear Damage, Structural Damage, Selling De-Registered","Automatic,",5,Petrol,https://manheim.co.nz/damaged-vehicles/000000000007445019/2009-mazda-demio-hatch?referringPage=SearchResults
Suzuki,Swift,2020,No,$0,"70,081",," Front Damage, Structural Damage, Selling De-Registered","Automatic,",5,Petrol,https://manheim.co.nz/damaged-vehicles/000000000007415012/2020-suzuki-swift-rs-1-0pt-6at-hatch?referringPage=SearchResults
Toyota,Crown,2000,No,$0,N/A,," Interior Damage, Fire - Interior, Stolen & Recovered, Selling De-Registered","Automatic,",5,Petrol,https://manheim.co.nz/damaged-vehicles/000000000007445027/2000-toyota-crown-sedan?referringPage=SearchResults
Mercedes-Benz,A-class,2020,No,N/A,"34,309",," Right Front Damage, Structural Damage, Suspension Damage, Selling De-Registered",N/A,5,Petrol,https://manheim.co.nz/damaged-vehicles/000000000007445030/2020-mercedes-benz-a-class-a200-1-3p-7at-sedan?referringPage=SearchResults
Subaru,Impreza,2007,No,$0,"219,000",," Left Rear Damage, Structural Damage, Selling De-Registered","Automatic,",5,Petrol,https://manheim.co.nz/damaged-vehicles/000000000007445033/2007-subaru-impreza-hatch?referringPage=SearchResults
Nissan,Bluebird Sylphy,2007,Yes,$0,"139,948",," Glass Broken, Left Front Damage, Left Rear Damage, Vandalised - Interior, Stolen & Recovered, Selling Registered","Automatic,",5,Petrol,https://manheim.co.nz/damaged-vehicles/000000000007445038/2007-nissan-bluebird-sylphy-sedan?referringPage=SearchResults
Ford,Transit,2005,No,"$2,640","173,099",1," Roof Damage, Underbody Damage, Structural Damage, Selling De-Registered","6spd Manual,",2,Diesel,https://manheim.co.nz/damaged-vehicles/000000000007435036/2005-ford-transit-tran350l-td-high-4d-x-cab-utility?referringPage=SearchResults
Toyota,Wish,2006,Yes,$0,N/A,," Glass Broken, Ignition Damage, Stolen & Recovered, Selling Registered",N/A,7,Petrol,https://manheim.co.nz/damaged-vehicles/000000000007445046/2006-toyota-wish-1-8l-station-wagon?referringPage=SearchResults
Suzuki,Splash,2010,No,$0,"79,933",," Front Damage, Structural Damage, Selling De-Registered","Automatic,",5,Petrol,https://manheim.co.nz/damaged-vehicles/000000000007445055/2010-suzuki-splash-hatch?referringPage=SearchResults
Mazda,Axela,2011,No,$0,N/A,," Left Side Damage, Roof Damage, Right Side Damage, Structural Damage, Selling De-Registered",N/A,5,Petrol,https://manheim.co.nz/damaged-vehicles/000000000007445056/2011-mazda-axela-hatch?referringPage=SearchResults
Honda,fit,2007,No,$0,"77,463",," Rear Damage, Right Rear Damage, Structural Damage, Selling De-Registered","Automatic,",5,Petrol,https://manheim.co.nz/damaged-vehicles/000000000007445065/2007-honda-fit-hatch?referringPage=SearchResults
Nissan,Tiida,2005,Yes,$0,"258,846",," Stolen & Recovered, Selling Registered","Automatic,",5,Petrol,https://manheim.co.nz/damaged-vehicles/000000000007445069/2005-nissan-tiida-hatch?referringPage=SearchResults
Holden,VX Commodore,2003,No,$0,N/A,," Left Front Damage, Left Rear Damage, Right Front Damage, Right Rear Damage, Selling De-Registered","Automatic,",5,Petrol,https://manheim.co.nz/damaged-vehicles/000000000007435069/2003-holden-vx-commodore-lumina-sedan-v6-aut-sedan?referringPage=SearchResults
Nissan,Tiida,2006,No,$0,"123,494",," Front Damage, Ignition Damage, Left Rear Damage, Vandalised - Interior, Structural Damage, Stolen & Recovered, Selling De-Registered","Automatic,",5,Petrol,https://manheim.co.nz/damaged-vehicles/000000000007445074/2006-nissan-tiida-hatch?referringPage=SearchResults
Toyota,Corolla,2010,No,$0,N/A,," Rear Damage, Structural Damage, Selling De-Registered","Automatic,",5,Petrol,https://manheim.co.nz/damaged-vehicles/000000000007445077/2010-toyota-corolla-1-8p-glx-hatch-5-4a-hatch?referringPage=SearchResults
Ford,Fiesta,2015,No,$0,"217,819",," Left Rear Damage, Rear Damage, Right Rear Damage, Structural Damage, Selling De-Registered","Automatic,",5,Petrol,https://manheim.co.nz/damaged-vehicles/000000000007435085/2015-ford-fiesta-hatch?referringPage=SearchResults
Toyota,Aqua,2015,Yes,N/A,"285,265",," Vandalised - Interior, Stolen & Recovered, Selling Registered","Automatic,",5,Hybrid,https://manheim.co.nz/damaged-vehicles/000000000007435087/2015-toyota-aqua-hatch?referringPage=SearchResults
Volkswagen,Golf,2009,No,$0,N/A,," Front Damage, Structural Damage, Selling De-Registered","Automatic,",5,Petrol,https://manheim.co.nz/damaged-vehicles/000000000007445092/2009-volkswagen-golf-ts1-hatch?referringPage=SearchResults
BMW,320i,2000,Yes,$0,"239,428",," Front Damage, Glass Broken, Left Front Damage, Left Rear Damage, Rear Damage, Roof Damage, Right Front Damage, Right Rear Damage, Selling Registered","Automatic,",5,Petrol,https://manheim.co.nz/damaged-vehicles/000000000007445102/2000-bmw-320i-sedan?referringPage=SearchResults
Honda,fit,2008,No,$0,N/A,," Rear Damage, Structural Damage, Selling De-Registered","Automatic,",5,Petrol,https://manheim.co.nz/damaged-vehicles/000000000007445111/2008-honda-fit-hatch?referringPage=SearchResults
Toyota,Corolla,2002,No,$0,"204,629",," Right Rear Damage, Structural Damage, Selling De-Registered","Automatic,",5,Petrol,https://manheim.co.nz/damaged-vehicles/000000000007445181/2002-toyota-corolla-allex-hatch?referringPage=SearchResults
Mercedes-Benz,A-class,2017,No,$0,"115,386",," Front Damage, Structural Damage, Selling De-Registered","Automatic,",5,Petrol,https://manheim.co.nz/damaged-vehicles/000000000007445182/2017-mercedes-benz-a-class-a180-1-6p-7at-sl-4d-hatch?referringPage=SearchResults
Mazda,Axela,2013,No,$0,"100,260",," Left Front Damage, Structural Damage, Selling De-Registered","Automatic,",5,Petrol,https://manheim.co.nz/damaged-vehicles/000000000007445183/2013-mazda-axela-hatch?referringPage=SearchResults
Mitsubishi,Mirage,2023,No,$0,N/A,," Front Damage, Left Front Damage, Right Side Damage, Structural Damage, Suspension Damage, Selling De-Registered","Automatic,",5,Petrol,https://manheim.co.nz/damaged-vehicles/000000000007445185/2023-mitsubishi-mirage-xls-1-2p-cvt-hatch?referringPage=SearchResults
Mazda,3,2018,No,$0,"109,987",," Front Damage, Roof Damage, Right Rear Damage, Structural Damage, Selling De-Registered","Automatic,",5,Petrol,https://manheim.co.nz/damaged-vehicles/000000000007445190/2018-mazda-3-hatch?referringPage=SearchResults
Peugeot,508,2022,No,N/A,"107,035",," Right Rear Damage, Structural Damage, Selling De-Registered","Automatic,",5,Petrol,https://manheim.co.nz/damaged-vehicles/000000000007445222/2022-peugeot-508-gt-1-6pt-8at-hatch?referringPage=SearchResults
Toyota,Prius,2020,No,N/A,"171,410",," Chassis Damage, Front Damage, Left Front Damage, Structural Damage, Selling De-Registered","Automatic,",5,Hybrid,https://manheim.co.nz/damaged-vehicles/000000000007445225/2020-toyota-prius-hatch?referringPage=SearchResults
Kia,Picanto,2020,No,N/A,"25,221",," Left Side Damage, Structural Damage, Selling De-Registered","Automatic,",5,Petrol,https://manheim.co.nz/damaged-vehicles/000000000007445226/2020-kia-picanto-x-line-1-2p-4at-hatch?referringPage=SearchResults
Toyota,Corolla,2013,No,$0,N/A,," Rear Damage, Structural Damage, Selling De-Registered",N/A,5,Hybrid,https://manheim.co.nz/damaged-vehicles/000000000007445229/2013-toyota-corolla-axio-sedan?referringPage=SearchResults
Nissan,Fuga,2007,No,$0,"166,421",," Right Front Damage, Structural Damage, Selling De-Registered","Automatic,",5,Petrol,https://manheim.co.nz/damaged-vehicles/000000000007435227/2007-nissan-fuga-sedan?referringPage=SearchResults
Nissan,Murano,2006,No,$0,"201,596",," Front Damage, Structural Damage, Selling De-Registered","Automatic,",5,Petrol,https://manheim.co.nz/damaged-vehicles/000000000007445230/2006-nissan-murano-station-wagon?referringPage=SearchResults
Mazda,3,2011,No,$0,"167,896",," Front Damage, Left Front Damage, Right Front Damage, Structural Damage, Selling De-Registered","Automatic,",5,Petrol,https://manheim.co.nz/damaged-vehicles/000000000007445250/2011-mazda-3-hatch?referringPage=SearchResults
Mazda,Familia,2000,No,$0,N/A,," Left Rear Damage, Selling De-Registered","4spd Automatic,",5,Petrol,https://manheim.co.nz/damaged-vehicles/000000000007445263/2000-mazda-familia-hatch?referringPage=SearchResults
Ford,Falcon,2004,No,$0,N/A,," Left Front Damage, Roof Damage, Right Front Damage, Right Rear Damage, Selling De-Registered","Automatic,",5,Petrol,https://manheim.co.nz/damaged-vehicles/000000000007445279/2004-ford-falcon-ba-falcon-xr6-a-sedan?referringPage=SearchResults
Toyota,Corolla L/B AUT,1994,No,$0,"189,192",," Front Damage, Structural Damage, Selling De-Registered","Automatic,",N/A,Petrol,https://manheim.co.nz/damaged-vehicles/000000000007445292/1994-toyota-corolla-l-b-aut-hatch?referringPage=SearchResults
Honda,Cr-z,2010,No,$0,N/A,," Front Damage, Rear Damage, Airbags Deployed, Structural Damage, Selling De-Registered","Automatic,",4,Hybrid,https://manheim.co.nz/damaged-vehicles/000000000007445297/2010-honda-cr-z-hybrid-hatch?referringPage=SearchResults
Mazda,CX-30,2024,No,N/A,"25,819",," Airbags Deployed, Right Rear Damage, Right Side Damage, Structural Damage, Selling De-Registered","Automatic,",5,Petrol,https://manheim.co.nz/damaged-vehicles/000000000007445299/2024-mazda-cx-30-station-wagon?referringPage=SearchResults
Toyota,Aqua,2013,Yes,N/A,"173,091",," Left Front Damage, Rear Damage, Selling Registered","CVT,",5,Hybrid,https://manheim.co.nz/damaged-vehicles/000000000007445320/2013-toyota-aqua-hatch?referringPage=SearchResults
Honda,Jazz,2009,No,$0,N/A,," Left Front Damage, Left Rear Damage, Left Side Damage, Right Front Damage, Airbags Deployed, Structural Damage, Selling De-Registered","5spd Manual,",5,Petrol,https://manheim.co.nz/damaged-vehicles/000000000007445325/2009-honda-jazz-1-3s-hatch?referringPage=SearchResults
Toyota,Vitz,2009,No,$0,"196,756",," Left Side Damage, Structural Damage, Selling De-Registered","Automatic,",5,Petrol,https://manheim.co.nz/damaged-vehicles/000000000007445340/2009-toyota-vitz-hatch?referringPage=SearchResults
Holden,Vectra,2003,Yes,$0,"85,996",," Right Front Damage, Selling Registered","7spd Automatic,",5,Petrol,https://manheim.co.nz/damaged-vehicles/000000000007445361/2003-holden-vectra-cd-sedan-auto-sedan?referringPage=SearchResults
Hyundai,I30,2012,No,$0,N/A,," Left Front Damage, Right Rear Damage, Structural Damage, Selling De-Registered",N/A,5,Petrol,https://manheim.co.nz/damaged-vehicles/000000000007445364/2012-hyundai-i30-wagon-2-0-elite-a4-station-wagon?referringPage=SearchResults
Ford,Courier,2005,No,$0,N/A,," Left Front Damage, Left Rear Damage, Right Front Damage, Right Rear Damage, Dismantled - Interior, Structural Damage, Stolen & Recovered, Selling De-Registered","5spd Manual,",3,Diesel,https://manheim.co.nz/damaged-vehicles/000000000007445366/2005-ford-courier-xlx-crew-cab-tu-ton-dual-cab-utility?referringPage=SearchResults
Toyota,Aqua,2013,No,$0,"255,246",," Front Damage, Left Front Damage, Right Front Damage, Structural Damage, Selling De-Registered","Automatic,",5,Hybrid,https://manheim.co.nz/damaged-vehicles/000000000007445368/2013-toyota-aqua-hatch?referringPage=SearchResults
Holden,Colorado,2019,No,N/A,"279,541",," Front Damage, Right Side Damage, Structural Damage, Selling De-Registered","Automatic,",5,Diesel,https://manheim.co.nz/damaged-vehicles/000000000007435380/2019-holden-colorado-z71-dc-pu-2-8dt-4wd-dual-cab-utility?referringPage=SearchResults
Nissan,Bluebird,2003,No,$0,N/A,," Rear Damage, Structural Damage, Selling De-Registered",N/A,5,Petrol,https://manheim.co.nz/damaged-vehicles/000000000007445393/2003-nissan-bluebird-sylphy-sedan?referringPage=SearchResults
Mazda,Demio,2012,No,$0,N/A,," Rear Damage, Structural Damage, Selling De-Registered",N/A,5,Petrol,https://manheim.co.nz/damaged-vehicles/000000000007445395/2012-mazda-demio-hatch?referringPage=SearchResults
Mercedes-Benz,C200,2009,No,$0,"150,272",," Rear Damage, Structural Damage, Selling De-Registered","5spd,",5,Petrol,https://manheim.co.nz/damaged-vehicles/000000000007445396/2009-mercedes-benz-c200-kompressor-sedan?referringPage=SearchResults
Hyundai,I20,2017,No,$0,"108,945",," Front Damage, Rear Damage, Structural Damage, Selling De-Registered","Automatic,",5,Petrol,https://manheim.co.nz/damaged-vehicles/000000000007425439/2017-hyundai-i20-1-4p-4at-hatch?referringPage=SearchResults
Holden,Commodore,2003,No,$0,"151,943",, Selling De-Registered,"Automatic,",5,Petrol,https://manheim.co.nz/damaged-vehicles/000000000007435456/2003-holden-commodore-acclaim-v6-sedan?referringPage=SearchResults
Mitsubishi,Eclipse Cross,2021,No,N/A,N/A,," Left Front Damage, Rear Damage, Structural Damage, Selling De-Registered",N/A,5,Hybrid,https://manheim.co.nz/damaged-vehicles/000000000007445470/2021-mitsubishi-eclipse-cross-xls-phev-4wd-at-station-wagon?referringPage=SearchResults
Ford,Ranger,2017,No,N/A,"168,125",," Chassis Damage, Rear Damage, Structural Damage, Selling De-Registered","Automatic,",5,Diesel,https://manheim.co.nz/damaged-vehicles/000000000007445471/2017-ford-ranger-xl-double-cab-w-s-a-dual-cab-chassis?referringPage=SearchResults
Ford,Ranger,2024,No,N/A,N/A,," Chassis Damage, Front Damage, Airbags Deployed, Structural Damage, Selling De-Registered","10spd Automatic,",5,Diesel,https://manheim.co.nz/damaged-vehicles/000000000007445499/2024-ford-ranger-raptor-2-0d-4wd-10a-dual-cab-utility?referringPage=SearchResults
Nissan,X-trail,2018,No,N/A,"92,457",," Front Damage, Airbags Deployed, Structural Damage, Selling De-Registered",N/A,5,Petrol,https://manheim.co.nz/damaged-vehicles/000000000007445543/2018-nissan-x-trail-station-wagon?referringPage=SearchResults
Toyota,Corolla,2006,Yes,$0,N/A,," Left Side Damage, Right Front Damage, Selling Registered","Manual,",5,Petrol,https://manheim.co.nz/damaged-vehicles/000000000007435665/2006-toyota-corolla-1-8p-gl-hatch5-5m-hatch?referringPage=SearchResults
Nissan,Navara,2012,No,$0,"252,599",," Left Side Damage, Structural Damage, Selling De-Registered","Automatic,",5,Diesel,https://manheim.co.nz/damaged-vehicles/000000000007435668/2012-nissan-navara-d-c-2-5d-2wd-st-mt-dual-cab-utility?referringPage=SearchResults
Ford,Focus,2015,No,$0,N/A,," Front Damage, Selling De-Registered",N/A,5,Petrol,https://manheim.co.nz/damaged-vehicles/000000000007425785/2015-ford-focus-trend-2-0-auto-hatc-hatch?referringPage=SearchResults
Toyota,Aqua,2015,No,$0,"322,035",," Left Front Damage, Left Side Damage, Structural Damage, Selling De-Registered","Automatic,",5,Hybrid,https://manheim.co.nz/damaged-vehicles/000000000007445782/2015-toyota-aqua-hatch?referringPage=SearchResults
Mazda,CX-3,2017,No,$0,"144,816",," Rear Damage, Right Side Damage, Structural Damage, Selling De-Registered",N/A,5,Petrol,https://manheim.co.nz/damaged-vehicles/000000000007445789/2017-mazda-cx-3-gsx-2-0p-6at-sw-5dr-station-wagon?referringPage=SearchResults
Mazda,Demio,2017,No,$0,N/A,," Airbags Deployed, Left Side Damage, Structural Damage, Selling De-Registered",N/A,5,Petrol,https://manheim.co.nz/damaged-vehicles/000000000007445800/2017-mazda-demio-hatch?referringPage=SearchResults
Ford,Mondeo,2015,No,$0,N/A,," Left Front Damage, Right Front Damage, Airbags Deployed, Selling De-Registered","Automatic,",5,Petrol,https://manheim.co.nz/damaged-vehicles/000000000007445807/2015-ford-mondeo-ambiente-5dr-petrol-hatch?referringPage=SearchResults
Holden,Barina,2017,No,$0,N/A,," Left Front Damage, Selling De-Registered","Automatic,",5,Petrol,https://manheim.co.nz/damaged-vehicles/000000000007445810/2017-holden-barina-lt-1-6p-6at-hatch?referringPage=SearchResults
Toyota,Aqua,2017,No,$0,"188,432",," Left Side Damage, Structural Damage, Selling De-Registered",N/A,5,Hybrid,https://manheim.co.nz/damaged-vehicles/000000000007445819/2017-toyota-aqua-hatch?referringPage=SearchResults
Nissan,NV200,2014,No,$0,N/A,," Right Side Damage, Structural Damage, Selling De-Registered","Automatic,",2,Petrol,https://manheim.co.nz/damaged-vehicles/000000000007435827/2014-nissan-nv200-vanette-van?referringPage=SearchResults
Nissan,X-trail,2019,No,N/A,"77,662",," Right Front Damage, Airbags Deployed, Structural Damage, Selling De-Registered","CVT,",7,Petrol,https://manheim.co.nz/damaged-vehicles/000000000007445830/2019-nissan-x-trail-st-2-5p-6cvt-sw-5dr-station-wagon?referringPage=SearchResults
Holden,Captiva,2014,No,$0,N/A,," Right Front Damage, Selling De-Registered","Automatic,",5,Diesel,https://manheim.co.nz/damaged-vehicles/000000000007445832/2014-holden-captiva-ltz-2-2d-4wd-6at-sw-station-wagon?referringPage=SearchResults
Holden,Trax,2014,No,$0,N/A,," Left Front Damage, Right Front Damage, Right Rear Damage, Airbags Deployed, Selling De-Registered","Automatic,",5,Petrol,https://manheim.co.nz/damaged-vehicles/000000000007445839/2014-holden-trax-ltz-1-8p-6at-sw-4dr-station-wagon?referringPage=SearchResults
Mazda,CX-5,2016,Yes,N/A,"90,409",," No Major Panel Dmg, Selling Registered","6spd Automatic,",5,Diesel,https://manheim.co.nz/damaged-vehicles/000000000007445845/2016-mazda-cx-5-gsx-dsl-2-2d-4wd-6a-station-wagon?referringPage=SearchResults
Subaru,Legacy,1997,No,$0,N/A,," Rear Damage, Dismantled - Entire Vehicle, Structural Damage, Stolen & Recovered, Selling De-Registered",N/A,5,Petrol,https://manheim.co.nz/damaged-vehicles/000000000007435846/1997-subaru-legacy-250t-station-wagon?referringPage=SearchResults
Holden,Astra,2007,No,$0,N/A,," Left Rear Damage, Right Rear Damage, Selling De-Registered","Automatic,",4,Petrol,https://manheim.co.nz/damaged-vehicles/000000000007445862/2007-holden-astra-twintop-2-2l-auto-coup%C3%A9?referringPage=SearchResults
Ford,Mondeo,2006,No,$0,N/A,," Left Front Damage, Left Rear Damage, Right Front Damage, Right Rear Damage, Selling De-Registered","Automatic,",5,Petrol,https://manheim.co.nz/damaged-vehicles/000000000007445874/2006-ford-mondeo-2-0-sedan-aut-sedan?referringPage=SearchResults
Mazda,CX-5,2012,No,$0,N/A,," Rear Damage, Structural Damage, Selling De-Registered",N/A,5,Petrol,https://manheim.co.nz/damaged-vehicles/000000000007445890/2012-mazda-cx-5-station-wagon?referringPage=SearchResults
Kia,Stonic,2025,Yes,N/A,"2,131",," Stolen & Recovered, Selling Registered","Automatic,",5,Petrol,https://manheim.co.nz/damaged-vehicles/000000000007445899/2025-kia-stonic-sx-1-0pt-7am-hatch?referringPage=SearchResults
Toyota,Aqua,2018,No,$0,"89,088",," Front Damage, Airbags Deployed, Structural Damage, Selling De-Registered","Automatic,",5,Hybrid,https://manheim.co.nz/damaged-vehicles/000000000007445916/2018-toyota-aqua-1-5l-petrol-hybrid-hatch?referringPage=SearchResults
Holden,Adventra,2004,No,N/A,"229,008",," Right Rear Damage, Structural Damage, Selling De-Registered",N/A,5,Petrol,https://manheim.co.nz/damaged-vehicles/000000000007445934/2004-holden-adventra-vy2-cx8-station-wagon?referringPage=SearchResults
Toyota,Aqua,2017,No,$0,N/A,," Front Damage, Airbags Deployed, Structural Damage, Selling De-Registered","Automatic,",5,Hybrid,https://manheim.co.nz/damaged-vehicles/000000000007435973/2017-toyota-aqua-hatch?referringPage=SearchResults
Toyota,Prius,2020,No,N/A,"118,643",," Front Damage, Structural Damage, Selling De-Registered",N/A,5,Hybrid,https://manheim.co.nz/damaged-vehicles/000000000007425970/2020-toyota-prius-hybrid-hatch?referringPage=SearchResults
Lexus,HS250H,2015,No,N/A,N/A,," Rear Damage, Structural Damage, Selling De-Registered","Automatic,",5,Hybrid,https://manheim.co.nz/damaged-vehicles/000000000007446020/2015-lexus-hs250h-hybrid-sedan?referringPage=SearchResults
Dodge.,Journey,2012,Yes,$0,"115,092",, Selling Registered,"6spd Automatic,",7,Petrol,https://manheim.co.nz/damaged-vehicles/000000000007426054/2012-dodge-journey-3-6l-petrol-auto-r--station-wagon?referringPage=SearchResults
Nissan,Wingroad,2004,No,$0,"291,411",," Left Front Damage, Left Rear Damage, Left Side Damage, Structural Damage, Selling De-Registered","Automatic,",5,Petrol,https://manheim.co.nz/damaged-vehicles/000000000007436082/2004-nissan-wingroad-station-wagon?referringPage=SearchResults
Ford,Focus,2012,No,$0,N/A,, Selling De-Registered,"Automatic,",5,Diesel,https://manheim.co.nz/damaged-vehicles/000000000007446097/2012-ford-focus-trend-2-0-auto-h-ds-hatch?referringPage=SearchResults
Holden,Captiva,2015,No,$0,N/A,," Dismantled - Entire Vehicle, Selling De-Registered","Automatic,",7,Diesel,https://manheim.co.nz/damaged-vehicles/000000000007446123/2015-holden-captiva-7-ltz-2-2d-4wd-6at--station-wagon?referringPage=SearchResults
Toyota,Corolla,2008,No,$0,N/A,," Front Damage, Structural Damage, Selling De-Registered","Automatic,",5,Petrol,https://manheim.co.nz/damaged-vehicles/000000000007426199/2008-toyota-corolla-fielder-station-wagon?referringPage=SearchResults
Ford,Kuga,2011,No,$0,N/A,," Dismantled - Entire Vehicle, Selling De-Registered","Automatic,",5,Petrol,https://manheim.co.nz/damaged-vehicles/000000000007446201/2011-ford-kuga-2-5t-hatch?referringPage=SearchResults
Hyundai,Santa FE,2014,Yes,N/A,N/A,," No Major Panel Dmg, Selling Registered",N/A,7,Diesel,https://manheim.co.nz/damaged-vehicles/000000000007446238/2014-hyundai-santa-fe-dm-2-2d-elite-station-wagon?referringPage=SearchResults
Mercedes-Benz,C200,2011,Yes,$0,"115,328",," Front Damage, Selling Registered","Automatic,",5,Petrol,https://manheim.co.nz/damaged-vehicles/000000000007436261/2011-mercedes-benz-c200-sedan?referringPage=SearchResults
Suzuki,Swift,2020,No,N/A,N/A,," Left Front Damage, Left Rear Damage, Rear Damage, Right Front Damage, Right Rear Damage, Vandalised - Interior, Structural Damage, Stolen & Recovered, Selling De-Registered","Automatic,",5,Petrol,https://manheim.co.nz/damaged-vehicles/000000000007446305/2020-suzuki-swift-gl-1-2p-cvt-hatch?referringPage=SearchResults
Mazda,BT-50,2020,No,N/A,N/A,," Rear Damage, Right Side Damage, Structural Damage, Selling De-Registered","Automatic,",5,Diesel,https://manheim.co.nz/damaged-vehicles/000000000007416449/2020-mazda-bt-50-gsx-d-c-w-s-3-2d-4w-dual-cab-chassis?referringPage=SearchResults
MG,ZS,2023,No,$0,"20,440",," Front Damage, Left Front Damage, Right Front Damage, Right Rear Damage, Structural Damage, Selling De-Registered","Automatic,",5,Petrol,https://manheim.co.nz/damaged-vehicles/000000000007396442/2023-mg-zs-excite-1-5p-4at-station-wagon?referringPage=SearchResults
BMW,1 Series,2017,No,N/A,N/A,," Front Damage, Airbags Deployed, Structural Damage, Selling De-Registered","Automatic,",5,Petrol,https://manheim.co.nz/damaged-vehicles/000000000007446558/2017-bmw-1-series-118i-1-5p-8at-ha-5d-hatch?referringPage=SearchResults
Holden,Epica,2010,No,$0,"246,779",," Front Damage, Left Front Damage, Left Rear Damage, Structural Damage, Selling De-Registered","Automatic,",5,Petrol,https://manheim.co.nz/damaged-vehicles/000000000007436697/2010-holden-epica-cdx-2-5l-sedan-at-sedan?referringPage=SearchResults
Nissan,NV200,2016,No,$0,N/A,," Front Damage, Structural Damage, Selling De-Registered","Automatic,",5,Petrol,https://manheim.co.nz/damaged-vehicles/000000000007426721/2016-nissan-nv200-station-wagon?referringPage=SearchResults
Toyota,Aqua,2016,No,$0,"85,052",," Left Front Damage, Left Rear Damage, Rear Damage, Right Front Damage, Right Rear Damage, Structural Damage, Selling De-Registered","Automatic,",5,Hybrid,https://manheim.co.nz/damaged-vehicles/000000000007426729/2016-toyota-aqua-hatch?referringPage=SearchResults
Nissan,Navara,2017,Yes,N/A,"172,184",," Front Damage, Selling Registered","Automatic,",5,Diesel,https://manheim.co.nz/damaged-vehicles/000000000007426738/2017-nissan-navara-rx-2-3d-7at-ut-4dr--dual-cab-utility?referringPage=SearchResults
Ford,Fiesta,2007,No,$0,N/A,," Left Front Damage, Left Rear Damage, Right Front Damage, Selling De-Registered","5spd Manual,",5,Petrol,https://manheim.co.nz/damaged-vehicles/000000000007446830/2007-ford-fiesta-5dr-1-6-m-hatch?referringPage=SearchResults
Hyundai,Tucson,2026,No,N/A,"2,928",," Structural Damage, Selling De-Registered","6spd Automatic,",5,Petrol,https://manheim.co.nz/damaged-vehicles/000000000007446853/2026-hyundai-tucson-1-6t-active-awd-1-6-station-wagon?referringPage=SearchResults
Mitsubishi,Outlander,2025,No,N/A,"21,003",, Selling De-Registered,"8spd CVT,",5,Petrol,https://manheim.co.nz/damaged-vehicles/000000000007446857/2025-mitsubishi-outlander-ls-2-5p-4wd-cvt-station-wagon?referringPage=SearchResults
Toyota,Aqua,2019,No,N/A,"102,782",," Front Damage, Structural Damage, Selling De-Registered","CVT,",5,Hybrid,https://manheim.co.nz/damaged-vehicles/000000000007406884/2019-toyota-aqua-hatch?referringPage=SearchResults
Mazda,Atenza,2013,No,$0,"74,359",," Structural Damage, Selling De-Registered","5spd,",5,Petrol,https://manheim.co.nz/damaged-vehicles/000000000007406925/2013-mazda-atenza-sedan?referringPage=SearchResults
Mitsubishi,Eclipse Cross,2018,No,N/A,N/A,," Left Front Damage, Left Side Damage, Structural Damage, Selling De-Registered",N/A,5,Petrol,https://manheim.co.nz/damaged-vehicles/000000000007446924/2018-mitsubishi-eclipse-cross-vrx-1-5p-8cvt-station-wagon?referringPage=SearchResults
Toyota,Prius,2017,No,N/A,N/A,," Rear Damage, Structural Damage, Selling De-Registered","Automatic,",5,Hybrid,https://manheim.co.nz/damaged-vehicles/000000000007446967/2017-toyota-prius-hybrid-hatch?referringPage=SearchResults
Mazda,Demio,2015,No,N/A,N/A,, Selling De-Registered,"Automatic,",5,Petrol,https://manheim.co.nz/damaged-vehicles/000000000007406973/2015-mazda-demio-skyactiv-hatch?referringPage=SearchResults
Mazda,Axela,2005,No,$0,"178,958",," Right Side Damage, Selling De-Registered","Automatic,",5,Petrol,https://manheim.co.nz/damaged-vehicles/000000000007436980/2005-mazda-axela-hatch?referringPage=SearchResults
Honda,CRV,2001,Yes,$0,"230,717",," Left Rear Damage, Selling Registered","Automatic,",5,Petrol,https://manheim.co.nz/damaged-vehicles/000000000007437002/2001-honda-crv-hatch?referringPage=SearchResults
Holden,Commodore,2012,No,N/A,"257,352",," Left Side Damage, Selling De-Registered",N/A,5,Petrol,https://manheim.co.nz/damaged-vehicles/000000000007447032/2012-holden-commodore-sv6-wgn-at-station-wagon?referringPage=SearchResults
Jaecoo,J7,2026,No,N/A,N/A,," Front Damage, Airbags Deployed, Structural Damage, Selling De-Registered","Automatic,",5,Petrol,https://manheim.co.nz/damaged-vehicles/000000000007407043/2026-jaecoo-j7-ex-1-6pt-7at-station-wagon?referringPage=SearchResults
Holden,Colorado,2019,No,N/A,"79,013",," Front Damage, Structural Damage, Selling De-Registered","Automatic,",5,Diesel,https://manheim.co.nz/damaged-vehicles/000000000007427068/2019-holden-colorado-ltz-dc-pu-2-8dt-4wd-dual-cab-utility?referringPage=SearchResults
Toyota,Avensis,2012,No,$0,N/A,," Front Damage, Airbags Deployed, Structural Damage, Selling De-Registered",N/A,5,Petrol,https://manheim.co.nz/damaged-vehicles/000000000007417078/2012-toyota-avensis-station-wagon?referringPage=SearchResults
Holden,Commodore,2003,No,$0,N/A,," Left Front Damage, Left Rear Damage, Right Front Damage, Right Rear Damage, Selling De-Registered","Automatic,",5,Petrol,https://manheim.co.nz/damaged-vehicles/000000000007437083/2003-holden-commodore-acclaim-sedan-auto-sedan?referringPage=SearchResults
Skoda,Kodiaq,2019,Yes,N/A,"190,794",, Selling Registered,"7spd Automatic,",7,Petrol,https://manheim.co.nz/damaged-vehicles/000000000007437111/2019-skoda-kodiaq-ambition-tsi-110kw-station-wagon?referringPage=SearchResults
Holden,Captiva,2018,No,$0,N/A,," Front Damage, Structural Damage, Selling De-Registered",N/A,7,Petrol,https://manheim.co.nz/damaged-vehicles/000000000007437157/2018-holden-captiva-ls-2-4p-6at-station-wagon?referringPage=SearchResults
Tesla,Model Y,2026,No,N/A,"2,179",," Left Front Damage, Structural Damage, Selling De-Registered",N/A,5,Electric,https://manheim.co.nz/damaged-vehicles/000000000007447218/2026-tesla-model-y-rear-wheel-drive-station-wagon?referringPage=SearchResults
Suzuki,Baleno,2018,No,$0,"139,425",," Left Front Damage, Structural Damage, Selling De-Registered","Automatic,",5,Petrol,https://manheim.co.nz/damaged-vehicles/000000000007447226/2018-suzuki-baleno-rs-1-0pt-6at-hatch?referringPage=SearchResults
Mazda,Atenza,2005,Yes,$0,"128,279",," Interior Damage, Stolen & Recovered, Selling Registered","Automatic,",5,Petrol,https://manheim.co.nz/damaged-vehicles/000000000007427359/2005-mazda-atenza-sedan?referringPage=SearchResults
Mitsubishi,Outlander,2019,No,N/A,N/A,," Right Rear Damage, Right Side Damage, Airbags Deployed, Structural Damage, Selling De-Registered","Automatic,",7,Petrol,https://manheim.co.nz/damaged-vehicles/000000000007427426/2019-mitsubishi-outlander-vrx-2-4p-4wd-cvt-station-wagon?referringPage=SearchResults
Holden,Berlina,1997,No,$0,N/A,," Left Front Damage, Right Front Damage, Airbags Deployed, Selling De-Registered","Automatic,",5,Petrol,https://manheim.co.nz/damaged-vehicles/000000000007437474/1997-holden-berlina-sedan?referringPage=SearchResults
Holden,Adventra,2006,Yes,$0,"91,886",," Left Front Damage, Left Rear Damage, Right Front Damage, Right Rear Damage, Selling Registered","Automatic,",5,Petrol,https://manheim.co.nz/damaged-vehicles/000000000007437509/2006-holden-adventra-sx6-station-wagon?referringPage=SearchResults
Nissan,Pathfinder,2017,No,$0,"100,394",," Front Damage, Has Key, Left Rear Damage, Left Side Damage, Structural Damage, Selling De-Registered",N/A,N/A,Petrol,https://manheim.co.nz/damaged-vehicles/000000000007437557/2017-nissan-pathfinder-st-station-wagon?referringPage=SearchResults
Nissan,Navara,2019,No,N/A,N/A,," Right Side Damage, Structural Damage, Selling De-Registered","6spd Manual,",5,Diesel,https://manheim.co.nz/damaged-vehicles/000000000007447565/2019-nissan-navara-st-x-2-3d-4wd-6mt-u-dual-cab-utility?referringPage=SearchResults
Nissan,Leaf,2019,No,N/A,"69,415",," Front Damage, Right Front Damage, Airbags Deployed, Structural Damage, Selling De-Registered","Automatic, Fuel Type, Electri",5,Electric,https://manheim.co.nz/damaged-vehicles/000000000007447660/2019-nissan-leaf-hatch?referringPage=SearchResults
Ford,Falcon,2003,No,N/A,"193,633",," Left Side Damage, Selling De-Registered",N/A,5,Petrol,https://manheim.co.nz/damaged-vehicles/000000000007447662/2003-ford-falcon-ba-falcon-xr8-4a-sedan?referringPage=SearchResults
Nissan,Navara,2016,No,$0,N/A,," Right Side Damage, Structural Damage, Selling De-Registered","Manual,",N/A,Diesel,https://manheim.co.nz/damaged-vehicles/000000000007447694/2016-nissan-navara-st-utility?referringPage=SearchResults
Mazda,Axela,2006,Yes,$0,N/A,," Engine Damage, Left Front Damage, Left Rear Damage, Dismantled - Engine, Selling Registered","Automatic,",5,Petrol,https://manheim.co.nz/damaged-vehicles/000000000007427740/2006-mazda-axela-hatch?referringPage=SearchResults
Tesla,Model 3,2021,No,N/A,"117,465",," Rear Damage, Structural Damage, Selling De-Registered",N/A,5,Electric,https://manheim.co.nz/damaged-vehicles/000000000007427870/2021-tesla-model-3-sedan?referringPage=SearchResults
Holden,Calais Auto,1995,No,$0,N/A,, Selling De-Registered,N/A,N/A,Petrol,https://manheim.co.nz/damaged-vehicles/000000000007438003/1995-holden-calais-auto-sedan?referringPage=SearchResults
Ford,Falcon,1997,No,$0,"183,398",," Left Front Damage, Right Front Damage, Airbags Deployed, Selling De-Registered","Automatic,",5,Petrol,https://manheim.co.nz/damaged-vehicles/000000000007438010/1997-ford-falcon-el-xr6-4-0p-4at-sedan?referringPage=SearchResults
Toyota,Hiace,2017,Yes,N/A,"276,503",," Roof Damage, Selling Registered",N/A,2,Diesel,https://manheim.co.nz/damaged-vehicles/000000000007438055/2017-toyota-hiace-zx-td-3-0dt-4at-panel-van?referringPage=SearchResults
Ford,Ranger,2020,No,N/A,"107,717",," Front Damage, Right Side Damage, Structural Damage, Selling De-Registered","10spd Automatic,",5,Diesel,https://manheim.co.nz/damaged-vehicles/000000000007438127/2020-ford-ranger-wildtrak-2-0d-4wd-utility?referringPage=SearchResults
Land Rover,Range Rover Evoque,2019,No,N/A,"59,778",," Rear Damage, Structural Damage, Selling De-Registered","Automatic,",5,Petrol,https://manheim.co.nz/damaged-vehicles/000000000007448132/2019-land-rover-range-rover-evoque-p250-se-2-0p-4wd-9a-station-wagon?referringPage=SearchResults
Hyundai,IX35,2015,Yes,N/A,"178,593",, Selling Registered,"6spd Automatic,",5,Petrol,https://manheim.co.nz/damaged-vehicles/000000000007428167/2015-hyundai-ix35-gdi2-0elite6a-2-0p6-station-wagon?referringPage=SearchResults
Toyota,Yaris Cross,2026,No,N/A,N/A,," Left Side Damage, Right Front Damage, Structural Damage, Selling De-Registered","Automatic,",5,Petrol,https://manheim.co.nz/damaged-vehicles/000000000007448211/2026-toyota-yaris-cross-limited-1-5ph-hd-station-wagon?referringPage=SearchResults
Ford,Transit,2016,No,N/A,"396,110",," Rear Damage, Right Side Damage, Structural Damage, Selling De-Registered",N/A,3,Diesel,https://manheim.co.nz/damaged-vehicles/000000000007438231/2016-ford-transit-350l-lwb-van-2-2d-6-high-roof-van?referringPage=SearchResults
Mercedes-Benz,E55,2004,No,N/A,"67,348",," Chassis Damage, Front Damage, Left Rear Damage, Structural Damage, Selling De-Registered",N/A,5,Petrol,https://manheim.co.nz/damaged-vehicles/000000000007448250/2004-mercedes-benz-e55-e-class-sedan?referringPage=SearchResults
Renault,Clio,2014,No,$0,"63,877",," Front Damage, Left Front Damage, Left Rear Damage, Right Front Damage, Airbags Deployed, Structural Damage, Selling De-Registered","6spd Automatic,",5,Petrol,https://manheim.co.nz/damaged-vehicles/000000000007428331/2014-renault-clio-expression-1-2p-6at-hatch?referringPage=SearchResults
TRAILER,Trayla,2021,No,$801,N/A,0," Rear Damage, Structural Damage, Selling De-Registered",N/A,N/A,N/A,https://manheim.co.nz/damaged-vehicles/000000000007448357/2021-trailer-trayla-camper-trailer?referringPage=SearchResults
Hyundai,Kona,2023,No,N/A,"49,737",," Underbody Damage, Structural Damage, Selling De-Registered","Automatic, Fuel Type, Electri",5,Electric,https://manheim.co.nz/damaged-vehicles/000000000007448420/2023-hyundai-kona-ev-64kwh-64kwh-ev-f-station-wagon?referringPage=SearchResults
Toyota,RAV4,2021,No,N/A,N/A,," Rear Damage, Right Rear Damage, Structural Damage, Selling De-Registered","Automatic,",5,Hybrid,https://manheim.co.nz/damaged-vehicles/000000000007428428/2021-toyota-rav4-gx-2-5ph-4wd-hd-station-wagon?referringPage=SearchResults
Toyota,Aqua,2014,Yes,N/A,N/A,," Ignition Damage, Left Front Damage, Left Side Damage, Vandalised - Interior, Stolen & Recovered, Selling Registered","Automatic,",5,Hybrid,https://manheim.co.nz/damaged-vehicles/000000000007448432/2014-toyota-aqua-hybrid-hatch?referringPage=SearchResults
Toyota,Hilux,2001,No,N/A,"415,457",," Front Damage, Structural Damage, Selling De-Registered","Automatic,",5,Diesel,https://manheim.co.nz/damaged-vehicles/000000000007448547/2001-toyota-hilux-3-0d-2wd-d-c-ute-5m-dual-cab-utility?referringPage=SearchResults
Mazda,MAZDA6,2013,No,$0,"190,747",," Chassis Damage, Front Damage, Structural Damage, Selling De-Registered","Automatic,",5,Petrol,https://manheim.co.nz/damaged-vehicles/000000000007438543/2013-mazda-mazda6-ltdptr-2-5p6a-sw5d5-station-wagon?referringPage=SearchResults
Ford,Explorer,2004,Yes,$0,"175,050",, Selling Registered,"Automatic,",7,Petrol,https://manheim.co.nz/damaged-vehicles/000000000007448581/2004-ford-explorer-xlt-station-wagon?referringPage=SearchResults
Nissan,X-trail,2018,No,N/A,"111,211",," Front Damage, Glass Broken, Rear Damage, Structural Damage, Selling De-Registered",N/A,5,Hybrid,https://manheim.co.nz/damaged-vehicles/000000000007428779/2018-nissan-x-trail-station-wagon?referringPage=SearchResults
Toyota,Aqua,2022,No,N/A,"83,856",," Front Damage, Airbags Deployed, Structural Damage, Selling De-Registered","Automatic,",N/A,Hybrid,https://manheim.co.nz/damaged-vehicles/000000000007428788/2022-toyota-aqua-sedan?referringPage=SearchResults
Audi,A4,2014,No,$0,"180,978",," Front Damage, Right Front Damage, Structural Damage, Suspension Damage, Selling De-Registered","Automatic,",5,Petrol,https://manheim.co.nz/damaged-vehicles/000000000007428874/2014-audi-a4-avtfsiq-2-0p7a-sw4d-station-wagon?referringPage=SearchResults
Nissan,NV200,2017,No,$0,N/A,," Front Damage, Airbags Deployed, Structural Damage, Selling De-Registered","Automatic,",5,Petrol,https://manheim.co.nz/damaged-vehicles/000000000007438873/2017-nissan-nv200-vanette-panel-van?referringPage=SearchResults
Toyota,RAV4,2019,No,N/A,"165,161",," Interior Damage, Selling De-Registered",N/A,5,Hybrid,https://manheim.co.nz/damaged-vehicles/000000000007438891/2019-toyota-rav4-gx-2-5ph-4wd-hd-station-wagon?referringPage=SearchResults
Mazda,CX-5,2016,No,$0,N/A,," Chassis Damage, Front Damage, Structural Damage, Selling De-Registered","6spd Automatic,",5,Diesel,https://manheim.co.nz/damaged-vehicles/000000000007438895/2016-mazda-cx-5-gsx-dsl-2-2d-4wd-6a-station-wagon?referringPage=SearchResults
Mitsubishi,Galant,2012,Yes,N/A,"175,291",," No Major Panel Dmg, Selling Registered","6spd Automatic,",5,Petrol,https://manheim.co.nz/damaged-vehicles/000000000007448929/2012-mitsubishi-galant-fortis-sedan?referringPage=SearchResults
Toyota,Hilux,2019,Yes,N/A,"155,293",," Stolen & Recovered, Selling Registered","Automatic,",5,Diesel,https://manheim.co.nz/damaged-vehicles/000000000007378962/2019-toyota-hilux-sr-td-dc-2-8dt-dual-cab-utility?referringPage=SearchResults
Nissan,Serena,2012,No,$0,N/A,," Front Damage, Structural Damage, Selling De-Registered",N/A,8,Hybrid,https://manheim.co.nz/damaged-vehicles/000000000007439001/2012-nissan-serena-station-wagon?referringPage=SearchResults
Ford,Territory,2014,No,$0,N/A,," Fire Damage, Fire - Entire Vehicle, Structural Damage, Stolen & Recovered, Selling De-Registered",N/A,7,Diesel,https://manheim.co.nz/damaged-vehicles/000000000007439005/2014-ford-territory-titanium-awd-diesel-station-wagon?referringPage=SearchResults
ELDDIS,Supersirocco,2005,No,"$6,000",N/A,0," Interior Damage, Water Damage, Selling De-Registered",N/A,N/A,N/A,https://manheim.co.nz/damaged-vehicles/000000000007449018/2005-elddis-supersirocco-caravan?referringPage=SearchResults
Mazda,BT-50,2015,No,N/A,N/A,," Stolen & Recovered, Selling De-Registered","Automatic,",5,Diesel,https://manheim.co.nz/damaged-vehicles/000000000007429037/2015-mazda-bt-50-utility?referringPage=SearchResults
Hyundai,I30,2009,Yes,$0,"136,524",," Front Damage, Glass Broken, Roof Damage, Selling Registered","5spd Automatic,",5,Petrol,https://manheim.co.nz/damaged-vehicles/000000000007439066/2009-hyundai-i30-station-wagon?referringPage=SearchResults
Toyota,Aqua,2016,Yes,N/A,"175,291",," Stolen & Recovered, Selling Registered","Automatic,",5,Hybrid,https://manheim.co.nz/damaged-vehicles/000000000007449123/2016-toyota-aqua-hatch?referringPage=SearchResults
GWM,Haval H6,2025,No,$0,N/A,," Left Side Damage, Rear Damage, Right Rear Damage, Structural Damage, Suspension Damage, Selling De-Registered",N/A,5,Hybrid,https://manheim.co.nz/damaged-vehicles/000000000007419120/2025-gwm-haval-h6-ultra-2wd-hybrid-1--station-wagon?referringPage=SearchResults
Mazda,Atenza,2008,Yes,$0,1,, Selling Registered,"Automatic,",5,Petrol,https://manheim.co.nz/damaged-vehicles/000000000007439189/2008-mazda-atenza-station-wagon?referringPage=SearchResults
Mercedes-Benz,CLS 500,2005,Yes,$0,"102,319",, Selling Registered,"Automatic,",4,Petrol,https://manheim.co.nz/damaged-vehicles/000000000007439193/2005-mercedes-benz-cls-500-sedan?referringPage=SearchResults
Subaru,XV,2013,No,N/A,"159,574",," Structural Damage, Salt Water Damage, Water Damage, Selling De-Registered",N/A,5,Petrol,https://manheim.co.nz/damaged-vehicles/000000000007449229/2013-subaru-xv-hatch?referringPage=SearchResults
Mazda,Atenza,2002,No,$0,N/A,," Left Front Damage, Rear Damage, Right Rear Damage, Structural Damage, Selling De-Registered","Automatic,",5,Petrol,https://manheim.co.nz/damaged-vehicles/000000000007439243/2002-mazda-atenza-hatch?referringPage=SearchResults
Mitsubishi,Outlander,2023,No,N/A,"72,159",," Left Front Damage, Structural Damage, Selling De-Registered","Automatic,",5,N/A,https://manheim.co.nz/damaged-vehicles/000000000007449265/2023-mitsubishi-outlander-ls-phev-4wd-at-station-wagon?referringPage=SearchResults
Mazda,Atenza,2006,No,$0,N/A,," Right Front Damage, Right Side Damage, Structural Damage, Suspension Damage, Selling De-Registered","Automatic,",5,Petrol,https://manheim.co.nz/damaged-vehicles/000000000007419378/2006-mazda-atenza-station-wagon?referringPage=SearchResults
FACTORY BUILT,Commercial,2002,No,$520,1,0," Front Damage, Structural Damage, Selling De-Registered",N/A,N/A,N/A,https://manheim.co.nz/damaged-vehicles/000000000007419414/2002-factory-built-commercial-trailer?referringPage=SearchResults
FACTORY BUILT,Sterline SE 510,2005,No,"$1,840",N/A,0," Front Damage, Rear Damage, Structural Damage, Selling De-Registered",N/A,N/A,N/A,https://manheim.co.nz/damaged-vehicles/000000000007449521/2005-factory-built-sterline-se-510-caravan?referringPage=SearchResults
Hyundai,Tucson,2023,No,N/A,"120,098",, Selling De-Registered,"7spd Automatic,",5,Petrol,https://manheim.co.nz/damaged-vehicles/000000000007449702/2023-hyundai-tucson-1-6t-active-2wd-1-6-station-wagon?referringPage=SearchResults
Suzuki,Swift,2019,No,$0,"16,625",," Left Front Damage, Right Front Damage, Right Rear Damage, Right Side Damage, Structural Damage, Selling De-Registered","Automatic,",5,Petrol,https://manheim.co.nz/damaged-vehicles/000000000007439789/2019-suzuki-swift-plus-1-2p-cvt-hatch?referringPage=SearchResults
Toyota,Highlander,2005,No,$0,"251,973",," Front Damage, Rear Damage, Structural Damage, Selling De-Registered","Automatic,",5,Petrol,https://manheim.co.nz/damaged-vehicles/000000000007449924/2005-toyota-highlander-3-3p-4wd-5a-station-wagon?referringPage=SearchResults
Toyota,Yaris Cross,2021,No,N/A,N/A,," Front Damage, Structural Damage, Selling De-Registered","Automatic,",5,Hybrid,https://manheim.co.nz/damaged-vehicles/000000000007449928/2021-toyota-yaris-cross-gx-1-5ph-hd-station-wagon?referringPage=SearchResults
Hyundai,i30,2013,No,$0,"70,868",," Rear Damage, Structural Damage, Selling De-Registered","Manual,",5,Petrol,https://manheim.co.nz/damaged-vehicles/000000000007449930/2013-hyundai-i30-hatch?referringPage=SearchResults
Toyota,Sprinter,1993,Yes,$0,"149,171",," Ignition Damage, Vandalised - Interior, Stolen & Recovered, Selling Registered","Automatic,",4,Petrol,https://manheim.co.nz/damaged-vehicles/000000000007439939/1993-toyota-sprinter-marino-sedan?referringPage=SearchResults
Subaru,Impreza,2012,Yes,$0,"135,508",," Right Side Damage, Stolen & Recovered, Selling Registered","Automatic,",5,Petrol,https://manheim.co.nz/damaged-vehicles/000000000007449950/2012-subaru-impreza-g4-hatch?referringPage=SearchResults
Mercedes-Benz,A180,2013,No,$0,"92,205",," Right Front Damage, Right Rear Damage, Right Side Damage, Structural Damage, Selling De-Registered","Automatic,",5,Petrol,https://manheim.co.nz/damaged-vehicles/000000000007449963/2013-mercedes-benz-a180-hatch?referringPage=SearchResults
Ford,Telstar 2.0GL Auto,1989,No,$0,"330,400",," Front Damage, Structural Damage, Selling De-Registered",N/A,5,Petrol,https://manheim.co.nz/damaged-vehicles/000000000007449964/1989-ford-telstar-2-0gl-auto-sedan?referringPage=SearchResults
Toyota,Wish,2004,Yes,$0,"234,421",," Left Front Damage, Left Rear Damage, Rear Damage, Selling Registered","Automatic,",7,Petrol,https://manheim.co.nz/damaged-vehicles/000000000007449966/2004-toyota-wish-station-wagon?referringPage=SearchResults
Mazda,Demio,2006,Yes,$0,"178,189",," Front Damage, Left Rear Damage, Vandalised - Interior, Stolen & Recovered, Selling Registered","Automatic,",5,Petrol,https://manheim.co.nz/damaged-vehicles/000000000007449969/2006-mazda-demio-hatch?referringPage=SearchResults
