Manufacturer,Model,Year,Registration Status,Price,Mileage,Keys,Damage description,Transmission,Seats,Fuel Type,Link
Mitsubishi,Pajero,2005,Yes,N/A,"285,698",," Right Side Damage, Selling Registered",N/A,7,Petrol,https://manheim.co.nz/damaged-vehicles/000000000007450005/2005-mitsubishi-pajero-4wd-3-8p-exceed-lwb-station-wagon?referringPage=SearchResults
Nissan,Leaf,2013,No,$0,"98,194",," Left Front Damage, Right Front Damage, Airbags Deployed, Structural Damage, Selling De-Registered","Automatic, Fuel Type, Electri",5,Electric,https://manheim.co.nz/damaged-vehicles/000000000007450032/2013-nissan-leaf-hatch?referringPage=SearchResults
Toyota,Hilux,2012,No,N/A,"269,947",," Front Damage, Structural Damage, Selling De-Registered",N/A,5,Diesel,https://manheim.co.nz/damaged-vehicles/000000000007450038/2012-toyota-hilux-4wd-3-0td-dc-ute-5m-utility?referringPage=SearchResults
Toyota,Prius,2012,No,$0,N/A,," Right Side Damage, Selling De-Registered",N/A,7,Hybrid,https://manheim.co.nz/damaged-vehicles/000000000007450092/2012-toyota-prius-hybrid-station-wagon?referringPage=SearchResults
Honda,CBR,2023,No,$0,"14,698",," Left Side Damage, Right Side Damage, Structural Damage, Selling De-Registered",N/A,N/A,Petrol,https://manheim.co.nz/damaged-vehicles/000000000007430095/2023-honda-cbr-650-ra-motorcycle?referringPage=SearchResults
Toyota,Wish,2008,No,$0,"148,667",," Left Side Damage, Structural Damage, Selling De-Registered",N/A,7,Petrol,https://manheim.co.nz/damaged-vehicles/000000000007450101/2008-toyota-wish-station-wagon?referringPage=SearchResults
Holden,Commodore,2020,No,$0,N/A,," Rear Damage, Structural Damage, Selling De-Registered","Automatic,",5,Petrol,https://manheim.co.nz/damaged-vehicles/000000000007430111/2020-holden-commodore-lt-wagon-2-0pt-station-wagon?referringPage=SearchResults
Ford,Ranger,2018,No,N/A,"283,275",," Front Damage, Roof Damage, Right Side Damage, Structural Damage, Selling De-Registered","Automatic,",5,Diesel,https://manheim.co.nz/damaged-vehicles/000000000007440180/2018-ford-ranger-xl-double-cab-w-sa-dual-cab-utility?referringPage=SearchResults
Toyota,RAV4,1999,No,$0,"272,737",," Front Damage, Structural Damage, Selling De-Registered",N/A,4,Petrol,https://manheim.co.nz/damaged-vehicles/000000000007450298/1999-toyota-rav4-2-0p-4wd-wagon3-4a-station-wagon?referringPage=SearchResults
Kia,Sportage,2016,Yes,N/A,"83,876",, Selling Registered,"6spd Automatic,",5,Petrol,https://manheim.co.nz/damaged-vehicles/000000000007450299/2016-kia-sportage-ex-2-4p-4wd-6at-station-wagon?referringPage=SearchResults
Toyota,Corolla,2003,No,$0,"197,303",," Right Front Damage, Right Rear Damage, Right Side Damage, Structural Damage, Selling De-Registered","Automatic,",5,Petrol,https://manheim.co.nz/damaged-vehicles/000000000007450308/2003-toyota-corolla-runx-hatch?referringPage=SearchResults
Toyota,Prius,2018,No,N/A,"88,301",," Front Damage, Left Front Damage, Left Rear Damage, Right Front Damage, Structural Damage, Selling De-Registered","Automatic,",5,Hybrid,https://manheim.co.nz/damaged-vehicles/000000000007450312/2018-toyota-prius-hatch?referringPage=SearchResults
Mazda,Axela,2015,No,$0,N/A,," Rear Damage, Structural Damage, Selling De-Registered",N/A,5,Petrol,https://manheim.co.nz/damaged-vehicles/000000000007450313/2015-mazda-axela-sedan?referringPage=SearchResults
Nissan,Lafesta,2012,Yes,$0,N/A,," Ignition Damage, Stolen & Recovered, Selling Registered","Automatic,",7,Petrol,https://manheim.co.nz/damaged-vehicles/000000000007450314/2012-nissan-lafesta-station-wagon?referringPage=SearchResults
Skoda,Fabia,2018,No,$0,"85,193",," Front Damage, Left Front Damage, Right Front Damage, Structural Damage, Selling De-Registered","Automatic,",5,Petrol,https://manheim.co.nz/damaged-vehicles/000000000007450318/2018-skoda-fabia-81kw-tsi-dsg-1-0p-hatch?referringPage=SearchResults
Toyota,Porte,2013,No,$0,"116,353",," Front Damage, Airbags Deployed, Structural Damage, Selling De-Registered","Automatic,",5,Petrol,https://manheim.co.nz/damaged-vehicles/000000000007450322/2013-toyota-porte-hatch?referringPage=SearchResults
Mazda,Demio,2006,No,$0,"121,706",," Front Damage, Glass Broken, Ignition Damage, Left Front Damage, Left Rear Damage, Rear Damage, Right Front Damage, Right Side Damage, Vandalised - Interior, Structural Damage, Selling De-Registered","Automatic,",5,Petrol,https://manheim.co.nz/damaged-vehicles/000000000007450346/2006-mazda-demio-hatch?referringPage=SearchResults
Toyota,Aqua,2014,No,$0,N/A,," Front Damage, Structural Damage, Under Body Damage, Selling De-Registered",N/A,5,Hybrid,https://manheim.co.nz/damaged-vehicles/000000000007450370/2014-toyota-aqua-hybrid-hatch?referringPage=SearchResults
Mazda,Axela,2006,No,$0,"221,870",," Front Damage, Left Front Damage, Right Front Damage, Structural Damage, Selling De-Registered","Automatic,",5,Petrol,https://manheim.co.nz/damaged-vehicles/000000000007450403/2006-mazda-axela-hatch?referringPage=SearchResults
Nissan,X-trail,2008,No,$0,"146,547",," Left Rear Damage, Rear Damage, Right Rear Damage, Structural Damage, Selling De-Registered","Automatic,",5,Petrol,https://manheim.co.nz/damaged-vehicles/000000000007450406/2008-nissan-x-trail-station-wagon?referringPage=SearchResults
Toyota,Aqua,2014,No,$0,"123,712",," Left Front Damage, Structural Damage, Selling De-Registered","Automatic,",5,Hybrid,https://manheim.co.nz/damaged-vehicles/000000000007450412/2014-toyota-aqua-hatch?referringPage=SearchResults
Kawasaki,ex,2022,No,$0,"18,276",," Left Side Damage, Structural Damage, Selling De-Registered","Automatic,",N/A,Petrol,https://manheim.co.nz/damaged-vehicles/000000000007450437/2022-kawasaki-ex-400gnfan-motorcycle?referringPage=SearchResults
Volkswagen,Polo,2011,No,$0,N/A,," Front Damage, Selling De-Registered",N/A,5,Petrol,https://manheim.co.nz/damaged-vehicles/000000000007450445/2011-volkswagen-polo-hatch?referringPage=SearchResults
Suzuki,Swift,2015,No,$0,"30,717",," Front Damage, Rear Damage, Structural Damage, Selling De-Registered","Automatic,",5,Petrol,https://manheim.co.nz/damaged-vehicles/000000000007450453/2015-suzuki-swift-glxab-1-4p-4at-ha-5-hatch?referringPage=SearchResults
Toyota,Corolla,2008,Yes,$0,N/A,," Glass Broken, Ignition Damage, Stolen & Recovered, Selling Registered","Automatic,",5,Petrol,https://manheim.co.nz/damaged-vehicles/000000000007450463/2008-toyota-corolla-fielder-station-wagon?referringPage=SearchResults
GWM,Steed,2019,No,$0,"112,691",," Front Damage, Roof Damage, Structural Damage, Selling De-Registered","5spd Manual,",5,Petrol,https://manheim.co.nz/damaged-vehicles/000000000007450473/2019-gwm-steed-2-4p-5mt-utility?referringPage=SearchResults
Honda,Accord,1994,No,$0,"138,659",," Left Front Damage, Left Side Damage, Structural Damage, Selling De-Registered","4spd Automatic,",5,Petrol,https://manheim.co.nz/damaged-vehicles/000000000007440472/1994-honda-accord-sedan?referringPage=SearchResults
Toyota,Prius,2014,No,$0,N/A,," Left Rear Damage, Rear Damage, Right Rear Damage, Structural Damage, Selling De-Registered","Automatic,",5,Hybrid,https://manheim.co.nz/damaged-vehicles/000000000007450552/2014-toyota-prius-hatch?referringPage=SearchResults
Holden,Commodore,2009,Yes,$0,"227,982",," Left Side Damage, Selling Registered",N/A,5,Petrol,https://manheim.co.nz/damaged-vehicles/000000000007450580/2009-holden-commodore-omega-sedan-auto-sedan?referringPage=SearchResults
Nissan,Navara,2011,No,$0,"321,019",," Structural Damage, Selling De-Registered","Automatic,",5,Diesel,https://manheim.co.nz/damaged-vehicles/000000000007440606/2011-nissan-navara-utility?referringPage=SearchResults
Toyota,Corolla,2004,No,$0,"149,827",," Right Front Damage, Structural Damage, Selling De-Registered","Automatic,",5,Petrol,https://manheim.co.nz/damaged-vehicles/000000000007450645/2004-toyota-corolla-runx-hatch?referringPage=SearchResults
Mazda,Premacy,2010,No,$0,"179,379",," Left Front Damage, Structural Damage, Selling De-Registered","Automatic,",7,Petrol,https://manheim.co.nz/damaged-vehicles/000000000007450647/2010-mazda-premacy-station-wagon?referringPage=SearchResults
Alfa Romeo,Giulietta,2017,No,$0,"96,587",," Front Damage, Glass Broken, Left Front Damage, Right Front Damage, Right Rear Damage, Structural Damage, Selling De-Registered","Automatic,",5,Petrol,https://manheim.co.nz/damaged-vehicles/000000000007450656/2017-alfa-romeo-giulietta-qv-1-7p-6at-ha-5dr--hatch?referringPage=SearchResults
BMW,Z4,2010,No,$0,N/A,," Water Damage, Selling De-Registered","Automatic,",2,Petrol,https://manheim.co.nz/damaged-vehicles/000000000007450658/2010-bmw-z4-coup%C3%A9?referringPage=SearchResults
Maserati,Ghibli,2016,No,$0,"73,855",," Airbags Deployed, Front Damage, Airbags Deployed, Structural Damage, Selling De-Registered",N/A,5,Diesel,https://manheim.co.nz/damaged-vehicles/000000000007450661/2016-maserati-ghibli-sedan?referringPage=SearchResults
Ford,Focus,2007,No,$0,N/A,," Left Rear Damage, Left Side Damage, Roof Damage, Right Front Damage, Right Side Damage, Airbags Deployed, Structural Damage, Selling De-Registered",N/A,N/A,Petrol,https://manheim.co.nz/damaged-vehicles/000000000007450683/2007-ford-focus-2-0-m-hatch-hatch?referringPage=SearchResults
Suzuki,Swift,2006,Yes,$0,"310,020",," Left Rear Damage, Left Side Damage, Selling Registered","Automatic,",5,Petrol,https://manheim.co.nz/damaged-vehicles/000000000007450689/2006-suzuki-swift-hatch?referringPage=SearchResults
Lexus,IS300H,2014,No,N/A,"110,842",," Structural Damage, Selling De-Registered",N/A,5,Hybrid,https://manheim.co.nz/damaged-vehicles/000000000007440684/2014-lexus-is300h-sedan?referringPage=SearchResults
Mitsubishi,Mirage,1999,No,$0,"223,186",," Structural Damage, Selling De-Registered",N/A,5,Petrol,https://manheim.co.nz/damaged-vehicles/000000000007450696/1999-mitsubishi-mirage-asti-sedan?referringPage=SearchResults
Mazda,CX-7,2007,Yes,$0,"198,046",," Right Front Damage, Selling Registered",N/A,5,Petrol,https://manheim.co.nz/damaged-vehicles/000000000007450703/2007-mazda-cx-7-wagon-5-dr-auto-station-wagon?referringPage=SearchResults
Toyota,Aqua,2016,Yes,N/A,N/A,," Glass Broken, Ignition Damage, Right Side Damage, Vandalised - Interior, Stolen & Recovered, Selling Registered","Automatic,",5,Hybrid,https://manheim.co.nz/damaged-vehicles/000000000007450709/2016-toyota-aqua-hybrid-hatch?referringPage=SearchResults
Honda,CRV,2012,No,$0,N/A,," Right Front Damage, Structural Damage, Selling De-Registered",N/A,5,Petrol,https://manheim.co.nz/damaged-vehicles/000000000007450713/2012-honda-crv-s-2-0p-5at-station-wagon?referringPage=SearchResults
Suzuki,Swift,2015,No,$0,"118,804",," Front Damage, Rear Damage, Structural Damage, Selling De-Registered","Automatic,",5,Petrol,https://manheim.co.nz/damaged-vehicles/000000000007450714/2015-suzuki-swift-hatch?referringPage=SearchResults
Nissan,Maxima,2003,Yes,$0,"143,424",," Glass Broken, Right Side Damage, Selling Registered","Automatic,",5,Petrol,https://manheim.co.nz/damaged-vehicles/000000000007450718/2003-nissan-maxima-st-3-0-auto-sedan?referringPage=SearchResults
Honda,Civic,2006,No,$0,N/A,," Left Front Damage, Left Rear Damage, Rear Damage, Right Rear Damage, Structural Damage, Selling De-Registered","Automatic,",5,Petrol,https://manheim.co.nz/damaged-vehicles/000000000007450719/2006-honda-civic-2-0s-sedan?referringPage=SearchResults
Mazda,Demio,2017,No,$0,"29,700",," Structural Damage, Selling De-Registered",N/A,5,Petrol,https://manheim.co.nz/damaged-vehicles/000000000007450722/2017-mazda-demio-hatch?referringPage=SearchResults
Nissan,X-trail,2015,No,$0,"167,078",," Left Side Damage, Structural Damage, Selling De-Registered","CVT,",7,Petrol,https://manheim.co.nz/damaged-vehicles/000000000007450728/2015-nissan-x-trail-st-2-5p-6cvt-sw-5dr-station-wagon?referringPage=SearchResults
Toyota,Blade,2007,No,$0,N/A,," Left Front Damage, Rear Damage, Structural Damage, Selling De-Registered","Automatic,",5,Petrol,https://manheim.co.nz/damaged-vehicles/000000000007450732/2007-toyota-blade-hatch?referringPage=SearchResults
Toyota,Prius,2018,No,N/A,N/A,," Rear Damage, Right Rear Damage, Structural Damage, Selling De-Registered",N/A,5,Hybrid,https://manheim.co.nz/damaged-vehicles/000000000007450739/2018-toyota-prius-hatch?referringPage=SearchResults
Suzuki,Swift,2007,No,$0,N/A,," Right Rear Damage, Structural Damage, Selling De-Registered","4spd Manual,",5,Petrol,https://manheim.co.nz/damaged-vehicles/000000000007450741/2007-suzuki-swift-hatch?referringPage=SearchResults
Jeep,Compass,2021,No,N/A,"12,956",," Left Side Damage, Structural Damage, Selling De-Registered","Automatic,",5,Petrol,https://manheim.co.nz/damaged-vehicles/000000000007450743/2021-jeep-compass-longitude-2-4p-station-wagon?referringPage=SearchResults
Ford,Ranger,2016,No,N/A,"121,183",," Chassis Damage, Front Damage, Structural Damage, Selling De-Registered","Automatic,",5,Diesel,https://manheim.co.nz/damaged-vehicles/000000000007450748/2016-ford-ranger-xlt-double-cab-w-sa-dual-cab-utility?referringPage=SearchResults
Ford,Laser 1.3 XL,1991,Yes,$0,"106,160",," Glass Broken, Ignition Damage, Stolen & Recovered, Selling Registered","Automatic,",5,Petrol,https://manheim.co.nz/damaged-vehicles/000000000007450749/1991-ford-laser-1-3-xl-hatch?referringPage=SearchResults
Toyota,Highlander,2014,Yes,N/A,"209,623",," Engine Damage, Selling Registered",N/A,7,Petrol,https://manheim.co.nz/damaged-vehicles/000000000007450757/2014-toyota-highlander-limitedzr-3-5p-4wd--station-wagon?referringPage=SearchResults
Toyota,Corolla,2007,No,$0,N/A,," Right Rear Damage, Right Side Damage, Structural Damage, Selling De-Registered",N/A,5,Petrol,https://manheim.co.nz/damaged-vehicles/000000000007450758/2007-toyota-corolla-1-8p-glx-sedan-4-4a-sedan?referringPage=SearchResults
Honda,CBR,2021,No,$0,1,," Front Fork Damaged, Structural Damage, Selling De-Registered","Automatic,",N/A,Petrol,https://manheim.co.nz/damaged-vehicles/000000000007390754/2021-honda-cbr-650-p-motorcycle?referringPage=SearchResults
Nissan,Tiida,2012,Yes,$0,"252,698",," Glass Broken, Ignition Damage, Stolen & Recovered, Selling Registered","Automatic,",5,Petrol,https://manheim.co.nz/damaged-vehicles/000000000007450760/2012-nissan-tiida-latio-sedan?referringPage=SearchResults
Mazda,MAZDA3,2016,No,$0,"140,557",," Front Damage, Structural Damage, Selling De-Registered",N/A,N/A,Petrol,https://manheim.co.nz/damaged-vehicles/000000000007450764/2016-mazda-mazda3-glx-2-0p-6at-ha-5dr-hatch?referringPage=SearchResults
Suzuki,Swift,2007,Yes,$0,"163,142",," Rear Damage, Selling Registered","Automatic,",5,Petrol,https://manheim.co.nz/damaged-vehicles/000000000007450765/2007-suzuki-swift-hatch?referringPage=SearchResults
Toyota,Isis,2005,Yes,$0,"201,383",," Left Front Damage, Left Rear Damage, Selling Registered","Automatic,",7,Petrol,https://manheim.co.nz/damaged-vehicles/000000000007450768/2005-toyota-isis-platana-station-wagon?referringPage=SearchResults
Mazda,CX-3,2019,No,N/A,"30,784",," Front Damage, Structural Damage, Selling De-Registered","Automatic,",5,Petrol,https://manheim.co.nz/damaged-vehicles/000000000007450773/2019-mazda-cx-3-gsx-2-0p-6at-station-wagon?referringPage=SearchResults
Suzuki,Splash,2008,No,$0,"187,589",," Left Rear Damage, Structural Damage, Selling De-Registered","Automatic,",5,Petrol,https://manheim.co.nz/damaged-vehicles/000000000007450791/2008-suzuki-splash-hatch?referringPage=SearchResults
Toyota,Vitz,2004,No,$0,"112,630",," Front Damage, Glass Broken, Ignition Damage, Right Rear Damage, Vandalised - Interior, Stolen & Recovered, Accident Damage, Selling De-Registered","4spd Automatic,",5,Petrol,https://manheim.co.nz/damaged-vehicles/000000000007450795/2004-toyota-vitz-hatch?referringPage=SearchResults
Nissan,Note,2010,No,$0,"248,378",," Structural Damage, Selling De-Registered",N/A,5,Petrol,https://manheim.co.nz/damaged-vehicles/000000000007450797/2010-nissan-note-hatch?referringPage=SearchResults
Mazda,Demio,2007,No,$0,"199,936",," Front Damage, Structural Damage, Selling De-Registered","Manual,",5,Petrol,https://manheim.co.nz/damaged-vehicles/000000000007450799/2007-mazda-demio-hatch?referringPage=SearchResults
Ford,Ranger,2017,No,N/A,N/A,," Front Damage, Airbags Deployed, Structural Damage, Selling De-Registered",N/A,5,Diesel,https://manheim.co.nz/damaged-vehicles/000000000007440799/2017-ford-ranger-utility?referringPage=SearchResults
Hyundai,Ioniq 6,2024,No,$0,N/A,," Front Damage, Structural Damage, Selling De-Registered",N/A,5,Electric,https://manheim.co.nz/damaged-vehicles/000000000007450805/2024-hyundai-ioniq-6-53kwh-ev-fd-sedan?referringPage=SearchResults
Nissan,Note,2015,No,$0,"106,259",," Right Rear Damage, Right Side Damage, Structural Damage, Selling De-Registered","Automatic,",5,Petrol,https://manheim.co.nz/damaged-vehicles/000000000007450814/2015-nissan-note-hatch?referringPage=SearchResults
Toyota,Dyna,2010,No,$0,N/A,," Front Damage, Structural Damage, Selling De-Registered","Automatic,",3,Diesel,https://manheim.co.nz/damaged-vehicles/000000000007440812/2010-toyota-dyna-van?referringPage=SearchResults
Nissan,Bluebird,2006,No,$0,"133,256",," Rear Damage, Structural Damage, Selling De-Registered","4spd Automatic,",5,Petrol,https://manheim.co.nz/damaged-vehicles/000000000007450823/2006-nissan-bluebird-sylphy-hatch?referringPage=SearchResults
Hyundai,Tiburon,2006,No,$0,"155,487",," Front Damage, Rear Damage, Right Front Damage, Structural Damage, Selling De-Registered","Automatic,",4,Petrol,https://manheim.co.nz/damaged-vehicles/000000000007450824/2006-hyundai-tiburon-2-0-cvvt-a4-coup%C3%A9?referringPage=SearchResults
Nissan,Tiida,2007,No,$0,"106,971",," Rear Damage, Right Front Damage, Right Side Damage, Structural Damage, Selling De-Registered","Automatic,",5,Petrol,https://manheim.co.nz/damaged-vehicles/000000000007450825/2007-nissan-tiida-hatch?referringPage=SearchResults
Nissan,Pulsar,2015,No,$0,N/A,," Front Damage, Right Rear Damage, Airbags Deployed, Structural Damage, Selling De-Registered",N/A,N/A,Petrol,https://manheim.co.nz/damaged-vehicles/000000000007450828/2015-nissan-pulsar-st-hatch?referringPage=SearchResults
Toyota,Hilux,2009,No,N/A,N/A,," Rolled, Structural Damage, Selling De-Registered","Manual,",5,Diesel,https://manheim.co.nz/damaged-vehicles/000000000007450833/2009-toyota-hilux-utility?referringPage=SearchResults
Lexus,IS250,2013,No,N/A,N/A,," Rear Damage, Structural Damage, Selling De-Registered",N/A,5,Petrol,https://manheim.co.nz/damaged-vehicles/000000000007450835/2013-lexus-is250-limited-2-5p6a-sl4d-sedan?referringPage=SearchResults
Ford,Falcon,2003,No,$0,"235,969",," Front Damage, Rear Damage, Structural Damage, Selling De-Registered","4spd Automatic,",5,Petrol,https://manheim.co.nz/damaged-vehicles/000000000007450841/2003-ford-falcon-sedan?referringPage=SearchResults
Mazda,Premacy,2005,No,$0,"169,606",," Left Rear Damage, Rear Damage, Structural Damage, Selling De-Registered",N/A,7,Petrol,https://manheim.co.nz/damaged-vehicles/000000000007450842/2005-mazda-premacy-station-wagon?referringPage=SearchResults
Honda,fit,2004,No,$0,N/A,," Front Damage, Structural Damage, Selling De-Registered","Automatic,",5,Petrol,https://manheim.co.nz/damaged-vehicles/000000000007450852/2004-honda-fit-hatch?referringPage=SearchResults
Toyota,Vanguard,2010,No,$0,"114,824",," Front Damage, Rear Damage, Structural Damage, Selling De-Registered",N/A,5,Petrol,https://manheim.co.nz/damaged-vehicles/000000000007450863/2010-toyota-vanguard-station-wagon?referringPage=SearchResults
Audi,TT,2003,No,$0,"182,245",," Front Damage, Left Front Damage, Right Front Damage, Structural Damage, Selling De-Registered","Automatic,",2,Petrol,https://manheim.co.nz/damaged-vehicles/000000000007450871/2003-audi-tt-coup%C3%A9?referringPage=SearchResults
Toyota,Ipsum,2007,No,$0,N/A,," Right Rear Damage, Structural Damage, Suspension Damage, Selling De-Registered","Automatic,",6,Petrol,https://manheim.co.nz/damaged-vehicles/000000000007450877/2007-toyota-ipsum-240s-station-wagon?referringPage=SearchResults
Hyundai,Iload,2017,No,N/A,"114,827",," Front Damage, Left Side Damage, Selling De-Registered",N/A,3,Diesel,https://manheim.co.nz/damaged-vehicles/000000000007450888/2017-hyundai-iload-2-5-crdi-manual-van?referringPage=SearchResults
Land Rover,Discovery,2013,No,N/A,"157,373",," Right Rear Damage, Structural Damage, Selling De-Registered","Automatic,",7,Diesel,https://manheim.co.nz/damaged-vehicles/000000000007450894/2013-land-rover-discovery-sdv6-xs-station-wagon?referringPage=SearchResults
Nissan,Cube,2003,No,$0,"233,846",," Rear Damage, Structural Damage, Selling De-Registered",N/A,5,Petrol,https://manheim.co.nz/damaged-vehicles/000000000007450904/2003-nissan-cube-station-wagon?referringPage=SearchResults
BMW,630i,2006,No,$0,"1,234",," Fire - Entire Vehicle, Structural Damage, Selling De-Registered",N/A,N/A,Petrol,https://manheim.co.nz/damaged-vehicles/000000000007450909/2006-bmw-630i-sedan?referringPage=SearchResults
Kia,Sorento,2022,No,N/A,N/A,," Left Side Damage, Airbags Deployed, Structural Damage, Water Damage, Selling De-Registered",N/A,7,Diesel,https://manheim.co.nz/damaged-vehicles/000000000007440957/2022-kia-sorento-lx-2-2dt-4wd-8am-station-wagon?referringPage=SearchResults
Toyota,Camry,2013,No,$0,"111,201",," Front Damage, Left Side Damage, Rear Damage, Structural Damage, Selling De-Registered",N/A,5,Hybrid,https://manheim.co.nz/damaged-vehicles/000000000007440985/2013-toyota-camry-sedan?referringPage=SearchResults
Toyota,Markx,2010,No,$0,N/A,," Front Damage, Structural Damage, Selling De-Registered",N/A,5,Petrol,https://manheim.co.nz/damaged-vehicles/000000000007451014/2010-toyota-markx-250g-sedan?referringPage=SearchResults
Volkswagen,Tiguan,2014,No,$0,"113,882",," Front Damage, Rear Damage, Structural Damage, Selling De-Registered",N/A,5,Petrol,https://manheim.co.nz/damaged-vehicles/000000000007451015/2014-volkswagen-tiguan-station-wagon?referringPage=SearchResults
Nissan,Tiida,2009,No,$0,"108,053",," Right Front Damage, Right Rear Damage, Structural Damage, Selling De-Registered","Automatic,",5,Petrol,https://manheim.co.nz/damaged-vehicles/000000000007451022/2009-nissan-tiida-hatch?referringPage=SearchResults
Nissan,Fuga,2007,No,$0,"94,867",," Rear Damage, Structural Damage, Selling De-Registered",N/A,5,Petrol,https://manheim.co.nz/damaged-vehicles/000000000007451032/2007-nissan-fuga-350gt-sedan?referringPage=SearchResults
Toyota,SAI,2011,No,$0,"274,369",," Rear Damage, Right Rear Damage, Structural Damage, Selling De-Registered","Automatic,",5,Hybrid,https://manheim.co.nz/damaged-vehicles/000000000007451034/2011-toyota-sai-sedan?referringPage=SearchResults
Toyota,Hiace,2018,No,N/A,N/A,," Front Damage, Left Side Damage, Right Side Damage, Structural Damage, Selling De-Registered","Automatic,",10,Diesel,https://manheim.co.nz/damaged-vehicles/000000000007451038/2018-toyota-hiace-regius-ace-mini-bus?referringPage=SearchResults
Holden,Captiva,2015,No,$0,"143,658",," Right Front Damage, Structural Damage, Selling De-Registered","Automatic,",7,Petrol,https://manheim.co.nz/damaged-vehicles/000000000007451039/2015-holden-captiva-7-ls-equipe-2-4p-6a-station-wagon?referringPage=SearchResults
Honda,fit,2005,No,$0,"102,856",," Engine Damage, Selling De-Registered","Automatic,",5,Petrol,https://manheim.co.nz/damaged-vehicles/000000000007451045/2005-honda-fit-hatch?referringPage=SearchResults
Jaguar,F-pace,2018,No,N/A,"102,113",," Airbags Deployed, Front Damage, Structural Damage, Selling De-Registered",N/A,5,Diesel,https://manheim.co.nz/damaged-vehicles/000000000007451049/2018-jaguar-f-pace-station-wagon?referringPage=SearchResults
Ford,Ranger,2016,No,N/A,"166,329",," Water Damage, Selling De-Registered","Automatic,",5,Diesel,https://manheim.co.nz/damaged-vehicles/000000000007451050/2016-ford-ranger-xlt-double-cab-w-sa-dual-cab-chassis?referringPage=SearchResults
Toyota,Altezza,1998,No,$0,"344,276",," Front Damage, Left Front Damage, Right Front Damage, Structural Damage, Selling De-Registered","6spd Manual,",5,Petrol,https://manheim.co.nz/damaged-vehicles/000000000007451060/1998-toyota-altezza-sedan?referringPage=SearchResults
Nissan,Pulsar,2000,Yes,$0,"192,948",," Glass Broken, Malicious/Vandalised, Vandalized All Panel Dmg, Selling Registered","Manual,",5,Petrol,https://manheim.co.nz/damaged-vehicles/000000000007451062/2000-nissan-pulsar-1-6-lx-5dr-5m-p-hatch?referringPage=SearchResults
Mazda,Atenza,2013,No,$0,N/A,," Front Damage, Structural Damage, Selling De-Registered",N/A,5,N/A,https://manheim.co.nz/damaged-vehicles/000000000007451083/2013-mazda-atenza-sedan?referringPage=SearchResults
Suzuki,Swift,2015,No,$0,N/A,," Right Front Damage, Right Side Damage, Structural Damage, Selling De-Registered",N/A,5,Petrol,https://manheim.co.nz/damaged-vehicles/000000000007451088/2015-suzuki-swift-hatch?referringPage=SearchResults
Yamaha,YZF-R3A,2022,No,$0,N/A,," Front Damage, Left Side Damage, Right Side Damage, Structural Damage, Selling De-Registered","Manual,",N/A,Petrol,https://manheim.co.nz/damaged-vehicles/000000000007441095/2022-yamaha-yzf-r3a-m-motorcycle?referringPage=SearchResults
Ford,Courier,2005,No,$0,"253,734",," Glass Broken, Ignition Damage, Structural Damage, Stolen & Recovered, Selling De-Registered","Automatic,",5,Diesel,https://manheim.co.nz/damaged-vehicles/000000000007451101/2005-ford-courier-2-5td-xlx-cr-w-s-4x-dual-cab-utility?referringPage=SearchResults
Toyota,Auris,2008,No,$0,N/A,," Left Side Damage, Right Side Damage, Structural Damage, Selling De-Registered",N/A,5,Petrol,https://manheim.co.nz/damaged-vehicles/000000000007451127/2008-toyota-auris-hatch?referringPage=SearchResults
Holden,Colorado,2013,No,$0,"182,212",," Chassis Damage, Rear Damage, Structural Damage, Selling De-Registered","6spd Automatic,",5,Diesel,https://manheim.co.nz/damaged-vehicles/000000000007451132/2013-holden-colorado-ltzdcpu-2-8d-4wd-6a-utility?referringPage=SearchResults
Toyota,Prius,2012,No,$0,N/A,," Front Damage, Left Front Damage, Left Rear Damage, Left Side Damage, Structural Damage, Selling De-Registered","CVT,",5,Hybrid,https://manheim.co.nz/damaged-vehicles/000000000007441140/2012-toyota-prius-hatch?referringPage=SearchResults
Toyota,Aqua,2013,No,$0,"55,105",," Left Front Damage, Right Front Damage, Right Rear Damage, Structural Damage, Selling De-Registered","Automatic,",5,Hybrid,https://manheim.co.nz/damaged-vehicles/000000000007441148/2013-toyota-aqua-hatch?referringPage=SearchResults
Nissan,Urvan,2009,No,$0,N/A,," Engine Damage, Interior Damage, Water Damage, Selling De-Registered","Automatic,",3,N/A,https://manheim.co.nz/damaged-vehicles/000000000007431149/2009-nissan-urvan-3-0-diesel-manual-van?referringPage=SearchResults
Nissan,March,2010,No,$0,"156,462",," Left Rear Damage, Structural Damage, Selling De-Registered","Automatic,",5,Petrol,https://manheim.co.nz/damaged-vehicles/000000000007451160/2010-nissan-march-hatch?referringPage=SearchResults
Ford,Ltd,1992,No,$0,"171,582",," Interior Damage, Selling De-Registered","Automatic,",5,Petrol,https://manheim.co.nz/damaged-vehicles/000000000007451175/1992-ford-ltd-sedan?referringPage=SearchResults
Kia,Cerato,2011,No,$0,N/A,," Front Damage, Structural Damage, Selling De-Registered",N/A,5,Petrol,https://manheim.co.nz/damaged-vehicles/000000000007451181/2011-kia-cerato-2-0-petrol-auto-lx-hatch?referringPage=SearchResults
Nissan,Tiida,2010,No,$0,N/A,," Right Front Damage, Right Side Damage, Structural Damage, Suspension Damage, Selling De-Registered",N/A,5,Petrol,https://manheim.co.nz/damaged-vehicles/000000000007451182/2010-nissan-tiida-latio-sedan?referringPage=SearchResults
Mazda,Demio,2011,Yes,$0,"110,281",," Engine Damage, Front Damage, Stolen & Recovered, Suspension Damage, Selling Registered","5spd Automatic,",5,Petrol,https://manheim.co.nz/damaged-vehicles/000000000007451187/2011-mazda-demio-hatch?referringPage=SearchResults
Toyota,RAV4,2008,No,$0,"197,109",," Rear Damage, Right Rear Damage, Structural Damage, Selling De-Registered","Automatic,",5,Petrol,https://manheim.co.nz/damaged-vehicles/000000000007451191/2008-toyota-rav4-station-wagon?referringPage=SearchResults
Nissan,Tiida,2006,No,$0,N/A,," Engine Damage, Front Damage, Airbags Deployed, Structural Damage, Selling De-Registered","Automatic,",5,Petrol,https://manheim.co.nz/damaged-vehicles/000000000007431191/2006-nissan-tiida-sedan?referringPage=SearchResults
Nissan,Murano,2007,No,$0,N/A,," Right Front Damage, Right Rear Damage, Airbags Deployed, Structural Damage, Selling De-Registered",N/A,5,Petrol,https://manheim.co.nz/damaged-vehicles/000000000007421215/2007-nissan-murano-station-wagon?referringPage=SearchResults
Ford,Ranger,2021,No,N/A,"159,388",," Chassis Damage, Rear Damage, Structural Damage, Selling De-Registered","Automatic,",5,Diesel,https://manheim.co.nz/damaged-vehicles/000000000007451214/2021-ford-ranger-xlt-double-cab-w-s-dual-cab-utility?referringPage=SearchResults
Land Rover,Range Rover,2014,No,N/A,"125,893",," Right Rear Damage, Right Side Damage, Structural Damage, Selling De-Registered","Automatic,",5,Diesel,https://manheim.co.nz/damaged-vehicles/000000000007451222/2014-land-rover-range-rover-sdv8-vogue-se-4-4d-station-wagon?referringPage=SearchResults
Toyota,Prius,2011,No,$0,N/A,," Front Damage, Structural Damage, Selling De-Registered","Automatic,",5,Hybrid,https://manheim.co.nz/damaged-vehicles/000000000007451236/2011-toyota-prius-hybrid-station-wagon?referringPage=SearchResults
Mitsubishi,Delica,2007,No,$0,N/A,," Front Damage, Glass Broken, Left Front Damage, Left Rear Damage, Rear Damage, Right Front Damage, Right Rear Damage, Right Side Damage, Structural Damage, Selling De-Registered",N/A,8,Petrol,https://manheim.co.nz/damaged-vehicles/000000000007451264/2007-mitsubishi-delica-station-wagon?referringPage=SearchResults
Mitsubishi,Mirage,1996,No,$0,N/A,," Left Front Damage, Structural Damage, Selling De-Registered","Automatic,",5,Petrol,https://manheim.co.nz/damaged-vehicles/000000000007451300/1996-mitsubishi-mirage-asti-v-sedan?referringPage=SearchResults
Suzuki,GSX250FRLL9,2021,No,$0,N/A,, Selling De-Registered,"Automatic,",N/A,Petrol,https://manheim.co.nz/damaged-vehicles/000000000007411314/2021-suzuki-gsx250frll9-motorcycle?referringPage=SearchResults
Holden,Trax,2020,No,$0,"86,309",," Front Damage, Structural Damage, Selling De-Registered","Automatic,",5,Petrol,https://manheim.co.nz/damaged-vehicles/000000000007451334/2020-holden-trax-ls-1-4p-6at-station-wagon?referringPage=SearchResults
Nissan,Pulsar,2015,No,$0,N/A,," Rear Damage, Right Rear Damage, Structural Damage, Selling De-Registered","Automatic,",5,Petrol,https://manheim.co.nz/damaged-vehicles/000000000007451335/2015-nissan-pulsar-st-hatch?referringPage=SearchResults
Nissan,Micra,2007,No,$0,"189,006",," Rear Damage, Structural Damage, Selling De-Registered","Automatic,",5,Petrol,https://manheim.co.nz/damaged-vehicles/000000000007451336/2007-nissan-micra-1-4-petrol-hatch-mt-hatch?referringPage=SearchResults
Nissan,Primera,1999,Yes,$0,N/A,," Glass Broken, Ignition Damage, Right Side Damage, Vandalised - Interior, Stolen & Recovered, Selling Registered","5spd Manual,",5,Petrol,https://manheim.co.nz/damaged-vehicles/000000000007451350/1999-nissan-primera-2-0-gx-sedan-manual-sedan?referringPage=SearchResults
Toyota,Alphard,2004,No,$0,"355,929",," Front Damage, Rear Damage, Structural Damage, Selling De-Registered",N/A,8,Petrol,https://manheim.co.nz/damaged-vehicles/000000000007451395/2004-toyota-alphard-station-wagon?referringPage=SearchResults
Toyota,Corolla GX 1.8P/CVT/SL/4DR/5,2014,No,$0,N/A,," Front Damage, Glass Broken, Left Front Damage, Left Rear Damage, Left Side Damage, Rear Damage, Right Front Damage, Right Rear Damage, Right Side Damage, Structural Damage, Selling De-Registered","Automatic,",5,Petrol,https://manheim.co.nz/damaged-vehicles/000000000007451396/2014-toyota-corolla-gx-1-8p-cvt-sl-4dr-5-sedan?referringPage=SearchResults
Toyota,Hiace,2010,No,N/A,N/A,," Left Rear Damage, Rear Damage, Structural Damage, Selling De-Registered",N/A,3,Petrol,https://manheim.co.nz/damaged-vehicles/000000000007451397/2010-toyota-hiace-van?referringPage=SearchResults
GWM,Haval Jolion,2024,No,$0,N/A,," Front Damage, Roof Damage, Right Side Damage, Structural Damage, Selling De-Registered","Automatic,",5,Hybrid,https://manheim.co.nz/damaged-vehicles/000000000007451399/2024-gwm-haval-jolion-ultra-2wd-hybrid-1--station-wagon?referringPage=SearchResults
Mazda,Axela,2008,No,$0,N/A,," Front Damage, Left Front Damage, Right Front Damage, Structural Damage, Selling De-Registered",N/A,5,Petrol,https://manheim.co.nz/damaged-vehicles/000000000007451400/2008-mazda-axela-hatch?referringPage=SearchResults
Ford,Ranger,2012,Yes,N/A,N/A,, Selling Registered,"6spd Automatic,",5,Diesel,https://manheim.co.nz/damaged-vehicles/000000000007441417/2012-ford-ranger-3-2td-xlt-dc-w-s-4x-dual-cab-utility?referringPage=SearchResults
Nissan,Tiida,2010,No,$0,"160,358",," Front Damage, Left Side Damage, Rear Damage, Structural Damage, Selling De-Registered","4spd Automatic,",5,Petrol,https://manheim.co.nz/damaged-vehicles/000000000007451444/2010-nissan-tiida-hatch?referringPage=SearchResults
Suzuki,Grand Vitara,2012,No,$0,"102,684",," Right Side Damage, Structural Damage, Selling De-Registered","Manual,",4,Petrol,https://manheim.co.nz/damaged-vehicles/000000000007451466/2012-suzuki-grand-vitara-hatch?referringPage=SearchResults
Toyota,Corolla,2014,No,$0,"199,578",," Airbags Deployed, Left Side Damage, Structural Damage, Selling De-Registered","4spd Automatic,",5,Hybrid,https://manheim.co.nz/damaged-vehicles/000000000007451468/2014-toyota-corolla-axio-sedan?referringPage=SearchResults
Toyota,Hilux,2010,No,N/A,"176,379",," Chassis Damage, Rear Damage, Structural Damage, Selling De-Registered","Automatic,",5,Diesel,https://manheim.co.nz/damaged-vehicles/000000000007451480/2010-toyota-hilux-3-0td-4wd-sr5-dc-4a-dual-cab-chassis?referringPage=SearchResults
Mitsubishi,Outlander,2010,No,$0,"341,773",," Roof Damage, Structural Damage, Selling De-Registered",N/A,7,Petrol,https://manheim.co.nz/damaged-vehicles/000000000007451484/2010-mitsubishi-outlander-3-0p-vr-station-wagon?referringPage=SearchResults
Toyota,Corolla,2020,No,N/A,N/A,," Left Rear Damage, Rear Damage, Right Rear Damage, Structural Damage, Selling De-Registered","Automatic,",5,Hybrid,https://manheim.co.nz/damaged-vehicles/000000000007451491/2020-toyota-corolla-fielder-station-wagon?referringPage=SearchResults
Toyota,Windom,2000,No,$0,N/A,," Left Rear Damage, Right Rear Damage, Vandalised - Interior, Structural Damage, Stolen & Recovered, Selling De-Registered","Automatic,",5,Petrol,https://manheim.co.nz/damaged-vehicles/000000000007451492/2000-toyota-windom-sedan?referringPage=SearchResults
Toyota,Corolla,2017,No,$0,N/A,," Fire Damage, Structural Damage, Selling De-Registered",N/A,5,Petrol,https://manheim.co.nz/damaged-vehicles/000000000007451493/2017-toyota-corolla-levin-sx-1-8p-cvt-hatch?referringPage=SearchResults
Ford,Focus,2007,No,$0,"173,460",," Front Damage, Structural Damage, Selling De-Registered","Manual,",N/A,Petrol,https://manheim.co.nz/damaged-vehicles/000000000007451494/2007-ford-focus-2-0-m-hatch-hatch?referringPage=SearchResults
Subaru,Impreza,2010,No,N/A,N/A,," Front Damage, Structural Damage, Selling De-Registered",N/A,5,Petrol,https://manheim.co.nz/damaged-vehicles/000000000007451495/2010-subaru-impreza-sti-station-wagon?referringPage=SearchResults
GWM,V240,2012,No,$0,"91,217",," Structural Damage, Selling De-Registered",N/A,2,Petrol,https://manheim.co.nz/damaged-vehicles/000000000007451496/2012-gwm-v240-2-4l-s-cab-ch-2wd-5-utility?referringPage=SearchResults
Toyota,C-hr,2016,No,N/A,N/A,," Airbags Deployed, Front Damage, Airbags Deployed, Structural Damage, Selling De-Registered",N/A,5,Hybrid,https://manheim.co.nz/damaged-vehicles/000000000007451497/2016-toyota-c-hr-hatch?referringPage=SearchResults
Honda,Jazz,2008,No,$0,"211,707",," Right Rear Damage, Suspension Damage, Selling De-Registered","5spd Automatic,",5,Petrol,https://manheim.co.nz/damaged-vehicles/000000000007451499/2008-honda-jazz-1-5s-hatch?referringPage=SearchResults
Mitsubishi,Outlander,2005,No,$0,"209,213",," Rear Damage, Structural Damage, Selling De-Registered","Automatic,",5,Petrol,https://manheim.co.nz/damaged-vehicles/000000000007451509/2005-mitsubishi-outlander-station-wagon?referringPage=SearchResults
Toyota,Aqua,2014,Yes,N/A,"44,519",," Stolen & Recovered, Selling Registered",N/A,5,Hybrid,https://manheim.co.nz/damaged-vehicles/000000000007441504/2014-toyota-aqua-hatch?referringPage=SearchResults
Toyota,Corolla,2004,No,$0,N/A,," Airbags Deployed, Engine Damage, Front Damage, Roof Damage, Airbags Deployed, Structural Damage, Selling De-Registered",N/A,5,Petrol,https://manheim.co.nz/damaged-vehicles/000000000007441519/2004-toyota-corolla-1-8p-gl-hatch5-4a-hatch?referringPage=SearchResults
Kawasaki,KLX,2018,No,$0,N/A,," Interior Damage, Ignition Damage, Tank Damage, Structural Damage, Selling De-Registered",N/A,N/A,Petrol,https://manheim.co.nz/damaged-vehicles/000000000007421512/2018-kawasaki-klx-250s-motorcycle?referringPage=SearchResults
Toyota,Crown,2007,No,$0,N/A,," Structural Damage, Water Damage, Selling De-Registered","4spd Tiptronic,",5,Petrol,https://manheim.co.nz/damaged-vehicles/000000000007421537/2007-toyota-crown-2-5-royal-extra-sedan?referringPage=SearchResults
Honda,S2000,1999,No,N/A,N/A,," Airbags Deployed, Front Damage, Right Side Damage, Airbags Deployed, Structural Damage, Selling De-Registered","Automatic,",2,Petrol,https://manheim.co.nz/damaged-vehicles/000000000007441532/1999-honda-s2000-sedan?referringPage=SearchResults
Nissan,AD,2007,Yes,$0,"235,710",," Left Front Damage, Left Rear Damage, Right Rear Damage, Right Side Damage, Selling Registered","Automatic,",5,Petrol,https://manheim.co.nz/damaged-vehicles/000000000007451550/2007-nissan-ad-expert-station-wagon?referringPage=SearchResults
Nissan,Wingroad,2007,No,$0,N/A,," Front Damage, Structural Damage, Selling De-Registered","Automatic,",5,Petrol,https://manheim.co.nz/damaged-vehicles/000000000007451558/2007-nissan-wingroad-1-8-petrol-wagon-station-wagon?referringPage=SearchResults
Toyota,Aqua,2015,No,$0,N/A,," Rear Damage, Right Front Damage, Right Rear Damage, Structural Damage, Selling De-Registered",N/A,5,Hybrid,https://manheim.co.nz/damaged-vehicles/000000000007451578/2015-toyota-aqua-hybrid-hatch?referringPage=SearchResults
Triumph,Street Triple,2020,No,$0,"35,627",," Front Damage, Left Side Damage, Right Side Damage, Structural Damage, Selling De-Registered","Manual,",N/A,Petrol,https://manheim.co.nz/damaged-vehicles/000000000007451580/2020-triumph-street-triple-s-lam-motorcycle?referringPage=SearchResults
Hyundai,Tucson,2019,Yes,N/A,"128,142",," Right Rear Damage, Right Side Damage, Selling Registered","6spd Automatic,",5,Petrol,https://manheim.co.nz/damaged-vehicles/000000000007441584/2019-hyundai-tucson-elite-mpi-2-0p-6at-station-wagon?referringPage=SearchResults
Nissan,X-trail,2014,No,$0,"124,208",," Structural Damage, Selling De-Registered",N/A,5,Petrol,https://manheim.co.nz/damaged-vehicles/000000000007431611/2014-nissan-x-trail-station-wagon?referringPage=SearchResults
Toyota,86,2012,No,N/A,N/A,," Left Front Damage, Left Rear Damage, Right Front Damage, Selling De-Registered","6spd Automatic,",4,Petrol,https://manheim.co.nz/damaged-vehicles/000000000007451725/2012-toyota-86-coup%C3%A9?referringPage=SearchResults
Ford,Mondeo,2008,No,$0,"230,307",," Left Side Damage, Structural Damage, Selling De-Registered",N/A,5,Petrol,https://manheim.co.nz/damaged-vehicles/000000000007451726/2008-ford-mondeo-wag-2-3-auto-station-wagon?referringPage=SearchResults
MINI,Countryman Cooper 1.5P/6AT ST,2017,Yes,$0,"83,594",," Front Damage, Selling Registered","Automatic,",5,Petrol,https://manheim.co.nz/damaged-vehicles/000000000007451786/2017-mini-countryman-cooper-1-5p-6at-st-station-wagon?referringPage=SearchResults
Nissan,Juke,2011,No,$0,"126,869",," Front Damage, Structural Damage, Selling De-Registered",N/A,5,Petrol,https://manheim.co.nz/damaged-vehicles/000000000007451787/2011-nissan-juke-station-wagon?referringPage=SearchResults
Suzuki,DL650A V-strom 650 ABS,2019,Yes,$0,N/A,, Selling Registered,N/A,N/A,Petrol,https://manheim.co.nz/damaged-vehicles/000000000007451788/2019-suzuki-dl650a-v-strom-650-abs-motorcycle?referringPage=SearchResults
Mazda,Demio,2004,No,$0,"183,999",," Left Side Damage, Structural Damage, Selling De-Registered","Automatic,",5,Petrol,https://manheim.co.nz/damaged-vehicles/000000000007451789/2004-mazda-demio-hatch?referringPage=SearchResults
Ford,Fiesta,2011,No,$0,N/A,," Airbags Deployed, Front Damage, Ignition Damage, Left Front Damage, Left Rear Damage, Right Front Damage, Right Rear Damage, Right Side Damage, Vandalised - Interior, Airbags Deployed, Structural Damage, Stolen & Recovered, Selling De-Registered","5spd Manual,",5,Diesel,https://manheim.co.nz/damaged-vehicles/000000000007451813/2011-ford-fiesta-hatch?referringPage=SearchResults
Mitsubishi,Outlander,2010,No,$0,"247,262",," Structural Damage, Selling De-Registered","Automatic,",5,Petrol,https://manheim.co.nz/damaged-vehicles/000000000007441818/2010-mitsubishi-outlander-station-wagon?referringPage=SearchResults
Subaru,Outback,2005,No,$0,"135,839",," Left Front Damage, Structural Damage, Suspension Damage, Selling De-Registered",N/A,5,Petrol,https://manheim.co.nz/damaged-vehicles/000000000007451829/2005-subaru-outback-station-wagon?referringPage=SearchResults
Mazda,Verisa,2007,No,$0,"129,571",," Rear Damage, Structural Damage, Selling De-Registered","4spd Automatic,",5,Petrol,https://manheim.co.nz/damaged-vehicles/000000000007411824/2007-mazda-verisa-hatch?referringPage=SearchResults
Toyota,Vitz,2006,Yes,$0,"150,728",," Ignition Damage, Stolen & Recovered, Selling Registered","Automatic,",5,Petrol,https://manheim.co.nz/damaged-vehicles/000000000007451834/2006-toyota-vitz-rs-hatch?referringPage=SearchResults
Subaru,Impreza,2006,Yes,$0,"178,422",," Left Side Damage, Suspension Damage, Selling Registered",N/A,5,Petrol,https://manheim.co.nz/damaged-vehicles/000000000007451835/2006-subaru-impreza-station-wagon?referringPage=SearchResults
Nissan,Serena,2013,No,$0,"105,540",," Chassis Damage, Front Damage, Airbags Deployed, Structural Damage, Selling De-Registered",N/A,8,Hybrid,https://manheim.co.nz/damaged-vehicles/000000000007421885/2013-nissan-serena-highway-star-station-wagon?referringPage=SearchResults
Audi,A4,2012,No,$0,"108,043",," Left Side Damage, Underbody Damage, Structural Damage, Suspension Damage, Selling De-Registered",N/A,5,Petrol,https://manheim.co.nz/damaged-vehicles/000000000007451902/2012-audi-a4-1-8-tfsi-sedan?referringPage=SearchResults
Subaru,Outback,2018,No,$0,"163,391",," Right Side Damage, Airbags Deployed, Structural Damage, Selling De-Registered","Automatic,",5,Petrol,https://manheim.co.nz/damaged-vehicles/000000000007451907/2018-subaru-outback-2-5p-4wd-6cvt-station-wagon?referringPage=SearchResults
Skoda,Octavia,2010,Yes,$0,"289,689",," Engine Damage, Selling Registered","Automatic,",5,Diesel,https://manheim.co.nz/damaged-vehicles/000000000007451932/2010-skoda-octavia-station-wagon?referringPage=SearchResults
FOTON,Tunland,2017,No,$0,N/A,," Front Damage, Left Front Damage, Left Rear Damage, Left Side Damage, Rear Damage, Roof Damage, Right Front Damage, Right Rear Damage, Right Side Damage, Structural Damage, Selling De-Registered","5spd Manual,",5,Diesel,https://manheim.co.nz/damaged-vehicles/000000000007451950/2017-foton-tunland-4wd-s-2-8dt-4wd-5mt-dual-cab-utility?referringPage=SearchResults
Nissan,Tiida,2006,Yes,$0,"148,943",," Right Front Damage, Right Side Damage, Vandalised - Interior, Stolen & Recovered, Selling Registered","Automatic,",5,Petrol,https://manheim.co.nz/damaged-vehicles/000000000007451951/2006-nissan-tiida-latio-sedan?referringPage=SearchResults
Mitsubishi,Outlander,2015,No,$0,"226,116",," Front Damage, Light Dmg, Structural Damage, Selling De-Registered","Automatic,",5,Petrol,https://manheim.co.nz/damaged-vehicles/000000000007451965/2015-mitsubishi-outlander-ls-2-4p-4wd-cvt-sw--station-wagon?referringPage=SearchResults
Mazda,CX-9,2014,No,$0,"173,540",," Left Front Damage, Airbags Deployed, Structural Damage, Selling De-Registered","5spd Automatic,",7,Petrol,https://manheim.co.nz/damaged-vehicles/000000000007451975/2014-mazda-cx-9-4wd-ltd-3-7-6at-station-wagon?referringPage=SearchResults
Mazda,MAZDA3,2010,No,$0,"236,884",," Front Damage, Structural Damage, Selling De-Registered","Automatic,",5,Petrol,https://manheim.co.nz/damaged-vehicles/000000000007441971/2010-mazda-mazda3-sporthatch-glx-2-0-hatch?referringPage=SearchResults
Honda,Civic,1998,No,$0,"307,548",," Right Front Damage, Right Rear Damage, Right Side Damage, Structural Damage, Selling De-Registered","Automatic,",5,Petrol,https://manheim.co.nz/damaged-vehicles/000000000007451992/1998-honda-civic-hatch?referringPage=SearchResults
Suzuki,Swift,2013,No,$0,N/A,," Rear Damage, Structural Damage, Selling De-Registered",N/A,5,Petrol,https://manheim.co.nz/damaged-vehicles/000000000007452002/2013-suzuki-swift-hatch?referringPage=SearchResults
Mercedes-Benz,E63,2010,No,N/A,N/A,," Right Front Damage, Right Rear Damage, Airbags Deployed, Structural Damage, Selling De-Registered",N/A,5,Petrol,https://manheim.co.nz/damaged-vehicles/000000000007452017/2010-mercedes-benz-e63-sedan?referringPage=SearchResults
Nissan,Bluebird,2006,Yes,$0,N/A,," Front Damage, Ignition Damage, Left Rear Damage, Right Front Damage, Vandalised - Interior, Stolen & Recovered, Selling Registered","Automatic,",5,Petrol,https://manheim.co.nz/damaged-vehicles/000000000007452020/2006-nissan-bluebird-sylphy-sedan?referringPage=SearchResults
GWM,V200,2013,No,$0,"162,929",," Front Damage, Left Front Damage, Structural Damage, Selling De-Registered","5spd Manual,",5,Diesel,https://manheim.co.nz/damaged-vehicles/000000000007452043/2013-gwm-v200-2-0l-tdi-ute-4wd-6m-dual-cab-utility?referringPage=SearchResults
Toyota,Aqua,2013,No,$0,N/A,," Front Damage, Structural Damage, Selling De-Registered","Automatic,",5,Hybrid,https://manheim.co.nz/damaged-vehicles/000000000007452061/2013-toyota-aqua-hatch?referringPage=SearchResults
Toyota,Hilux,1993,No,$0,"286,298",," Front Damage, Structural Damage, Selling De-Registered",N/A,5,Diesel,https://manheim.co.nz/damaged-vehicles/000000000007452073/1993-toyota-hilux-station-wagon?referringPage=SearchResults
Subaru,Legacy,2006,No,$0,"260,042",," Front Damage, Airbags Deployed, Structural Damage, Selling De-Registered","Automatic,",5,Petrol,https://manheim.co.nz/damaged-vehicles/000000000007452075/2006-subaru-legacy-2-5i-sedan-auto-sedan?referringPage=SearchResults
Mazda,Axela,2014,No,$0,N/A,," Airbags Deployed, Front Damage, Left Rear Damage, Left Side Damage, Rear Damage, Roof Damage, Right Front Damage, Right Rear Damage, Right Side Damage, Airbags Deployed, Structural Damage, Selling De-Registered","Automatic,",5,Petrol,https://manheim.co.nz/damaged-vehicles/000000000007452138/2014-mazda-axela-hatch?referringPage=SearchResults
Toyota,Vitz,2001,No,$0,N/A,," Rear Damage, Structural Damage, Suspension Damage, Accident Damage, Selling De-Registered",N/A,5,Petrol,https://manheim.co.nz/damaged-vehicles/000000000007452150/2001-toyota-vitz-hatch?referringPage=SearchResults
Nissan,Tiida,2005,Yes,$0,"231,294",," Ignition Damage, Left Front Damage, Rear Damage, Stolen & Recovered, Selling Registered","Automatic,",5,Petrol,https://manheim.co.nz/damaged-vehicles/000000000007452153/2005-nissan-tiida-hatch?referringPage=SearchResults
Mazda,Demio,2005,Yes,$0,"123,383",," Right Front Damage, Selling Registered","Automatic,",5,Petrol,https://manheim.co.nz/damaged-vehicles/000000000007452157/2005-mazda-demio-hatch?referringPage=SearchResults
Toyota,RAV4,2003,No,$0,N/A,," Fire Damage, Structural Damage, Selling De-Registered","Automatic,",5,Petrol,https://manheim.co.nz/damaged-vehicles/000000000007452159/2003-toyota-rav4-2-0p-4wd-wagon5-4a-station-wagon?referringPage=SearchResults
Toyota,Allex,2001,No,$0,"156,735",," Rear Damage, Structural Damage, Selling De-Registered",N/A,5,Petrol,https://manheim.co.nz/damaged-vehicles/000000000007452173/2001-toyota-allex-hatch?referringPage=SearchResults
Hyundai,ix35,2015,No,$0,N/A,," Airbags Deployed, Front Damage, Airbags Deployed, Structural Damage, Selling De-Registered",N/A,N/A,Petrol,https://manheim.co.nz/damaged-vehicles/000000000007452179/2015-hyundai-ix35-station-wagon?referringPage=SearchResults
Ssangyong,Actyon Sport,2018,No,$0,N/A,," Right Side Damage, Structural Damage, Selling De-Registered","Manual,",5,Diesel,https://manheim.co.nz/damaged-vehicles/000000000007452194/2018-ssangyong-actyon-sport-sports-manual-2-2-2-station-wagon?referringPage=SearchResults
Honda,fit,2008,No,$0,N/A,," Rear Damage, Right Rear Damage, Structural Damage, Selling De-Registered","Automatic,",5,Petrol,https://manheim.co.nz/damaged-vehicles/000000000007452226/2008-honda-fit-hatch?referringPage=SearchResults
Toyota,Aqua,2014,No,$0,N/A,," Front Damage, Ignition Damage, Structural Damage, Suspension Damage, Selling De-Registered",N/A,5,Hybrid,https://manheim.co.nz/damaged-vehicles/000000000007452239/2014-toyota-aqua-hatch?referringPage=SearchResults
Lexus,IS250,2012,No,$0,"176,284",," Front Damage, Right Front Damage, Right Side Damage, Structural Damage, Accident Damage, Selling De-Registered","5spd Automatic,",5,Petrol,https://manheim.co.nz/damaged-vehicles/000000000007452246/2012-lexus-is250-2-5p-sedan-4dr-6a-sedan?referringPage=SearchResults
Suzuki,Swift,2014,No,$0,"113,970",," Front Damage, Structural Damage, Selling De-Registered",N/A,5,Petrol,https://manheim.co.nz/damaged-vehicles/000000000007452248/2014-suzuki-swift-glab-1-4p-4at-ha-5d-hatch?referringPage=SearchResults
Suzuki,Swift,2007,No,$0,"266,370",," Front Damage, Structural Damage, Selling De-Registered","4spd Automatic,",5,Petrol,https://manheim.co.nz/damaged-vehicles/000000000007452250/2007-suzuki-swift-hatch?referringPage=SearchResults
Nissan,NV200,2009,No,$0,"252,935",," Structural Damage, Suspension Damage, Selling De-Registered",N/A,2,Petrol,https://manheim.co.nz/damaged-vehicles/000000000007452253/2009-nissan-nv200-vanette-van?referringPage=SearchResults
Ford,Falcon UTE,2012,No,$0,N/A,," Airbags Deployed, Front Damage, Airbags Deployed, Structural Damage, Selling De-Registered",N/A,2,Petrol,https://manheim.co.nz/damaged-vehicles/000000000007432259/2012-ford-falcon-ute-fg2-xr6-p-u-auto-station-wagon?referringPage=SearchResults
Toyota,RAV4,2013,Yes,N/A,"299,786",," Left Side Damage, Right Side Damage, Selling Registered",N/A,5,Petrol,https://manheim.co.nz/damaged-vehicles/000000000007452265/2013-toyota-rav4-gx-2-0p-suv-cvt-station-wagon?referringPage=SearchResults
Mitsubishi,Mirage,2021,No,$0,N/A,," Airbags Deployed, Right Front Damage, Right Side Damage, Airbags Deployed, Structural Damage, Accident Damage, Selling De-Registered",N/A,5,Petrol,https://manheim.co.nz/damaged-vehicles/000000000007452281/2021-mitsubishi-mirage-xls-1-2p-cvt-hatch?referringPage=SearchResults
Mazda,CX-3,2015,No,$0,"64,187",," Chassis Damage, Front Damage, Underbody Damage, Structural Damage, Selling De-Registered",N/A,5,Diesel,https://manheim.co.nz/damaged-vehicles/000000000007452283/2015-mazda-cx-3-limited-1-5d-4wd-6a-station-wagon?referringPage=SearchResults
Toyota,Hilux,2015,No,N/A,"133,251",," Front Damage, Left Front Damage, Left Side Damage, Rolled, Right Side Damage, Structural Damage, Selling De-Registered",N/A,5,Diesel,https://manheim.co.nz/damaged-vehicles/000000000007452285/2015-toyota-hilux-2wd-3-0td-dc-ute-5m-utility?referringPage=SearchResults
Jeep,Cherokee,2009,Yes,$0,"180,900",," Front Damage, Left Side Damage, Selling Registered","5spd Automatic,",5,Petrol,https://manheim.co.nz/damaged-vehicles/000000000007452286/2009-jeep-cherokee-station-wagon?referringPage=SearchResults
Toyota,Corolla,1998,No,$0,"183,998",," Front Damage, Left Front Damage, Right Front Damage, Structural Damage, Selling De-Registered","Automatic,",5,Petrol,https://manheim.co.nz/damaged-vehicles/000000000007452299/1998-toyota-corolla-1-6p-gl-5door-4a-hatch?referringPage=SearchResults
Ford,Ranger,2019,No,N/A,"85,350",," Right Front Damage, Airbags Deployed, Selling De-Registered",N/A,5,Diesel,https://manheim.co.nz/damaged-vehicles/000000000007422327/2019-ford-ranger-xlt-double-cab-w-s-dual-cab-utility?referringPage=SearchResults
Toyota,Avensis,2004,No,$0,"304,985",," Front Damage, Structural Damage, Selling De-Registered","Automatic,",7,Petrol,https://manheim.co.nz/damaged-vehicles/000000000007452386/2004-toyota-avensis-verso-2-4p-mpv-wago-station-wagon?referringPage=SearchResults
Hyundai,Elantra,2006,No,$0,"233,576",," Structural Damage, Selling De-Registered","Automatic,",5,Petrol,https://manheim.co.nz/damaged-vehicles/000000000007442487/2006-hyundai-elantra-1-8-gl-4d-m5-sedan?referringPage=SearchResults
Toyota,Corolla,2020,No,N/A,N/A,," Right Front Damage, Right Rear Damage, Dismantled - Interior, Selling De-Registered","CVT,",5,Petrol,https://manheim.co.nz/damaged-vehicles/000000000007412553/2020-toyota-corolla-touring-station-wagon?referringPage=SearchResults
Ford,Endura,2019,No,N/A,"106,499",," Structural Damage, Selling De-Registered",N/A,5,Diesel,https://manheim.co.nz/damaged-vehicles/000000000007442561/2019-ford-endura-st-line-2-0d-4wd-8a-station-wagon?referringPage=SearchResults
Suzuki,VZ800 Boulevard M50,2016,Yes,$0,N/A,," Right Side Damage, Selling Registered",N/A,N/A,Petrol,https://manheim.co.nz/damaged-vehicles/000000000007432581/2016-suzuki-vz800-boulevard-m50-motorcycle?referringPage=SearchResults
Toyota,Aqua,2014,Yes,N/A,N/A,," Ignition Damage, Right Front Damage, Vandalised - Interior, Stolen & Recovered, Selling Registered","Automatic,",5,Hybrid,https://manheim.co.nz/damaged-vehicles/000000000007422775/2014-toyota-aqua-hatch?referringPage=SearchResults
Mazda,Atenza,2006,Yes,$0,N/A,," Left Side Damage, Right Side Damage, Selling Registered","Automatic,",5,Petrol,https://manheim.co.nz/damaged-vehicles/000000000007442848/2006-mazda-atenza-station-wagon?referringPage=SearchResults
Ford,Falcon BAI,2005,No,$0,"137,413",," Chassis Damage, Front Damage, Left Front Damage, Right Side Damage, Structural Damage, Under Body Damage, Selling De-Registered","Automatic,",5,Petrol,https://manheim.co.nz/damaged-vehicles/000000000007442856/2005-ford-falcon-bai-utility?referringPage=SearchResults
Toyota,IST,2003,Yes,$0,"148,678",," Front Damage, Selling Registered","Automatic,",5,Petrol,https://manheim.co.nz/damaged-vehicles/000000000007442882/2003-toyota-ist-hatch?referringPage=SearchResults
BRIFORD,8X4 BBQ Shuttle,2015,No,$800,N/A,0," Structural Damage, Selling De-Registered",N/A,N/A,N/A,https://manheim.co.nz/damaged-vehicles/000000000007423005/2015-briford-8x4-bbq-shuttle-camper-trailer?referringPage=SearchResults
Kia,Cerato,2020,No,N/A,N/A,," Left Front Damage, Airbags Deployed, Structural Damage, Selling De-Registered","Automatic,",5,Petrol,https://manheim.co.nz/damaged-vehicles/000000000007443011/2020-kia-cerato-hatch?referringPage=SearchResults
Volkswagen,Golf,2014,No,$0,N/A,," Left Side Damage, Structural Damage, Selling De-Registered","Automatic,",5,Petrol,https://manheim.co.nz/damaged-vehicles/000000000007443019/2014-volkswagen-golf-tsi-highline-7dsg-hatch?referringPage=SearchResults
Mercedes-Benz,E550,2006,Yes,N/A,"143,910",," Front Damage, Selling Registered",N/A,5,Petrol,https://manheim.co.nz/damaged-vehicles/000000000007453076/2006-mercedes-benz-e550-sedan?referringPage=SearchResults
Toyota,Yaris,2021,No,N/A,N/A,," Left Front Damage, Left Side Damage, Right Side Damage, Structural Damage, Selling De-Registered",N/A,5,Hybrid,https://manheim.co.nz/damaged-vehicles/000000000007433109/2021-toyota-yaris-hatch?referringPage=SearchResults
Volkswagen,Tiguan,2023,Yes,N/A,"61,733",," Engine Damage, Selling Registered","Automatic,",7,Petrol,https://manheim.co.nz/damaged-vehicles/000000000007413194/2023-volkswagen-tiguan-allspace-style-awd-station-wagon?referringPage=SearchResults
Toyota,Corolla,2017,No,$0,"118,290",," Rear Damage, Structural Damage, Selling De-Registered","Automatic,",5,Petrol,https://manheim.co.nz/damaged-vehicles/000000000007423271/2017-toyota-corolla-gx-1-8p-cvt-hatch?referringPage=SearchResults
Honda,Civic,2004,No,$0,"229,961",," Left Side Damage, Structural Damage, Selling De-Registered","Automatic,",5,Petrol,https://manheim.co.nz/damaged-vehicles/000000000007443274/2004-honda-civic-vtx-1-5-4d-sed-5m-sedan?referringPage=SearchResults
Toyota,SAI,2013,No,N/A,"90,741",," Front Damage, Left Side Damage, Structural Damage, Suspension Damage, Selling De-Registered","5spd Automatic,",5,Hybrid,https://manheim.co.nz/damaged-vehicles/000000000007433288/2013-toyota-sai-hybrid-sedan?referringPage=SearchResults
Volkswagen,Golf,2008,No,$0,"152,867",," Rear Damage, Right Rear Damage, Structural Damage, Selling De-Registered","Automatic,",5,Petrol,https://manheim.co.nz/damaged-vehicles/000000000007453318/2008-volkswagen-golf-hatch?referringPage=SearchResults
Skoda,Octavia,2017,No,$0,"67,034",," Front Damage, Structural Damage, Selling De-Registered","Automatic,",5,Diesel,https://manheim.co.nz/damaged-vehicles/000000000007453319/2017-skoda-octavia-lb-amb-tdi-85kw-dsg-sedan?referringPage=SearchResults
Toyota,Vitz,2008,No,$0,N/A,," Interior Damage, Ignition Damage, Left Front Damage, Right Side Damage, Vandalised - Interior, Structural Damage, Stolen & Recovered, Selling De-Registered","Automatic,",5,Petrol,https://manheim.co.nz/damaged-vehicles/000000000007453320/2008-toyota-vitz-hatch?referringPage=SearchResults
Nissan,Dualis,2010,Yes,$0,"197,136",," Roof Damage, Selling Registered","Automatic,",5,Petrol,https://manheim.co.nz/damaged-vehicles/000000000007453336/2010-nissan-dualis-station-wagon?referringPage=SearchResults
Mazda,MAZDA3,2005,No,$0,"244,550",," Right Rear Damage, Structural Damage, Selling De-Registered","Automatic,",5,Petrol,https://manheim.co.nz/damaged-vehicles/000000000007453341/2005-mazda-mazda3-hatch?referringPage=SearchResults
Honda,fit,2014,No,$0,N/A,," Rear Damage, Structural Damage, Selling De-Registered","Automatic,",5,Petrol,https://manheim.co.nz/damaged-vehicles/000000000007453358/2014-honda-fit-station-wagon?referringPage=SearchResults
Mercedes-Benz,Cla-class,2015,No,N/A,N/A,," Front Damage, Structural Damage, Selling De-Registered","Automatic,",5,Petrol,https://manheim.co.nz/damaged-vehicles/000000000007453363/2015-mercedes-benz-cla-class-cla-250-2-0p-7at-sl-sedan?referringPage=SearchResults
Mitsubishi,Outlander,2006,No,$0,N/A,," Left Side Damage, Structural Damage, Selling De-Registered","Automatic,",7,Petrol,https://manheim.co.nz/damaged-vehicles/000000000007453369/2006-mitsubishi-outlander-station-wagon?referringPage=SearchResults
Hyundai,I30,2016,No,$0,N/A,," Left Front Damage, Right Rear Damage, Structural Damage, Selling De-Registered","Automatic,",5,Petrol,https://manheim.co.nz/damaged-vehicles/000000000007453382/2016-hyundai-i30-gd-1-8-a6-hatch?referringPage=SearchResults
Mazda,Demio,2019,No,N/A,N/A,," Right Side Damage, Structural Damage, Selling De-Registered","Automatic,",5,Petrol,https://manheim.co.nz/damaged-vehicles/000000000007453384/2019-mazda-demio-hatch?referringPage=SearchResults
Lexus,HS250H,2012,No,$0,N/A,," Front Damage, Left Side Damage, Rear Damage, Right Front Damage, Right Rear Damage, Right Side Damage, Structural Damage, Suspension Damage, Selling De-Registered","Automatic,",5,Hybrid,https://manheim.co.nz/damaged-vehicles/000000000007453389/2012-lexus-hs250h-sedan?referringPage=SearchResults
Toyota,Corolla,2014,Yes,$0,"164,933",, Selling Registered,"Automatic,",5,Petrol,https://manheim.co.nz/damaged-vehicles/000000000007453390/2014-toyota-corolla-gx-1-5p-wagon-cvt-station-wagon?referringPage=SearchResults
Subaru,Forester,2002,Yes,$0,"234,029",," Interior Damage, Stolen & Recovered, Selling Registered","Automatic,",5,Petrol,https://manheim.co.nz/damaged-vehicles/000000000007453392/2002-subaru-forester-x-2-5-auto-station-wagon?referringPage=SearchResults
Nissan,Bluebird,2007,No,$0,N/A,," Vandalised - Entire Vehicle, Structural Damage, Stolen & Recovered, Selling De-Registered","Automatic,",5,Petrol,https://manheim.co.nz/damaged-vehicles/000000000007453395/2007-nissan-bluebird-sylphy-sedan?referringPage=SearchResults
Honda,fit,2010,No,$0,N/A,," Chassis Damage, Front Damage, Airbags Deployed, Structural Damage, Selling De-Registered","Automatic,",5,Petrol,https://manheim.co.nz/damaged-vehicles/000000000007453396/2010-honda-fit-hatch?referringPage=SearchResults
Ford,Courier,2005,No,$0,N/A,," Ignition Damage, Structural Damage, Stolen & Recovered, Selling De-Registered","Automatic,",4,Diesel,https://manheim.co.nz/damaged-vehicles/000000000007453398/2005-ford-courier-utility?referringPage=SearchResults
Honda,Torneo,2000,Yes,$0,N/A,," Left Front Damage, Left Rear Damage, Selling Registered","Automatic,",5,Petrol,https://manheim.co.nz/damaged-vehicles/000000000007453399/2000-honda-torneo-sedan?referringPage=SearchResults
Toyota,Aqua,2016,No,$0,N/A,," Front Damage, Airbags Deployed, Structural Damage, Selling De-Registered","Automatic,",5,Hybrid,https://manheim.co.nz/damaged-vehicles/000000000007453401/2016-toyota-aqua-hatch?referringPage=SearchResults
Honda,Accord,2007,No,$0,N/A,," Front Damage, Airbags Deployed, Structural Damage, Selling De-Registered","5spd Automatic,",5,Petrol,https://manheim.co.nz/damaged-vehicles/000000000007453406/2007-honda-accord-sedan?referringPage=SearchResults
Toyota,Aqua,2016,No,$0,"75,668",," Front Damage, Glass Broken, Ignition Damage, Right Rear Damage, Right Side Damage, Airbags Deployed, Structural Damage, Stolen & Recovered, Selling De-Registered","Automatic,",5,Hybrid,https://manheim.co.nz/damaged-vehicles/000000000007453418/2016-toyota-aqua-hatch?referringPage=SearchResults
Toyota,Voltz,2002,No,$0,"81,572",," Left Front Damage, Structural Damage, Selling De-Registered","Automatic,",5,Petrol,https://manheim.co.nz/damaged-vehicles/000000000007453441/2002-toyota-voltz-hatch?referringPage=SearchResults
Toyota,Aqua,2014,Yes,N/A,N/A,," Ignition Damage, Stolen & Recovered, Selling Registered","Automatic,",5,Hybrid,https://manheim.co.nz/damaged-vehicles/000000000007453443/2014-toyota-aqua-hatch?referringPage=SearchResults
Mazda,Demio,2007,Yes,$0,N/A,," Ignition Damage, Left Front Damage, Right Rear Damage, Vandalised - Interior, Stolen & Recovered, Selling Registered","Automatic,",5,Petrol,https://manheim.co.nz/damaged-vehicles/000000000007453444/2007-mazda-demio-hatch?referringPage=SearchResults
Toyota,Aqua,2015,Yes,N/A,"172,869",," Interior Damage, Right Rear Damage, Right Side Damage, Vandalised - Interior, Stolen & Recovered, Selling Registered","Automatic,",5,Hybrid,https://manheim.co.nz/damaged-vehicles/000000000007453445/2015-toyota-aqua-hatch?referringPage=SearchResults
Suzuki,Swift Ltda 1.4 5DR Hatchback,2011,No,$0,N/A,," Left Front Damage, Right Front Damage, Right Rear Damage, Airbags Deployed, Structural Damage, Selling De-Registered","Automatic,",5,Petrol,https://manheim.co.nz/damaged-vehicles/000000000007453446/2011-suzuki-swift-ltda-1-4-5dr-hatchback-hatch?referringPage=SearchResults
Holden,Cruze,2012,No,$0,"229,329",," Rear Damage, Airbags Deployed, Structural Damage, Selling De-Registered","5spd Automatic,",5,Petrol,https://manheim.co.nz/damaged-vehicles/000000000007453455/2012-holden-cruze-cd-hb-1-4t-at-hatch?referringPage=SearchResults
Lexus,ES250,2014,No,N/A,N/A,," Right Rear Damage, Structural Damage, Accident Damage, Selling De-Registered","Automatic,",5,Petrol,https://manheim.co.nz/damaged-vehicles/000000000007453461/2014-lexus-es250-luxury-auto-sedan?referringPage=SearchResults
Honda,Jazz,2006,No,$0,"106,046",," Front Damage, Left Front Damage, Structural Damage, Selling De-Registered","Automatic,",5,Petrol,https://manheim.co.nz/damaged-vehicles/000000000007453470/2006-honda-jazz-sport-hatch?referringPage=SearchResults
Kia,RIO 1.6 Hatch Manual Hatchbac,2008,Yes,$0,"53,436",," Left Front Damage, Selling Registered","Manual,",5,Petrol,https://manheim.co.nz/damaged-vehicles/000000000007453483/2008-kia-rio-1-6-hatch-manual-hatchbac-hatch?referringPage=SearchResults
Toyota,Camry,2013,No,$0,N/A,," Front Damage, Structural Damage, Selling De-Registered","Automatic,",5,Hybrid,https://manheim.co.nz/damaged-vehicles/000000000007453485/2013-toyota-camry-hybrid-sedan?referringPage=SearchResults
Holden,Commodore,2006,No,$0,"229,048",," Front Damage, Structural Damage, Selling De-Registered","4spd Automatic,",5,Petrol,https://manheim.co.nz/damaged-vehicles/000000000007453486/2006-holden-commodore-s-v6-auto-sedan?referringPage=SearchResults
Suzuki,Swift SE 1.4 5DR AT Hatchback,2013,No,$0,"55,247",," Front Damage, Structural Damage, Selling De-Registered","Automatic,",5,Petrol,https://manheim.co.nz/damaged-vehicles/000000000007453518/2013-suzuki-swift-se-1-4-5dr-at-hatchback-hatch?referringPage=SearchResults
Holden,Colorado,2015,No,$0,"169,853",," Front Damage, Left Side Damage, Roof Damage, Right Side Damage, Structural Damage, Selling De-Registered","6spd Automatic,",5,Diesel,https://manheim.co.nz/damaged-vehicles/000000000007443529/2015-holden-colorado-ltz-dc-pu-2-8d-4wd--utility?referringPage=SearchResults
Mitsubishi,Outlander,2008,No,$0,N/A,," Fire - Entire Vehicle, Structural Damage, Selling De-Registered","Automatic,",7,Petrol,https://manheim.co.nz/damaged-vehicles/000000000007453534/2008-mitsubishi-outlander-station-wagon?referringPage=SearchResults
Toyota,Estima,2009,No,$0,N/A,," Fire Damage, Rear Damage, Fire - Interior, Structural Damage, Selling De-Registered","Automatic,",7,Petrol,https://manheim.co.nz/damaged-vehicles/000000000007453537/2009-toyota-estima-station-wagon?referringPage=SearchResults
Suzuki,Swift,2009,No,$0,"140,421",," Rear Damage, Structural Damage, Selling De-Registered","Automatic,",5,Petrol,https://manheim.co.nz/damaged-vehicles/000000000007453538/2009-suzuki-swift-hatch?referringPage=SearchResults
Holden,Commodore,2014,No,N/A,N/A,," Chassis Damage, Front Damage, Rear Damage, Structural Damage, Selling De-Registered","Automatic,",2,Petrol,https://manheim.co.nz/damaged-vehicles/000000000007453561/2014-holden-commodore-sv6-station-wagon?referringPage=SearchResults
Toyota,Hilux,2016,No,N/A,N/A,," Chassis Damage, Left Side Damage, Rear Damage, Structural Damage, Selling De-Registered","Automatic,",5,Diesel,https://manheim.co.nz/damaged-vehicles/000000000007443578/2016-toyota-hilux-sr-td-dc-2-8d-4wd-6-dual-cab-utility?referringPage=SearchResults
KTM,390,2017,No,$0,"44,115",," Structural Damage, Selling De-Registered",N/A,N/A,Petrol,https://manheim.co.nz/damaged-vehicles/000000000007443594/2017-ktm-390-duke-399p-motorcycle?referringPage=SearchResults
Audi,S3,2014,No,N/A,N/A,," Front Damage, Structural Damage, Selling De-Registered","Automatic,",5,Petrol,https://manheim.co.nz/damaged-vehicles/000000000007453591/2014-audi-s3-sedan?referringPage=SearchResults
Subaru,Legacy,2016,Yes,N/A,"140,180",," Glass Broken, Interior Damage, Left Side Damage, Right Side Damage, Selling Registered","CVT,",5,Petrol,https://manheim.co.nz/damaged-vehicles/000000000007443603/2016-subaru-legacy-sedan?referringPage=SearchResults
KTM,390,2025,No,$0,N/A,, Selling De-Registered,N/A,N/A,Petrol,https://manheim.co.nz/damaged-vehicles/000000000007433646/2025-ktm-390-duke-399p-motorcycle?referringPage=SearchResults
Mitsubishi,Colt,2005,Yes,$0,"187,775",," Glass Broken, Ignition Damage, Selling Registered","Automatic,",5,Petrol,https://manheim.co.nz/damaged-vehicles/000000000007433649/2005-mitsubishi-colt-hatch?referringPage=SearchResults
Toyota,Corolla,2015,No,N/A,N/A,," Rear Damage, Structural Damage, Selling De-Registered",N/A,5,Hybrid,https://manheim.co.nz/damaged-vehicles/000000000007443662/2015-toyota-corolla-axio-hybrid-sedan?referringPage=SearchResults
Volkswagen,Golf,2019,No,N/A,N/A,," Front Damage, Structural Damage, Suspension Damage, Selling De-Registered","Automatic,",5,Petrol,https://manheim.co.nz/damaged-vehicles/000000000007453722/2019-volkswagen-golf-tsi-highline-1-4p-d-hatch?referringPage=SearchResults
Toyota,Caldina,2005,Yes,$0,N/A,," Front Damage, Ignition Damage, Left Rear Damage, Left Side Damage, Vandalised - Interior, Stolen & Recovered, Selling Registered","Automatic,",5,Petrol,https://manheim.co.nz/damaged-vehicles/000000000007453732/2005-toyota-caldina-station-wagon?referringPage=SearchResults
Mazda,Atenza,2008,Yes,$0,"144,211",," Left Side Damage, Right Side Damage, Selling Registered","Automatic,",5,Petrol,https://manheim.co.nz/damaged-vehicles/000000000007453759/2008-mazda-atenza-hatch?referringPage=SearchResults
MINI,Countryman,2018,No,N/A,N/A,," Airbags Deployed, Right Side Damage, Airbags Deployed, Structural Damage, Selling De-Registered","Automatic,",5,Hybrid,https://manheim.co.nz/damaged-vehicles/000000000007453795/2018-mini-countryman-cooper-se-all4-phev-station-wagon?referringPage=SearchResults
Toyota,RAV4 GXL,2020,No,N/A,"100,111",," Front Damage, Structural Damage, Selling De-Registered",N/A,N/A,Hybrid,https://manheim.co.nz/damaged-vehicles/000000000007423845/2020-toyota-rav4-gxl-2-5ph-4wd-hd-station-wagon?referringPage=SearchResults
Nissan,Silvia,1999,No,N/A,N/A,," Front Damage, Right Side Damage, Structural Damage, Selling De-Registered","4spd Automatic,",4,Petrol,https://manheim.co.nz/damaged-vehicles/000000000007453853/1999-nissan-silvia-spec-s-sedan?referringPage=SearchResults
Nissan,March,2008,Yes,$0,"157,637",," Ignition Damage, Stolen & Recovered, Selling Registered","Automatic,",5,Petrol,https://manheim.co.nz/damaged-vehicles/000000000007453859/2008-nissan-march-hatch?referringPage=SearchResults
Mitsubishi,Pajero Sport,2018,Yes,N/A,"270,286",," Right Rear Damage, Selling Registered","8spd Automatic,",7,Diesel,https://manheim.co.nz/damaged-vehicles/000000000007413867/2018-mitsubishi-pajero-sport-xls-2-4d-4wd-8at-station-wagon?referringPage=SearchResults
Toyota,Landcruiser,1995,No,N/A,"239,456",," Rear Damage, Right Side Damage, Structural Damage, Selling De-Registered","Automatic,",5,Petrol,https://manheim.co.nz/damaged-vehicles/000000000007453872/1995-toyota-landcruiser-station-wagon?referringPage=SearchResults
Nissan,Pathfinder,2008,Yes,$0,"209,377",," Engine Damage, Dismantled - Engine, Selling Registered","Automatic,",7,Diesel,https://manheim.co.nz/damaged-vehicles/000000000007454081/2008-nissan-pathfinder-2-5-4wd-ti-auto-station-wagon?referringPage=SearchResults
BMW,M5,2005,Yes,N/A,"197,458",," Stolen & Recovered, Selling Registered","Automatic,",5,Petrol,https://manheim.co.nz/damaged-vehicles/000000000007454083/2005-bmw-m5-sedan?referringPage=SearchResults
Mercedes-Benz,GL,2008,No,N/A,N/A,," Interior Damage, Water Damage, Selling De-Registered","Automatic,",7,Diesel,https://manheim.co.nz/damaged-vehicles/000000000007454084/2008-mercedes-benz-gl-320-cdi-station-wagon?referringPage=SearchResults
Mazda,MAZDA3,2019,No,N/A,"77,872",," Right Rear Damage, Structural Damage, Selling De-Registered","Tiptronic,",5,Petrol,https://manheim.co.nz/damaged-vehicles/000000000007454107/2019-mazda-mazda3-gsx-2-0p-6at-hatch?referringPage=SearchResults
Ford,Mondeo,2003,Yes,$0,"39,762",," Left Front Damage, Left Rear Damage, Left Side Damage, Right Front Damage, Right Side Damage, Selling Registered","Automatic,",5,Petrol,https://manheim.co.nz/damaged-vehicles/000000000007454110/2003-ford-mondeo-2-0-sedan-aut-sedan?referringPage=SearchResults
BMW,325i Saloon,2010,Yes,$0,N/A,," Front Damage, Rear Damage, Selling Registered","Automatic,",4,Petrol,https://manheim.co.nz/damaged-vehicles/000000000007454166/2010-bmw-325i-saloon-sedan?referringPage=SearchResults
Ford,Ranger,2012,Yes,N/A,"229,869",, Selling Registered,"6spd Manual,",5,Diesel,https://manheim.co.nz/damaged-vehicles/000000000007444178/2012-ford-ranger-3-2td-dual-cab-utility?referringPage=SearchResults
Honda,Integra,2005,No,N/A,"220,595",," Structural Damage, Selling De-Registered","Automatic,",4,Petrol,https://manheim.co.nz/damaged-vehicles/000000000007434195/2005-honda-integra-coup%C3%A9?referringPage=SearchResults
Mercedes-Benz,C200,2014,No,N/A,N/A,," Front Damage, Airbags Deployed, Structural Damage, Selling De-Registered","Automatic,",5,Petrol,https://manheim.co.nz/damaged-vehicles/000000000007454204/2014-mercedes-benz-c200-sedan?referringPage=SearchResults
Toyota,Cynos,1997,Yes,$0,"186,403",," Left Side Damage, Selling Registered",N/A,5,Petrol,https://manheim.co.nz/damaged-vehicles/000000000007454211/1997-toyota-cynos-juno-sedan?referringPage=SearchResults
Nissan,Qashqai,2020,No,N/A,"83,270",," Glass Broken, Left Front Damage, Left Side Damage, Airbags Deployed, Structural Damage, Stolen & Recovered, Selling De-Registered","Automatic,",5,Petrol,https://manheim.co.nz/damaged-vehicles/000000000007444224/2020-nissan-qashqai-hatch?referringPage=SearchResults
Hyundai,Ioniq 5,2022,No,N/A,N/A,," Airbags Deployed, Chassis Damage, Front Damage, Airbags Deployed, Structural Damage, Selling De-Registered",N/A,5,Electric,https://manheim.co.nz/damaged-vehicles/000000000007444226/2022-hyundai-ioniq-5-125kw-ev-fd-station-wagon?referringPage=SearchResults
Nissan,Qashqai,2021,No,N/A,N/A,," Front Damage, Structural Damage, Selling De-Registered",N/A,5,Petrol,https://manheim.co.nz/damaged-vehicles/000000000007444265/2021-nissan-qashqai-ti-2-0p-cvt-station-wagon?referringPage=SearchResults
Ford,Falcon S XR8,1991,No,N/A,N/A,," Left Front Damage, Left Side Damage, Roof Damage, Selling De-Registered",N/A,5,Petrol,https://manheim.co.nz/damaged-vehicles/000000000007414296/1991-ford-falcon-s-xr8-sedan?referringPage=SearchResults
Kawasaki,EN,2025,No,$0,N/A,, Selling De-Registered,"Manual,",N/A,Petrol,https://manheim.co.nz/damaged-vehicles/000000000007444303/2025-kawasaki-en-650d-lams-motorcycle?referringPage=SearchResults
BMW,X1,2024,No,N/A,"26,636",," Rear Damage, Structural Damage, Selling De-Registered","Automatic, Fuel Type, Electri",5,Electric,https://manheim.co.nz/damaged-vehicles/000000000007454315/2024-bmw-x1-ix1-edrive20-65kwh-touring?referringPage=SearchResults
Toyota,Camry,2017,No,N/A,N/A,," Right Rear Damage, Right Side Damage, Structural Damage, Selling De-Registered","Automatic,",5,Hybrid,https://manheim.co.nz/damaged-vehicles/000000000007454354/2017-toyota-camry-atara-s-2-5ph-cvt-s-sedan?referringPage=SearchResults
Mazda,Demio,2005,Yes,$0,"153,310",," Rear Damage, Selling Registered",N/A,5,Petrol,https://manheim.co.nz/damaged-vehicles/000000000007454418/2005-mazda-demio-hatch?referringPage=SearchResults
Nissan,Skyline,1998,Yes,N/A,"231,596",, Selling Registered,"5spd Manual,",5,Petrol,https://manheim.co.nz/damaged-vehicles/000000000007454443/1998-nissan-skyline-sedan?referringPage=SearchResults
Mitsubishi,Outlander,2014,No,$0,N/A,," Rear Damage, Structural Damage, Selling De-Registered","Automatic,",5,Hybrid,https://manheim.co.nz/damaged-vehicles/000000000007434450/2014-mitsubishi-outlander-phev-station-wagon?referringPage=SearchResults
Ford,Falcon,1999,Yes,$0,N/A,," Left Rear Damage, Roof Damage, Right Rear Damage, Dismantled - Interior, Selling Registered","Automatic,",5,Petrol,https://manheim.co.nz/damaged-vehicles/000000000007444561/1999-ford-falcon-au-xr6-vct-a-sedan?referringPage=SearchResults
Hyundai,I30,2023,No,N/A,"78,884",," Water Damage, Selling De-Registered","Automatic,",5,Petrol,https://manheim.co.nz/damaged-vehicles/000000000007444565/2023-hyundai-i30-2-0-gdi-active-seri-hatch?referringPage=SearchResults
FACTORY BUILT,Tuatara E,2025,No,N/A,N/A,," Water Damage, Selling De-Registered",N/A,N/A,Electric,https://manheim.co.nz/damaged-vehicles/000000000007444581/2025-factory-built-tuatara-e-side-car?referringPage=SearchResults
Ford,Escape,2008,No,$0,N/A,," Structural Damage, Water Damage, Selling De-Registered",N/A,5,Petrol,https://manheim.co.nz/damaged-vehicles/000000000007444587/2008-ford-escape-station-wagon?referringPage=SearchResults
Nissan,Maxima,2003,No,$0,N/A,," Glass Broken, Left Side Damage, Right Side Damage, Structural Damage, Selling De-Registered","Automatic,",5,Petrol,https://manheim.co.nz/damaged-vehicles/000000000007444609/2003-nissan-maxima-sedan?referringPage=SearchResults
Mitsubishi,Mirage,2019,No,$0,"78,199",," Front Damage, Left Front Damage, Left Side Damage, Right Front Damage, Right Side Damage, Structural Damage, Selling De-Registered","Automatic,",5,Petrol,https://manheim.co.nz/damaged-vehicles/000000000007444619/2019-mitsubishi-mirage-hatch?referringPage=SearchResults
Toyota,Corolla,2016,No,$0,"140,810",," Engine Damage, Front Damage, Ignition Damage, Left Front Damage, Left Side Damage, Right Front Damage, Vandalised - Interior, Structural Damage, Stolen & Recovered, Selling De-Registered","Automatic,",5,Petrol,https://manheim.co.nz/damaged-vehicles/000000000007454610/2016-toyota-corolla-fielder-station-wagon?referringPage=SearchResults
Alfa Romeo,Mito,2009,Yes,$0,"215,031",," Front Damage, Selling Registered","6spd Manual,",5,Petrol,https://manheim.co.nz/damaged-vehicles/000000000007454617/2009-alfa-romeo-mito-1-4-tb-3dr-6sp-hatch?referringPage=SearchResults
Holden,VX Commodore,2001,No,$0,N/A,," Left Front Damage, Left Rear Damage, Right Front Damage, Airbags Deployed, Selling De-Registered","Automatic,",5,Petrol,https://manheim.co.nz/damaged-vehicles/000000000007444621/2001-holden-vx-commodore-5-7-berlina-wagon-a-station-wagon?referringPage=SearchResults
Holden,Calais,2003,No,$0,"246,980",," Front Damage, Right Rear Damage, Structural Damage, Selling De-Registered","Automatic,",5,Petrol,https://manheim.co.nz/damaged-vehicles/000000000007444655/2003-holden-calais-sedan?referringPage=SearchResults
Mazda,Premacy,2013,No,$0,N/A,," Structural Damage, Selling De-Registered",N/A,7,Petrol,https://manheim.co.nz/damaged-vehicles/000000000007444697/2013-mazda-premacy-station-wagon?referringPage=SearchResults
Toyota,Vitz,2002,No,$0,"134,160",," Front Damage, Right Front Damage, Structural Damage, Selling De-Registered","Automatic,",5,Petrol,https://manheim.co.nz/damaged-vehicles/000000000007454709/2002-toyota-vitz-hatch?referringPage=SearchResults
Mazda,BT-50,2018,No,N/A,"376,001",," Impact Heavy - Entire Vehicle, Structural Damage, Selling De-Registered","Automatic,",N/A,Diesel,https://manheim.co.nz/damaged-vehicles/000000000007454732/2018-mazda-bt-50-utility?referringPage=SearchResults
Kia,Cerato,2014,No,$0,"91,310",," Right Side Damage, Structural Damage, Selling De-Registered","5spd Automatic,",5,Petrol,https://manheim.co.nz/damaged-vehicles/000000000007454734/2014-kia-cerato-sx-1-8p6a-ha5d5s-hatch?referringPage=SearchResults
Toyota,Hiace,2010,No,N/A,N/A,," Rolled, Structural Damage, Selling De-Registered",N/A,3,Diesel,https://manheim.co.nz/damaged-vehicles/000000000007434821/2010-toyota-hiace-van?referringPage=SearchResults
Toyota,Prius,2014,No,$0,"94,210",," Structural Damage, Selling De-Registered","5spd,",5,Hybrid,https://manheim.co.nz/damaged-vehicles/000000000007434825/2014-toyota-prius-hatch?referringPage=SearchResults
FORZA,Capri LX Motorcycle,2020,No,$0,"3,165",," Front Damage, Structural Damage, Stolen & Recovered, Selling De-Registered","Automatic,",N/A,Petrol,https://manheim.co.nz/damaged-vehicles/000000000007435030/2020-forza-capri-lx-motorcycle-motorcycle?referringPage=SearchResults
KTM,1390,2024,No,$0,N/A,," Left Front Damage, Left Side Damage, Structural Damage, Selling De-Registered","Automatic,",N/A,Petrol,https://manheim.co.nz/damaged-vehicles/000000000007445048/2024-ktm-1390-superduke-r-motorcycle?referringPage=SearchResults
Holden,VX Commodore,2003,No,$0,N/A,," Left Front Damage, Left Rear Damage, Right Front Damage, Right Rear Damage, Selling De-Registered","Automatic,",5,Petrol,https://manheim.co.nz/damaged-vehicles/000000000007435069/2003-holden-vx-commodore-lumina-sedan-v6-aut-sedan?referringPage=SearchResults
Toyota,Aqua,2015,Yes,N/A,"285,265",," Vandalised - Interior, Stolen & Recovered, Selling Registered","Automatic,",5,Hybrid,https://manheim.co.nz/damaged-vehicles/000000000007435087/2015-toyota-aqua-hatch?referringPage=SearchResults
Honda,Vezel,2015,No,$0,N/A,," Rear Damage, Structural Damage, Selling De-Registered","Automatic,",5,Hybrid,https://manheim.co.nz/damaged-vehicles/000000000007445088/2015-honda-vezel-hybrid-hatch?referringPage=SearchResults
Honda,Stream,2005,No,$0,"139,690",," Left Front Damage, Structural Damage, Selling De-Registered","Automatic,",7,Petrol,https://manheim.co.nz/damaged-vehicles/000000000007445097/2005-honda-stream-station-wagon?referringPage=SearchResults
Toyota,Corolla,2007,No,$0,"219,396",," Left Side Damage, Right Front Damage, Structural Damage, Selling De-Registered","4spd Automatic,",5,Petrol,https://manheim.co.nz/damaged-vehicles/000000000007455145/2007-toyota-corolla-1-8p-gx-sedan-4-4a-sedan?referringPage=SearchResults
Dodge,RAM,2005,No,N/A,"145,470",," Water Damage, Selling De-Registered",N/A,6,Diesel,https://manheim.co.nz/damaged-vehicles/000000000007455155/2005-dodge-ram-2500-laramie--wsv-dual-cab-utility?referringPage=SearchResults
Nissan,Skyline,2008,No,$0,N/A,," Front Damage, Structural Damage, Selling De-Registered",N/A,4,Petrol,https://manheim.co.nz/damaged-vehicles/000000000007435182/2008-nissan-skyline-coupe-coup%C3%A9?referringPage=SearchResults
Toyota,Prius,2020,No,N/A,"171,410",," Chassis Damage, Front Damage, Left Front Damage, Structural Damage, Selling De-Registered","Automatic,",5,Hybrid,https://manheim.co.nz/damaged-vehicles/000000000007445225/2020-toyota-prius-hatch?referringPage=SearchResults
Mitsubishi,Outlander,2013,No,$0,N/A,," Left Rear Damage, Rear Damage, Right Rear Damage, Structural Damage, Selling De-Registered","Automatic,",5,Hybrid,https://manheim.co.nz/damaged-vehicles/000000000007445227/2013-mitsubishi-outlander-phev-station-wagon?referringPage=SearchResults
KTM,390 Duke 399p,2023,No,$0,"14,916",," Rear Damage, Structural Damage, Selling De-Registered","Automatic,",N/A,Petrol,https://manheim.co.nz/damaged-vehicles/000000000007395263/2023-ktm-390-duke-399p-motorcycle?referringPage=SearchResults
Ford,Falcon,2004,No,$0,N/A,," Left Front Damage, Roof Damage, Right Front Damage, Right Rear Damage, Selling De-Registered","Automatic,",5,Petrol,https://manheim.co.nz/damaged-vehicles/000000000007445279/2004-ford-falcon-ba-falcon-xr6-a-sedan?referringPage=SearchResults
Holden,SV6,2017,No,N/A,"140,138",," Rear Damage, Structural Damage, Selling De-Registered","Automatic,",2,Petrol,https://manheim.co.nz/damaged-vehicles/000000000007445294/2017-holden-sv6-utility?referringPage=SearchResults
Mazda,CX-30,2024,No,N/A,"25,819",," Airbags Deployed, Right Rear Damage, Right Side Damage, Structural Damage, Selling De-Registered","Automatic,",5,Petrol,https://manheim.co.nz/damaged-vehicles/000000000007445299/2024-mazda-cx-30-station-wagon?referringPage=SearchResults
BMW,440i,2016,No,N/A,N/A,," Right Front Damage, Structural Damage, Selling De-Registered",N/A,4,Petrol,https://manheim.co.nz/damaged-vehicles/000000000007435293/2016-bmw-440i-m-sport-coup%C3%A9?referringPage=SearchResults
Suzuki,Swift,2006,No,$0,"268,712",," Front Damage, Structural Damage, Selling De-Registered","4spd Automatic,",5,Petrol,https://manheim.co.nz/damaged-vehicles/000000000007445333/2006-suzuki-swift-hatch?referringPage=SearchResults
Holden,Colorado,2019,No,N/A,"279,541",," Front Damage, Right Side Damage, Structural Damage, Selling De-Registered","Automatic,",5,Diesel,https://manheim.co.nz/damaged-vehicles/000000000007435380/2019-holden-colorado-z71-dc-pu-2-8dt-4wd-dual-cab-utility?referringPage=SearchResults
Toyota,Camry,2002,No,$0,N/A,," Front Damage, Selling De-Registered",N/A,5,Petrol,https://manheim.co.nz/damaged-vehicles/000000000007445399/2002-toyota-camry-2-2p-gl-sedan-4a-sedan?referringPage=SearchResults
Mazda,Verisa,2010,No,$0,"152,705",," Right Front Damage, Right Rear Damage, Right Side Damage, Structural Damage, Selling De-Registered","Automatic,",5,Petrol,https://manheim.co.nz/damaged-vehicles/000000000007445405/2010-mazda-verisa-hatch?referringPage=SearchResults
Nissan,Bluebird,2006,No,$0,"155,760",," Front Damage, Left Front Damage, Left Rear Damage, Right Front Damage, Right Rear Damage, Selling De-Registered","Automatic,",5,Petrol,https://manheim.co.nz/damaged-vehicles/000000000007445468/2006-nissan-bluebird-sylphy-sedan?referringPage=SearchResults
Ford,Ranger,2017,No,N/A,"168,125",," Chassis Damage, Rear Damage, Structural Damage, Selling De-Registered","Automatic,",5,Diesel,https://manheim.co.nz/damaged-vehicles/000000000007445471/2017-ford-ranger-xl-double-cab-w-s-a-dual-cab-chassis?referringPage=SearchResults
Suzuki,GW250,2015,No,$0,"52,328",," Front Damage, Stolen & Recovered, Selling De-Registered","Automatic,",N/A,Petrol,https://manheim.co.nz/damaged-vehicles/000000000007395553/2015-suzuki-gw250-inazuma-lam-motorcycle?referringPage=SearchResults
Suzuki,VZ1500,2009,No,$0,N/A,," Stolen & Recovered, Selling De-Registered",N/A,N/A,Petrol,https://manheim.co.nz/damaged-vehicles/000000000007435772/2009-suzuki-vz1500-boulevard-m90-motorcycle?referringPage=SearchResults
Suzuki,GN125H,2009,No,$0,"20,780",," Rear Damage, Structural Damage, Selling De-Registered","5spd Manual,",N/A,Petrol,https://manheim.co.nz/damaged-vehicles/000000000007445779/2009-suzuki-gn125h-motorcycle?referringPage=SearchResults
Toyota,Hilux,2002,No,N/A,"352,867",," Front Damage, Glass Broken, Left Side Damage, Roof Damage, Rolled, Right Side Damage, Structural Damage, Selling De-Registered","5spd Manual,",5,Diesel,https://manheim.co.nz/damaged-vehicles/000000000007445784/2002-toyota-hilux-3-0td-4wd-sr5-d-c-5-dual-cab-utility?referringPage=SearchResults
Holden,Barina,2017,No,$0,N/A,," Left Front Damage, Selling De-Registered","Automatic,",5,Petrol,https://manheim.co.nz/damaged-vehicles/000000000007445810/2017-holden-barina-lt-1-6p-6at-hatch?referringPage=SearchResults
Nissan,Qashqai,2017,No,N/A,N/A,," Front Damage, Structural Damage, Selling De-Registered",N/A,5,Petrol,https://manheim.co.nz/damaged-vehicles/000000000007445817/2017-nissan-qashqai-st-l-2-0p-cvt-hatch?referringPage=SearchResults
Mitsubishi,Colt,2009,No,$0,N/A,," Front Damage, Left Front Damage, Right Front Damage, Structural Damage, Selling De-Registered","Automatic,",5,Petrol,https://manheim.co.nz/damaged-vehicles/000000000007445891/2009-mitsubishi-colt-hatch?referringPage=SearchResults
Toyota,Corolla,2008,No,$0,N/A,," Left Rear Damage, Rear Damage, Right Rear Damage, Structural Damage, Selling De-Registered","Automatic,",5,Petrol,https://manheim.co.nz/damaged-vehicles/000000000007445896/2008-toyota-corolla-sedan?referringPage=SearchResults
MIKASA,MVH408,2022,No,$0,1,, Selling De-Registered,N/A,N/A,N/A,https://manheim.co.nz/damaged-vehicles/000000000007455895/2022-mikasa-mvh408-plate-compactor?referringPage=SearchResults
Toyota,C-hr,2017,No,N/A,"5,005",," Front Damage, Structural Damage, Selling De-Registered",N/A,5,Petrol,https://manheim.co.nz/damaged-vehicles/000000000007445915/2017-toyota-c-hr-1-2pt-cvt-station-wagon?referringPage=SearchResults
Nissan,Note,2010,No,$0,"160,824",," Left Front Damage, Structural Damage, Selling De-Registered","4spd Automatic,",5,Petrol,https://manheim.co.nz/damaged-vehicles/000000000007445937/2010-nissan-note-hatch?referringPage=SearchResults
Mitsubishi,Outlander,2007,No,$0,N/A,," Right Side Damage, Structural Damage, Selling De-Registered","Automatic,",7,Petrol,https://manheim.co.nz/damaged-vehicles/000000000007445938/2007-mitsubishi-outlander-station-wagon?referringPage=SearchResults
Indian,Scout,2024,No,$0,N/A,," Left Front Damage, Structural Damage, Selling De-Registered","Manual,",N/A,Petrol,https://manheim.co.nz/damaged-vehicles/000000000007435936/2024-indian-scout-motorcycle?referringPage=SearchResults
Suzuki,GW250Z,2017,No,$0,"30,392",," Structural Damage, Selling De-Registered",N/A,N/A,Petrol,https://manheim.co.nz/damaged-vehicles/000000000007435970/2017-suzuki-gw250z-inazuma-motorcycle?referringPage=SearchResults
Toyota,Prius,2020,No,N/A,"118,643",," Front Damage, Structural Damage, Selling De-Registered",N/A,5,Hybrid,https://manheim.co.nz/damaged-vehicles/000000000007425970/2020-toyota-prius-hybrid-hatch?referringPage=SearchResults
Mitsubishi,RVR,2010,No,$0,N/A,," Front Damage, Structural Damage, Selling De-Registered","4spd Automatic,",5,Petrol,https://manheim.co.nz/damaged-vehicles/000000000007445997/2010-mitsubishi-rvr-station-wagon?referringPage=SearchResults
Toyota,Echo,2000,No,$0,"269,157",," Front Damage, Right Side Damage, Structural Damage, Selling De-Registered",N/A,5,Petrol,https://manheim.co.nz/damaged-vehicles/000000000007446011/2000-toyota-echo-1-3p-hatch3-5m-hatch?referringPage=SearchResults
Toyota,Kluger Station Wagon,2022,No,N/A,N/A,," Front Damage, Airbags Deployed, Structural Damage, Selling De-Registered","Automatic,",7,Hybrid,https://manheim.co.nz/damaged-vehicles/000000000007446039/2022-toyota-kluger-station-wagon-station-wagon?referringPage=SearchResults
Toyota,Prius,2013,No,$0,"339,850",," Left Rear Damage, Right Rear Damage, Structural Damage, Selling De-Registered","CVT,",5,Hybrid,https://manheim.co.nz/damaged-vehicles/000000000007436068/2013-toyota-prius-sedan?referringPage=SearchResults
Honda,ZRV,2024,No,N/A,N/A,," Front Damage, Left Front Damage, Right Front Damage, Structural Damage, Selling De-Registered","Automatic,",5,Hybrid,https://manheim.co.nz/damaged-vehicles/000000000007436087/2024-honda-zrv-zrv-sport-2-0ph-station-wagon?referringPage=SearchResults
BMW,320d,2014,No,$0,"73,828",," Right Side Damage, Structural Damage, Selling De-Registered",N/A,5,Diesel,https://manheim.co.nz/damaged-vehicles/000000000007446083/2014-bmw-320d-touring?referringPage=SearchResults
Holden,Captiva,2015,No,$0,N/A,," Dismantled - Entire Vehicle, Selling De-Registered","Automatic,",7,Diesel,https://manheim.co.nz/damaged-vehicles/000000000007446123/2015-holden-captiva-7-ltz-2-2d-4wd-6at--station-wagon?referringPage=SearchResults
Toyota,Camry,2014,No,$0,"171,036",," Right Front Damage, Structural Damage, Selling De-Registered",N/A,5,Hybrid,https://manheim.co.nz/damaged-vehicles/000000000007446135/2014-toyota-camry-sedan?referringPage=SearchResults
Honda,Stepwagon,2009,No,$0,N/A,," Rear Damage, Structural Damage, Selling De-Registered","Automatic,",8,Petrol,https://manheim.co.nz/damaged-vehicles/000000000007446163/2009-honda-stepwagon-station-wagon?referringPage=SearchResults
Nissan,Tiida,2005,Yes,$0,"228,965",," Glass Broken, Ignition Damage, Stolen & Recovered, Selling Registered","Automatic,",5,Petrol,https://manheim.co.nz/damaged-vehicles/000000000007446170/2005-nissan-tiida-hatch?referringPage=SearchResults
Audi,TT 3.2 Quattro,2003,No,$0,"121,469",," Engine Failure, Interior Damage, Has Key, Water Damage, Selling De-Registered",N/A,N/A,Petrol,https://manheim.co.nz/damaged-vehicles/000000000007446218/2003-audi-tt-3-2-quattro-coup%C3%A9?referringPage=SearchResults
Ford,Courier,1999,Yes,$0,N/A,, Selling Registered,N/A,5,Petrol,https://manheim.co.nz/damaged-vehicles/000000000007446250/1999-ford-courier-xl-crew-cab-svp-utility?referringPage=SearchResults
Toyota,Corolla,2013,No,$0,N/A,," Front Damage, Airbags Deployed, Structural Damage, Selling De-Registered",N/A,5,Petrol,https://manheim.co.nz/damaged-vehicles/000000000007446265/2013-toyota-corolla-gx-1-8p-hatch-cv-hatch?referringPage=SearchResults
Mazda,Demio,2009,Yes,$0,"138,570",," Left Side Damage, Selling Registered",N/A,5,Petrol,https://manheim.co.nz/damaged-vehicles/000000000007446282/2009-mazda-demio-hatch?referringPage=SearchResults
Nissan,Skyline,2005,No,$0,N/A,," Front Damage, Left Front Damage, Right Front Damage, Right Rear Damage, Airbags Deployed, Structural Damage, Selling De-Registered","6spd Manual,",4,Petrol,https://manheim.co.nz/damaged-vehicles/000000000007446286/2005-nissan-skyline-hatch?referringPage=SearchResults
Toyota,RAV4,2015,No,N/A,"250,327",," Left Front Damage, Structural Damage, Selling De-Registered","Automatic,",5,Petrol,https://manheim.co.nz/damaged-vehicles/000000000007406435/2015-toyota-rav4-gx-2-5p-suv-6a-station-wagon?referringPage=SearchResults
Toyota,Camry,2015,Yes,$0,N/A,," Front Damage, Stolen & Recovered, Selling Registered","4spd Automatic,",5,Hybrid,https://manheim.co.nz/damaged-vehicles/000000000007396445/2015-toyota-camry-gl-2-5ph-cvt-sl-4dr-sedan?referringPage=SearchResults
Mazda,Axela,2006,No,$0,N/A,," Right Side Damage, Structural Damage, Selling De-Registered",N/A,5,Petrol,https://manheim.co.nz/damaged-vehicles/000000000007446489/2006-mazda-axela-sedan?referringPage=SearchResults
Toyota,Prius,2014,No,$0,N/A,," Rear Damage, Structural Damage, Selling De-Registered",N/A,5,Hybrid,https://manheim.co.nz/damaged-vehicles/000000000007446527/2014-toyota-prius-hatch?referringPage=SearchResults
Jeep,Grand Cherokee,2016,No,N/A,1,," Fire - Entire Vehicle, Structural Damage, Water Damage, Selling De-Registered",N/A,5,Diesel,https://manheim.co.nz/damaged-vehicles/000000000007446544/2016-jeep-grand-cherokee-overland-3-0d4wd8a--station-wagon?referringPage=SearchResults
Toyota,Caldina,2005,No,$0,N/A,," Front Damage, Left Front Damage, Left Rear Damage, Right Front Damage, Right Rear Damage, Vandalised - Interior, Dismantled - Interior, Structural Damage, Stolen & Recovered, Selling De-Registered","Automatic,",5,Petrol,https://manheim.co.nz/damaged-vehicles/000000000007446545/2005-toyota-caldina-station-wagon?referringPage=SearchResults
Toyota,Aqua,2016,No,$0,N/A,," Front Damage, Glass Broken, Left Front Damage, Structural Damage, Selling De-Registered",N/A,5,Hybrid,https://manheim.co.nz/damaged-vehicles/000000000007446546/2016-toyota-aqua-g-s-hatch?referringPage=SearchResults
Suzuki,GN250,2006,No,$0,"33,065",," Front Damage, Structural Damage, Selling De-Registered","Manual,",N/A,Petrol,https://manheim.co.nz/damaged-vehicles/000000000007446553/2006-suzuki-gn250-e-motorcycle?referringPage=SearchResults
Nissan,Tiida,2005,No,$0,"197,388",," Rear Damage, Structural Damage, Selling De-Registered","Automatic,",5,Petrol,https://manheim.co.nz/damaged-vehicles/000000000007446561/2005-nissan-tiida-sedan?referringPage=SearchResults
BMW,Mini,2014,No,$0,"126,284",," Front Damage, Left Side Damage, Structural Damage, Selling De-Registered",N/A,5,Petrol,https://manheim.co.nz/damaged-vehicles/000000000007446574/2014-bmw-mini-hatch?referringPage=SearchResults
Nissan,Navara,2019,No,N/A,"105,010",," Left Side Damage, Structural Damage, Selling De-Registered","7spd Automatic,",5,Diesel,https://manheim.co.nz/damaged-vehicles/000000000007446582/2019-nissan-navara-st-x-2-3d-7am-ut-4d-dual-cab-utility?referringPage=SearchResults
Mazda,MPV,2006,No,$0,N/A,," Rear Damage, Structural Damage, Selling De-Registered","5spd Automatic,",7,Petrol,https://manheim.co.nz/damaged-vehicles/000000000007446589/2006-mazda-mpv-station-wagon?referringPage=SearchResults
Toyota,Corolla,2002,No,$0,"254,502",," Left Side Damage, Rear Damage, Right Side Damage, Structural Damage, Selling De-Registered","5spd Automatic,",5,Petrol,https://manheim.co.nz/damaged-vehicles/000000000007446596/2002-toyota-corolla-hatch?referringPage=SearchResults
Nissan,X-trail,2004,No,$0,"313,325",," Front Damage, Left Side Damage, Rear Damage, Structural Damage, Selling De-Registered","Manual,",N/A,Petrol,https://manheim.co.nz/damaged-vehicles/000000000007446599/2004-nissan-x-trail-mt-station-wagon?referringPage=SearchResults
Toyota,Prius,2016,No,$0,"261,090",," Rear Damage, Right Rear Damage, Structural Damage, Selling De-Registered",N/A,N/A,Hybrid,https://manheim.co.nz/damaged-vehicles/000000000007446607/2016-toyota-prius-c-gx-hatch?referringPage=SearchResults
Audi,Q5,2010,No,$0,"142,975",," Right Side Damage, Structural Damage, Selling De-Registered","Automatic,",5,Petrol,https://manheim.co.nz/damaged-vehicles/000000000007446624/2010-audi-q5-station-wagon?referringPage=SearchResults
Toyota,Corolla,2014,No,$0,"151,967",," Left Front Damage, Rear Damage, Structural Damage, Selling De-Registered","Automatic,",5,Petrol,https://manheim.co.nz/damaged-vehicles/000000000007446653/2014-toyota-corolla-gx-1-8p-hatch-cv-hatch?referringPage=SearchResults
Toyota,Camry,2013,No,$0,N/A,," Rear Damage, Structural Damage, Selling De-Registered","Automatic,",5,Hybrid,https://manheim.co.nz/damaged-vehicles/000000000007446658/2013-toyota-camry-hybrid-sedan?referringPage=SearchResults
Suzuki,SV650S,2007,No,$0,N/A,," Left Side Damage, Structural Damage, Stolen & Recovered, Selling De-Registered","Automatic,",N/A,Petrol,https://manheim.co.nz/damaged-vehicles/000000000007446685/2007-suzuki-sv650s-k6-motorcycle?referringPage=SearchResults
Toyota,Aqua,2016,No,$0,"106,014",," Front Damage, Left Front Damage, Left Side Damage, Right Rear Damage, Right Side Damage, Structural Damage, Suspension Damage, Selling De-Registered","4spd Automatic,",5,Hybrid,https://manheim.co.nz/damaged-vehicles/000000000007446716/2016-toyota-aqua-hatch?referringPage=SearchResults
Toyota,Spacio,2001,No,$0,"294,988",," Front Damage, Structural Damage, Selling De-Registered","Automatic,",7,Petrol,https://manheim.co.nz/damaged-vehicles/000000000007446718/2001-toyota-spacio-station-wagon?referringPage=SearchResults
Volkswagen,Golf,2008,No,$0,"183,415",," Left Side Damage, Right Rear Damage, Right Side Damage, Structural Damage, Selling De-Registered","7spd Automatic,",5,Petrol,https://manheim.co.nz/damaged-vehicles/000000000007446838/2008-volkswagen-golf-tsi-station-wagon?referringPage=SearchResults
Hyundai,Tucson,2026,No,N/A,"2,928",," Structural Damage, Selling De-Registered","6spd Automatic,",5,Petrol,https://manheim.co.nz/damaged-vehicles/000000000007446853/2026-hyundai-tucson-1-6t-active-awd-1-6-station-wagon?referringPage=SearchResults
Holden,Vectra,2007,Yes,$0,N/A,," Left Side Damage, Selling Registered","Automatic,",5,Petrol,https://manheim.co.nz/damaged-vehicles/000000000007416851/2007-holden-vectra-hatch?referringPage=SearchResults
Mazda,Bounty Cab Plus W/S 4WD DX UT,2005,Yes,$0,"281,130",," Right Side Damage, Selling Registered","Automatic,",4,Diesel,https://manheim.co.nz/damaged-vehicles/000000000007446869/2005-mazda-bounty-cab-plus-w-s-4wd-dx-ut-dual-cab-chassis?referringPage=SearchResults
Nissan,Tiida,2005,No,$0,N/A,," Right Front Damage, Right Rear Damage, Structural Damage, Selling De-Registered","Automatic,",5,Petrol,https://manheim.co.nz/damaged-vehicles/000000000007446875/2005-nissan-tiida-hatch?referringPage=SearchResults
Mitsubishi,Eclipse Cross,2018,No,N/A,N/A,," Left Front Damage, Left Side Damage, Structural Damage, Selling De-Registered",N/A,5,Petrol,https://manheim.co.nz/damaged-vehicles/000000000007446924/2018-mitsubishi-eclipse-cross-vrx-1-5p-8cvt-station-wagon?referringPage=SearchResults
Honda,Insight,2009,No,$0,N/A,," Front Damage, Structural Damage, Selling De-Registered","Automatic,",5,Petrol,https://manheim.co.nz/damaged-vehicles/000000000007446948/2009-honda-insight-hatch?referringPage=SearchResults
Toyota,Vanguard,2012,No,$0,N/A,," Left Front Damage, Structural Damage, Selling De-Registered",N/A,7,Petrol,https://manheim.co.nz/damaged-vehicles/000000000007446963/2012-toyota-vanguard-station-wagon?referringPage=SearchResults
Mazda,Demio,2015,No,$0,N/A,, Selling De-Registered,"Automatic,",5,Petrol,https://manheim.co.nz/damaged-vehicles/000000000007406973/2015-mazda-demio-skyactiv-hatch?referringPage=SearchResults
Mercedes-Benz,B200,2009,No,$0,"153,032",," Left Front Damage, Structural Damage, Selling De-Registered",N/A,5,Petrol,https://manheim.co.nz/damaged-vehicles/000000000007446993/2009-mercedes-benz-b200-sedan?referringPage=SearchResults
Mazda,Bounty,2005,No,$0,"271,040",," Front Damage, Structural Damage, Selling De-Registered",N/A,5,Diesel,https://manheim.co.nz/damaged-vehicles/000000000007446999/2005-mazda-bounty-dbl-cab-w-s-4wd-dx-dual-cab-chassis?referringPage=SearchResults
Triumph,Bonneville,2014,No,$0,N/A,," Left Side Damage, Structural Damage, Selling De-Registered","Manual,",N/A,Petrol,https://manheim.co.nz/damaged-vehicles/000000000007447000/2014-triumph-bonneville-motorcycle?referringPage=SearchResults
Toyota,Aqua,2015,No,$0,N/A,," Front Damage, Structural Damage, Selling De-Registered","Automatic,",5,Hybrid,https://manheim.co.nz/damaged-vehicles/000000000007447014/2015-toyota-aqua-hybrid-hatch?referringPage=SearchResults
Jeep,Compass,2014,No,$0,"95,491",," Front Damage, Left Front Damage, Left Rear Damage, Rear Damage, Right Front Damage, Right Rear Damage, Structural Damage, Selling De-Registered","Automatic,",5,Petrol,https://manheim.co.nz/damaged-vehicles/000000000007447041/2014-jeep-compass-north-2-0p-6at-sw-5-station-wagon?referringPage=SearchResults
Holden,Colorado,2019,No,N/A,"79,013",," Front Damage, Structural Damage, Selling De-Registered","Automatic,",5,Diesel,https://manheim.co.nz/damaged-vehicles/000000000007427068/2019-holden-colorado-ltz-dc-pu-2-8dt-4wd-dual-cab-utility?referringPage=SearchResults
Skoda,Kodiaq,2019,Yes,N/A,"190,794",," No Major Panel Dmg, Selling Registered","7spd Automatic,",7,Petrol,https://manheim.co.nz/damaged-vehicles/000000000007437111/2019-skoda-kodiaq-ambition-tsi-110kw-station-wagon?referringPage=SearchResults
Nissan,Tiida,2007,No,$0,"143,931",," Rear Damage, Structural Damage, Selling De-Registered",N/A,N/A,Petrol,https://manheim.co.nz/damaged-vehicles/000000000007447205/2007-nissan-tiida-hatch?referringPage=SearchResults
Honda,Accord,1996,Yes,$0,"238,848",," Glass Broken, Ignition Damage, Left Side Damage, Vandalised - Interior, Selling Registered",N/A,5,Petrol,https://manheim.co.nz/damaged-vehicles/000000000007447211/1996-honda-accord-vti-s-auto-sedan?referringPage=SearchResults
Jaguar,XJ,2011,No,$0,"86,883",," Front Damage, Left Front Damage, Structural Damage, Selling De-Registered",N/A,5,Diesel,https://manheim.co.nz/damaged-vehicles/000000000007447217/2011-jaguar-xj-sedan?referringPage=SearchResults
Toyota,Ist,2004,No,$0,N/A,," Front Damage, Airbags Deployed, Structural Damage, Selling De-Registered","Automatic,",5,Petrol,https://manheim.co.nz/damaged-vehicles/000000000007447223/2004-toyota-ist-station-wagon?referringPage=SearchResults
Nissan,Navara,2014,No,N/A,N/A,," Front Damage, Left Side Damage, Structural Damage, Selling De-Registered","Automatic,",5,Diesel,https://manheim.co.nz/damaged-vehicles/000000000007447227/2014-nissan-navara-d-c-2-5d-2wd-st-x-a-station-wagon?referringPage=SearchResults
Toyota,Prius,2012,No,$0,N/A,," Glass Broken, Interior Damage, Left Front Damage, Vandalised - Interior, Water Damage, Selling De-Registered","Automatic,",5,Hybrid,https://manheim.co.nz/damaged-vehicles/000000000007447230/2012-toyota-prius-hatch?referringPage=SearchResults
Toyota,Hiace,2019,No,N/A,N/A,," Front Damage, Structural Damage, Selling De-Registered","Automatic,",2,Diesel,https://manheim.co.nz/damaged-vehicles/000000000007447243/2019-toyota-hiace-zl-td-3-0dt-4at-van?referringPage=SearchResults
Toyota,Markx,2005,Yes,$0,N/A,," Front Damage, Glass Broken, Ignition Damage, Left Rear Damage, Stolen & Recovered, Selling Registered","Automatic,",5,Petrol,https://manheim.co.nz/damaged-vehicles/000000000007447286/2005-toyota-markx-sedan?referringPage=SearchResults
Toyota,Altezza,1998,No,$0,N/A,," Front Damage, Left Side Damage, Rear Damage, Structural Damage, Selling De-Registered","Automatic,",5,Petrol,https://manheim.co.nz/damaged-vehicles/000000000007447288/1998-toyota-altezza-sedan?referringPage=SearchResults
Ford,Ranger,2018,No,N/A,"140,512",, Selling De-Registered,"Automatic,",5,Diesel,https://manheim.co.nz/damaged-vehicles/000000000007447314/2018-ford-ranger-xlt-double-cab-w-sa-dual-cab-chassis?referringPage=SearchResults
Nissan,Navara,2007,Yes,N/A,"308,908",," Left Rear Damage, Selling Registered","Automatic,",5,N/A,https://manheim.co.nz/damaged-vehicles/000000000007457315/2007-nissan-navara-2-5-4wd-at-diesel-dual-cab-chassis?referringPage=SearchResults
Hyundai,IX35,2012,No,$0,N/A,," Rear Damage, Structural Damage, Selling De-Registered","Automatic,",5,Petrol,https://manheim.co.nz/damaged-vehicles/000000000007447321/2012-hyundai-ix35-2-0-2wd-a6-station-wagon?referringPage=SearchResults
Toyota,Hilux,2013,No,N/A,N/A,," Front Damage, Left Front Damage, Left Rear Damage, Left Side Damage, Rear Damage, Roof Damage, Right Front Damage, Right Rear Damage, Right Side Damage, Water Damage, Selling De-Registered",N/A,5,Diesel,https://manheim.co.nz/damaged-vehicles/000000000007447338/2013-toyota-hilux-4wd-3-0td-dc-ute-5m-dual-cab-chassis?referringPage=SearchResults
Mazda,Atenza,2004,No,$0,N/A,," Glass Broken, Left Front Damage, Left Side Damage, Rear Damage, Structural Damage, Selling De-Registered","Automatic,",5,Petrol,https://manheim.co.nz/damaged-vehicles/000000000007447366/2004-mazda-atenza-station-wagon?referringPage=SearchResults
Ford,Ranger,2010,No,$0,"590,172",," Front Damage, Roof Damage, Right Side Damage, Structural Damage, Selling De-Registered","5spd Manual,",5,Diesel,https://manheim.co.nz/damaged-vehicles/000000000007437417/2010-ford-ranger-3-0td-dc-c-c-4x4-utility?referringPage=SearchResults
Mercedes-Benz,230e,1996,No,$0,N/A,," Front Damage, Fire Damage, Structural Damage, Selling De-Registered",N/A,5,Petrol,https://manheim.co.nz/damaged-vehicles/000000000007447517/1996-mercedes-benz-230e-sedan?referringPage=SearchResults
Nissan,Navara,2019,No,N/A,N/A,," Right Side Damage, Structural Damage, Selling De-Registered","6spd Manual,",5,Diesel,https://manheim.co.nz/damaged-vehicles/000000000007447565/2019-nissan-navara-st-x-2-3d-4wd-6mt-u-dual-cab-utility?referringPage=SearchResults
Lexus,IS250,2013,No,$0,N/A,," Front Damage, Left Front Damage, Right Front Damage, Structural Damage, Selling De-Registered","Automatic,",5,Petrol,https://manheim.co.nz/damaged-vehicles/000000000007447589/2013-lexus-is250-sedan?referringPage=SearchResults
Toyota,Blade,2007,No,$0,"175,760",," Right Front Damage, Structural Damage, Selling De-Registered",N/A,5,Petrol,https://manheim.co.nz/damaged-vehicles/000000000007447624/2007-toyota-blade-hatch?referringPage=SearchResults
Toyota,Hilux,2022,No,N/A,N/A,," Front Damage, Left Side Damage, Roof Damage, Rolled, Right Side Damage, Structural Damage, Selling De-Registered","Automatic,",5,Diesel,https://manheim.co.nz/damaged-vehicles/000000000007447627/2022-toyota-hilux-sr-td-dc-2-8dt-4wd-dual-cab-utility?referringPage=SearchResults
Toyota,Caldina Station Wagon,2005,No,$0,"160,412",," Front Damage, Ignition Damage, Left Rear Damage, Right Front Damage, Vandalised - Interior, Structural Damage, Stolen & Recovered, Selling De-Registered","Automatic,",5,Petrol,https://manheim.co.nz/damaged-vehicles/000000000007447654/2005-toyota-caldina-station-wagon-station-wagon?referringPage=SearchResults
Toyota,Hilux,2026,No,N/A,1,," Interior Damage, Structural Damage, Water Damage, Selling De-Registered",N/A,5,Hybrid,https://manheim.co.nz/damaged-vehicles/000000000007447738/2026-toyota-hilux-sr5-td-dc-2-8dmht-dual-cab-chassis?referringPage=SearchResults
Toyota,Corolla,2004,Yes,$0,N/A,," Front Damage, Selling Registered","Automatic,",5,Petrol,https://manheim.co.nz/damaged-vehicles/000000000007447761/2004-toyota-corolla-fielder-station-wagon?referringPage=SearchResults
BYD,Shark 6,2025,No,N/A,N/A,," Front Damage, Right Front Damage, Airbags Deployed, Structural Damage, Selling De-Registered","Automatic,",5,Hybrid,https://manheim.co.nz/damaged-vehicles/000000000007447765/2025-byd-shark-6-premium-1-5t-phev-a-ultility?referringPage=SearchResults
Tesla,Model 3,2021,No,N/A,"117,465",," Rear Damage, Structural Damage, Selling De-Registered",N/A,5,Electric,https://manheim.co.nz/damaged-vehicles/000000000007427870/2021-tesla-model-3-sedan?referringPage=SearchResults
Ford,Falcon,1997,No,$0,"183,398",," Left Front Damage, Right Front Damage, Airbags Deployed, Selling De-Registered","Automatic,",5,Petrol,https://manheim.co.nz/damaged-vehicles/000000000007438010/1997-ford-falcon-el-xr6-4-0p-4at-sedan?referringPage=SearchResults
Toyota,Premio,2006,Yes,$0,"114,025",," Glass Broken, Ignition Damage, Left Rear Damage, Vandalised - Entire Vehicle, Stolen & Recovered, Selling Registered","Automatic,",5,Petrol,https://manheim.co.nz/damaged-vehicles/000000000007448068/2006-toyota-premio-sedan?referringPage=SearchResults
Toyota,Corolla,2002,No,$0,"304,779",," Front Damage, Rear Damage, Structural Damage, Selling De-Registered",N/A,5,Petrol,https://manheim.co.nz/damaged-vehicles/000000000007448117/2002-toyota-corolla-fielder-station-wagon?referringPage=SearchResults
Toyota,Prius,2015,No,$0,N/A,," Front Damage, Rear Damage, Structural Damage, Selling De-Registered","Automatic,",5,Hybrid,https://manheim.co.nz/damaged-vehicles/000000000007448134/2015-toyota-prius-hatch?referringPage=SearchResults
Toyota,Ipsum,2001,No,$0,"258,102",," Right Rear Damage, Structural Damage, Selling De-Registered","Automatic,",6,Petrol,https://manheim.co.nz/damaged-vehicles/000000000007448186/2001-toyota-ipsum-station-wagon?referringPage=SearchResults
Toyota,Prius,2015,No,$0,N/A,," Front Damage, Glass Broken, Right Front Damage, Structural Damage, Selling De-Registered","5spd Automatic,",5,Hybrid,https://manheim.co.nz/damaged-vehicles/000000000007438197/2015-toyota-prius-hybrid-hatch?referringPage=SearchResults
Toyota,Prius,2014,No,$0,N/A,," Left Side Damage, Airbags Deployed, Structural Damage, Selling De-Registered","Automatic,",5,Hybrid,https://manheim.co.nz/damaged-vehicles/000000000007448204/2014-toyota-prius-hatch?referringPage=SearchResults
Toyota,Vitz,2008,Yes,$0,"142,799",," Right Side Damage, Stolen & Recovered, Selling Registered","Automatic,",5,Petrol,https://manheim.co.nz/damaged-vehicles/000000000007448213/2008-toyota-vitz-hatch?referringPage=SearchResults
Isuzu,D-max,2024,No,N/A,N/A,," Front Damage, Left Front Damage, Right Front Damage, Structural Damage, Selling De-Registered",N/A,5,Diesel,https://manheim.co.nz/damaged-vehicles/000000000007438214/2024-isuzu-d-max-ls-double-cab-2wd-3-utility?referringPage=SearchResults
Toyota,Prius,2014,No,$0,"100,789",," Front Damage, Left Front Damage, Left Side Damage, Structural Damage, Selling De-Registered","CVT,",5,Hybrid,https://manheim.co.nz/damaged-vehicles/000000000007448266/2014-toyota-prius-hatch?referringPage=SearchResults
Honda,fit,2012,No,$0,N/A,," Front Damage, Rear Damage, Structural Damage, Selling De-Registered","Automatic,",5,Hybrid,https://manheim.co.nz/damaged-vehicles/000000000007448271/2012-honda-fit-station-wagon?referringPage=SearchResults
Vespa,GTS,2022,No,$0,"25,177",," Left Front Damage, Left Side Damage, Right Front Damage, Right Side Damage, Structural Damage, Selling De-Registered","Automatic,",N/A,Petrol,https://manheim.co.nz/damaged-vehicles/000000000007438275/2022-vespa-gts-300-supersport-hpe-scooter?referringPage=SearchResults
Suzuki,Swift,2024,No,$0,"24,767",," Chassis Damage, Front Damage, Structural Damage, Selling De-Registered","Automatic,",5,Petrol,https://manheim.co.nz/damaged-vehicles/000000000007448285/2024-suzuki-swift-hatch?referringPage=SearchResults
Toyota,Hiace,2013,No,N/A,"260,958",," Right Side Damage, Structural Damage, Selling De-Registered",N/A,3,Diesel,https://manheim.co.nz/damaged-vehicles/000000000007438307/2013-toyota-hiace-zl-3-0td-5m-3-seat-van?referringPage=SearchResults
Nissan,March,2005,No,$0,"183,120",," Front Damage, Left Rear Damage, Structural Damage, Selling De-Registered","Automatic,",5,Petrol,https://manheim.co.nz/damaged-vehicles/000000000007448391/2005-nissan-march-hatch?referringPage=SearchResults
Toyota,Estima,2006,No,$0,N/A,," Rear Damage, Right Rear Damage, Structural Damage, Selling De-Registered","Automatic,",7,Petrol,https://manheim.co.nz/damaged-vehicles/000000000007448435/2006-toyota-estima-station-wagon?referringPage=SearchResults
Nissan,Serena,2019,No,N/A,N/A,," Front Damage, Structural Damage, Selling De-Registered",N/A,8,Hybrid,https://manheim.co.nz/damaged-vehicles/000000000007448447/2019-nissan-serena-station-wagon?referringPage=SearchResults
Toyota,Corolla,2004,No,$0,N/A,," Front Damage, Structural Damage, Selling De-Registered","Automatic,",5,Petrol,https://manheim.co.nz/damaged-vehicles/000000000007448460/2004-toyota-corolla-x-sedan?referringPage=SearchResults
Mazda,MAZDA2,2009,No,$0,"132,063",," Rear Damage, Right Rear Damage, Right Side Damage, Structural Damage, Selling De-Registered","Automatic,",5,Petrol,https://manheim.co.nz/damaged-vehicles/000000000007448489/2009-mazda-mazda2-sport-5-dr-1-5-4at-hatch?referringPage=SearchResults
Mercedes-Benz,CLA180,2015,No,N/A,"72,255",," Front Damage, Left Front Damage, Right Front Damage, Structural Damage, Selling De-Registered","Automatic,",5,Petrol,https://manheim.co.nz/damaged-vehicles/000000000007438498/2015-mercedes-benz-cla180-hatch?referringPage=SearchResults
Honda,CRV,2006,No,$0,"349,088",," Left Rear Damage, Structural Damage, Selling De-Registered","Automatic,",5,Petrol,https://manheim.co.nz/damaged-vehicles/000000000007448501/2006-honda-crv-van?referringPage=SearchResults
Nissan,Tiida,2010,No,$0,N/A,," Rear Damage, Structural Damage, Selling De-Registered",N/A,5,Petrol,https://manheim.co.nz/damaged-vehicles/000000000007448508/2010-nissan-tiida-hatch?referringPage=SearchResults
Volkswagen,Golf,2005,No,$0,N/A,," Right Side Damage, Selling De-Registered","Automatic,",5,Petrol,https://manheim.co.nz/damaged-vehicles/000000000007448522/2005-volkswagen-golf-gti-hatch?referringPage=SearchResults
Mazda,Axela,2006,No,$0,"198,885",," Chassis Damage, Front Damage, Right Front Damage, Structural Damage, Selling De-Registered","5spd Manual,",5,Petrol,https://manheim.co.nz/damaged-vehicles/000000000007448550/2006-mazda-axela-hatch?referringPage=SearchResults
Toyota,Yaris,2007,No,$0,"170,006",," Glass Broken, Has Key, Left Rear Damage, Rear Damage, Structural Damage, Selling De-Registered",N/A,5,Petrol,https://manheim.co.nz/damaged-vehicles/000000000007448551/2007-toyota-yaris-1-5p-sedan-5m-sedan?referringPage=SearchResults
Toyota,Aqua,2013,No,$0,N/A,," Front Damage, Left Front Damage, Right Front Damage, Airbags Deployed, Structural Damage, Selling De-Registered","Automatic,",5,Hybrid,https://manheim.co.nz/damaged-vehicles/000000000007448593/2013-toyota-aqua-hatch?referringPage=SearchResults
Toyota,Aqua,2018,No,$0,"138,334",," Front Damage, Right Front Damage, Structural Damage, Suspension Damage, Selling De-Registered","Automatic,",5,Hybrid,https://manheim.co.nz/damaged-vehicles/000000000007438805/2018-toyota-aqua-hybrid-hatch?referringPage=SearchResults
Volkswagen,Golf,2011,No,$0,N/A,," Front Damage, Left Front Damage, Left Rear Damage, Structural Damage, Selling De-Registered","Automatic,",5,Petrol,https://manheim.co.nz/damaged-vehicles/000000000007398814/2011-volkswagen-golf-station-wagon?referringPage=SearchResults
Mazda,Biante,2011,No,$0,N/A,," Front Damage, Structural Damage, Selling De-Registered","Automatic,",8,Petrol,https://manheim.co.nz/damaged-vehicles/000000000007448826/2011-mazda-biante-station-wagon?referringPage=SearchResults
Mazda,Atenza,2008,No,$0,"170,745",," Front Damage, Structural Damage, Selling De-Registered","Automatic,",5,Petrol,https://manheim.co.nz/damaged-vehicles/000000000007448829/2008-mazda-atenza-station-wagon?referringPage=SearchResults
Suzuki,Landy,2014,Yes,$0,"153,056",," Left Rear Damage, Right Front Damage, Right Side Damage, Selling Registered","Automatic,",8,Petrol,https://manheim.co.nz/damaged-vehicles/000000000007448832/2014-suzuki-landy-station-wagon?referringPage=SearchResults
Mazda,Demio,2012,No,$0,N/A,," Front Damage, Structural Damage, Selling De-Registered","Automatic,",5,Petrol,https://manheim.co.nz/damaged-vehicles/000000000007448841/2012-mazda-demio-hatch?referringPage=SearchResults
Mazda,CX-7,2006,Yes,$0,"236,805",," Front Damage, Glass Broken, Left Front Damage, Selling Registered",N/A,5,Petrol,https://manheim.co.nz/damaged-vehicles/000000000007448842/2006-mazda-cx-7-station-wagon?referringPage=SearchResults
Toyota,Corolla,1994,No,$0,"307,838",," Structural Damage, Stolen & Recovered, Selling De-Registered","Automatic,",5,Petrol,https://manheim.co.nz/damaged-vehicles/000000000007448843/1994-toyota-corolla-sedan?referringPage=SearchResults
Audi,A3,2009,Yes,$0,"90,879",," Front Damage, Selling Registered","Automatic,",5,Petrol,https://manheim.co.nz/damaged-vehicles/000000000007448847/2009-audi-a3-station-wagon?referringPage=SearchResults
Mitsubishi,Lancer,2008,No,$0,N/A,," Front Damage, Structural Damage, Selling De-Registered",N/A,5,Petrol,https://manheim.co.nz/damaged-vehicles/000000000007448849/2008-mitsubishi-lancer-sedan?referringPage=SearchResults
Honda,Civic,2007,No,$0,"216,540",," Rear Damage, Right Rear Damage, Structural Damage, Selling De-Registered","Automatic,",5,Petrol,https://manheim.co.nz/damaged-vehicles/000000000007448860/2007-honda-civic-1-8s-sedan?referringPage=SearchResults
Honda,Accord,2013,No,$0,"148,694",," Right Front Damage, Right Side Damage, Underbody Damage, Structural Damage, Suspension Damage, Selling De-Registered",N/A,5,Hybrid,https://manheim.co.nz/damaged-vehicles/000000000007448879/2013-honda-accord-hybrid-sedan?referringPage=SearchResults
Mazda,Demio,2015,No,$0,"103,124",," Rear Damage, Structural Damage, Selling De-Registered","Automatic,",5,Petrol,https://manheim.co.nz/damaged-vehicles/000000000007438871/2015-mazda-demio-hatch?referringPage=SearchResults
Nissan,NV200,2017,No,$0,N/A,," Front Damage, Airbags Deployed, Structural Damage, Selling De-Registered","Automatic,",5,Petrol,https://manheim.co.nz/damaged-vehicles/000000000007438873/2017-nissan-nv200-vanette-panel-van?referringPage=SearchResults
Volkswagen,Golf,2006,No,$0,"208,902",," Left Front Damage, Structural Damage, Suspension Damage, Selling De-Registered",N/A,5,Petrol,https://manheim.co.nz/damaged-vehicles/000000000007448880/2006-volkswagen-golf-gti-hatch?referringPage=SearchResults
Honda,CRV,2015,No,$0,N/A,," Right Rear Damage, Structural Damage, Selling De-Registered","Automatic,",5,Petrol,https://manheim.co.nz/damaged-vehicles/000000000007448913/2015-honda-crv-station-wagon?referringPage=SearchResults
Ford,Ranger,2022,No,N/A,"43,656",," Airbags Deployed, Front Damage, Structural Damage, Selling De-Registered",N/A,5,Diesel,https://manheim.co.nz/damaged-vehicles/000000000007448922/2022-ford-ranger-fx4-double-cab-w-s-dual-cab-utility?referringPage=SearchResults
Mitsubishi,Galant,2012,Yes,N/A,"175,291",," No Major Panel Dmg, Selling Registered","6spd Automatic,",5,Petrol,https://manheim.co.nz/damaged-vehicles/000000000007448929/2012-mitsubishi-galant-fortis-sedan?referringPage=SearchResults
Mazda,Demio,2011,Yes,$0,"196,277",," Glass Broken, Ignition Damage, Stolen & Recovered, Selling Registered",N/A,N/A,Petrol,https://manheim.co.nz/damaged-vehicles/000000000007448930/2011-mazda-demio-hatch?referringPage=SearchResults
Nissan,Note,2017,No,$0,N/A,," Front Damage, Right Side Damage, Structural Damage, Selling De-Registered","Automatic,",5,Petrol,https://manheim.co.nz/damaged-vehicles/000000000007438949/2017-nissan-note-hatch?referringPage=SearchResults
Toyota,Hilux,2019,Yes,N/A,"155,293",," Stolen & Recovered, Selling Registered","Automatic,",5,Diesel,https://manheim.co.nz/damaged-vehicles/000000000007378962/2019-toyota-hilux-sr-td-dc-2-8dt-dual-cab-utility?referringPage=SearchResults
Lexus,IS300H,2017,No,$0,N/A,," Front Damage, Rear Damage, Airbags Deployed, Structural Damage, Selling De-Registered","Automatic,",4,Hybrid,https://manheim.co.nz/damaged-vehicles/000000000007448967/2017-lexus-is300h-sedan?referringPage=SearchResults
BMW,X5,2021,No,N/A,N/A,," Right Side Damage, Airbags Deployed, Structural Damage, Selling De-Registered","Automatic,",5,Diesel,https://manheim.co.nz/damaged-vehicles/000000000007448979/2021-bmw-x5-x30d-3-0dt-4wd-8at-touring?referringPage=SearchResults
Lexus,CT200H,2012,No,N/A,N/A,," Front Damage, Right Front Damage, Airbags Deployed, Structural Damage, Selling De-Registered","Automatic,",5,Hybrid,https://manheim.co.nz/damaged-vehicles/000000000007448989/2012-lexus-ct200h-hybrid-hatch?referringPage=SearchResults
Audi,A4,2018,No,N/A,N/A,," Front Damage, Rear Damage, Structural Damage, Selling De-Registered","Automatic,",5,Petrol,https://manheim.co.nz/damaged-vehicles/000000000007448997/2018-audi-a4-sedan?referringPage=SearchResults
Toyota,Landcruiser,2013,No,N/A,1,," Structural Damage, Selling De-Registered",N/A,8,Diesel,https://manheim.co.nz/damaged-vehicles/000000000007449009/2013-toyota-landcruiser-vx-4-5td-suv-6a-station-wagon?referringPage=SearchResults
Suzuki,Swift,2017,No,$0,"83,662",," Right Side Damage, Structural Damage, Selling De-Registered","Automatic,",5,Petrol,https://manheim.co.nz/damaged-vehicles/000000000007449012/2017-suzuki-swift-hatch?referringPage=SearchResults
Mazda,BT-50,2015,No,N/A,N/A,," Stolen & Recovered, Selling De-Registered","Automatic,",5,Diesel,https://manheim.co.nz/damaged-vehicles/000000000007429037/2015-mazda-bt-50-utility?referringPage=SearchResults
Suzuki,Swift,2009,No,$0,"179,248",," Left Front Damage, Left Rear Damage, Structural Damage, Selling De-Registered",N/A,5,Petrol,https://manheim.co.nz/damaged-vehicles/000000000007449049/2009-suzuki-swift-hatch-1-6-5dr-sport-hatch?referringPage=SearchResults
Suzuki,Swift,2005,No,$0,"173,304",," Rear Damage, Structural Damage, Suspension Damage, Selling De-Registered","Automatic,",5,Petrol,https://manheim.co.nz/damaged-vehicles/000000000007449095/2005-suzuki-swift-hatch?referringPage=SearchResults
Toyota,Landcruiser,2006,No,N/A,N/A,," Left Front Damage, Left Rear Damage, Roof Damage, Right Front Damage, Rolled, Right Rear Damage, Structural Damage, Selling De-Registered","Automatic,",8,Petrol,https://manheim.co.nz/damaged-vehicles/000000000007449099/2006-toyota-landcruiser-prado-station-wagon?referringPage=SearchResults
Nissan,Navara,2021,No,N/A,N/A,," Airbags Deployed, Chassis Damage, Right Side Damage, Structural Damage, Selling De-Registered",N/A,5,Diesel,https://manheim.co.nz/damaged-vehicles/000000000007449114/2021-nissan-navara-st-2-3d-4wd-7am-ut--utility?referringPage=SearchResults
BMW,X3,2016,No,N/A,N/A,," Left Rear Damage, Right Rear Damage, Structural Damage, Selling De-Registered","Automatic,",5,Diesel,https://manheim.co.nz/damaged-vehicles/000000000007449127/2016-bmw-x3-touring?referringPage=SearchResults
Toyota,RAV4,2016,No,N/A,"110,962",," Front Damage, Rear Damage, Structural Damage, Selling De-Registered","Automatic,",5,Petrol,https://manheim.co.nz/damaged-vehicles/000000000007449143/2016-toyota-rav4-station-wagon?referringPage=SearchResults
Ford,Fiesta,2014,No,$0,"137,301",," Front Damage, Right Front Damage, Right Rear Damage, Right Side Damage, Structural Damage, Selling De-Registered","5spd Manual,",5,Petrol,https://manheim.co.nz/damaged-vehicles/000000000007449144/2014-ford-fiesta-trend-1-5p5m-ha5d5s-hatch?referringPage=SearchResults
Toyota,C-hr,2018,No,N/A,"67,535",," Rear Damage, Structural Damage, Selling De-Registered",N/A,5,Hybrid,https://manheim.co.nz/damaged-vehicles/000000000007449184/2018-toyota-c-hr-hatch?referringPage=SearchResults
Mazda,Demio,2004,Yes,$0,"145,291",," Front Damage, Left Front Damage, Right Front Damage, Selling Registered","Automatic,",5,Petrol,https://manheim.co.nz/damaged-vehicles/000000000007449192/2004-mazda-demio-hatch?referringPage=SearchResults
Nissan,March,2012,Yes,$0,"128,000",," Glass Broken, Ignition Damage, Stolen & Recovered, Selling Registered",N/A,5,Petrol,https://manheim.co.nz/damaged-vehicles/000000000007449220/2012-nissan-march-hatch?referringPage=SearchResults
Nissan,Safari,1989,No,N/A,"250,816",," Left Side Damage, Structural Damage, Selling De-Registered",N/A,5,Diesel,https://manheim.co.nz/damaged-vehicles/000000000007449225/1989-nissan-safari-station-wagon?referringPage=SearchResults
Toyota,Corolla,2008,No,$0,N/A,," Rear Damage, Structural Damage, Selling De-Registered","Automatic,",5,Petrol,https://manheim.co.nz/damaged-vehicles/000000000007449236/2008-toyota-corolla-1-8p-gx-hatch-5-4a-hatch?referringPage=SearchResults
Mitsubishi,Outlander,2023,No,N/A,"72,159",," Left Front Damage, Structural Damage, Selling De-Registered","Automatic,",5,Hybrid,https://manheim.co.nz/damaged-vehicles/000000000007449265/2023-mitsubishi-outlander-ls-phev-4wd-at-station-wagon?referringPage=SearchResults
Toyota,Passo,2007,No,$0,"126,981",," Engine Damage, Fire Damage, Fire - Engine, Selling De-Registered","Automatic,",5,Petrol,https://manheim.co.nz/damaged-vehicles/000000000007449269/2007-toyota-passo-hatch?referringPage=SearchResults
Toyota,Spacio,1998,No,$0,"192,725",," Right Side Damage, Structural Damage, Selling De-Registered","Automatic,",5,Petrol,https://manheim.co.nz/damaged-vehicles/000000000007449274/1998-toyota-spacio-hatch?referringPage=SearchResults
Ford,Focus,2007,No,$0,"147,557",," Right Side Damage, Structural Damage, Selling De-Registered","Automatic,",5,Petrol,https://manheim.co.nz/damaged-vehicles/000000000007449281/2007-ford-focus-hatch?referringPage=SearchResults
Toyota,Hiace,2012,No,N/A,N/A,," Left Front Damage, Left Rear Damage, Left Side Damage, Right Side Damage, Structural Damage, Selling De-Registered","Automatic,",3,Diesel,https://manheim.co.nz/damaged-vehicles/000000000007449292/2012-toyota-hiace-zl-3-0td-4a-3-seat-van?referringPage=SearchResults
Lexus,IS300H,2018,No,$0,N/A,," Structural Damage, Selling De-Registered",N/A,5,Hybrid,https://manheim.co.nz/damaged-vehicles/000000000007449331/2018-lexus-is300h-2-5ph-hd-sedan?referringPage=SearchResults
Toyota,Markx,2007,Yes,$0,"324,817",," Front Damage, Selling Registered","Automatic,",6,Petrol,https://manheim.co.nz/damaged-vehicles/000000000007449342/2007-toyota-markx-zio-sedan?referringPage=SearchResults
Ford,Kuga,2011,No,$0,"140,884",," Front Damage, Airbags Deployed, Structural Damage, Selling De-Registered","4spd Automatic,",5,Petrol,https://manheim.co.nz/damaged-vehicles/000000000007449344/2011-ford-kuga-station-wagon?referringPage=SearchResults
Toyota,RAV4,2013,No,$0,1,," Front Damage, Airbags Deployed, Structural Damage, Selling De-Registered","Automatic,",5,Petrol,https://manheim.co.nz/damaged-vehicles/000000000007449347/2013-toyota-rav4-station-wagon?referringPage=SearchResults
FACTORY BUILT,Commercial,2002,No,$500,1,0," Front Damage, Structural Damage, Selling De-Registered",N/A,N/A,N/A,https://manheim.co.nz/damaged-vehicles/000000000007419414/2002-factory-built-commercial-trailer?referringPage=SearchResults
Mazda,CX-9,2018,No,N/A,N/A,," Front Damage, Left Front Damage, Left Side Damage, Right Front Damage, Structural Damage, Selling De-Registered","Automatic,",7,Petrol,https://manheim.co.nz/damaged-vehicles/000000000007439528/2018-mazda-cx-9-ltd-2-5pt-4wd-6at-station-wagon?referringPage=SearchResults
FACTORY BUILT,Sterline SE 510,2005,No,"$1,500",N/A,0," Front Damage, Rear Damage, Structural Damage, Selling De-Registered",N/A,N/A,N/A,https://manheim.co.nz/damaged-vehicles/000000000007449521/2005-factory-built-sterline-se-510-caravan?referringPage=SearchResults
Mitsubishi,Triton,2009,No,$0,"247,183",," Rolled, Structural Damage, Selling De-Registered","Automatic,",5,Diesel,https://manheim.co.nz/damaged-vehicles/000000000007449525/2009-mitsubishi-triton-2wd-2-5d-dcab-glx-m-utility?referringPage=SearchResults
Holden,Astra,2017,No,$0,"130,814",," Right Rear Damage, Structural Damage, Selling De-Registered","Automatic,",5,Petrol,https://manheim.co.nz/damaged-vehicles/000000000007449534/2017-holden-astra-sedan-ls-at-1-4p-6a-sedan?referringPage=SearchResults
Toyota,Prius,2015,No,$0,N/A,," Rear Damage, Structural Damage, Selling De-Registered","Automatic,",5,Hybrid,https://manheim.co.nz/damaged-vehicles/000000000007449536/2015-toyota-prius-station-wagon?referringPage=SearchResults
Toyota,Hiace,2015,No,N/A,"324,188",," Front Damage, Left Front Damage, Left Rear Damage, Roof Damage, Right Front Damage, Right Rear Damage, Structural Damage, Selling De-Registered","Automatic,",2,Diesel,https://manheim.co.nz/damaged-vehicles/000000000007449540/2015-toyota-hiace-zx-td-3-0d-4at-lv-5-van?referringPage=SearchResults
Subaru,Impreza,2013,No,$0,"65,132",," Airbags Deployed, Front Damage, Airbags Deployed, Structural Damage, Selling De-Registered","Automatic,",5,Petrol,https://manheim.co.nz/damaged-vehicles/000000000007449542/2013-subaru-impreza-g4-station-wagon?referringPage=SearchResults
Nissan,Wingroad,2011,No,$0,N/A,," Front Damage, Left Rear Damage, Structural Damage, Selling De-Registered","Automatic,",5,Petrol,https://manheim.co.nz/damaged-vehicles/000000000007449544/2011-nissan-wingroad-1-8-petrol-wagon-station-wagon?referringPage=SearchResults
Toyota,C-hr,2018,No,N/A,N/A,," Front Damage, Glass Broken, Left Front Damage, Structural Damage, Suspension Damage, Selling De-Registered","CVT,",5,Hybrid,https://manheim.co.nz/damaged-vehicles/000000000007439547/2018-toyota-c-hr-hatch?referringPage=SearchResults
Mazda,Demio,2008,No,$0,N/A,," Rear Damage, Structural Damage, Selling De-Registered",N/A,5,Petrol,https://manheim.co.nz/damaged-vehicles/000000000007449551/2008-mazda-demio-hatch?referringPage=SearchResults
Honda,GLC,2021,No,$0,"9,210",," Structural Damage, Stolen & Recovered, Selling De-Registered","Automatic,",N/A,Petrol,https://manheim.co.nz/damaged-vehicles/000000000007449552/2021-honda-glc-150sh-motorcycle?referringPage=SearchResults
Toyota,Yaris,2008,No,$0,"95,913",," Front Damage, Left Rear Damage, Structural Damage, Selling De-Registered","Automatic,",5,Petrol,https://manheim.co.nz/damaged-vehicles/000000000007449553/2008-toyota-yaris-hatch?referringPage=SearchResults
Nissan,Teana,2006,No,$0,"246,795",," Right Side Damage, Structural Damage, Selling De-Registered","Automatic,",5,Petrol,https://manheim.co.nz/damaged-vehicles/000000000007449554/2006-nissan-teana-sedan?referringPage=SearchResults
Mazda,Axela,2005,No,$0,N/A,," Front Damage, Rear Damage, Structural Damage, Selling De-Registered","Automatic,",5,Petrol,https://manheim.co.nz/damaged-vehicles/000000000007449556/2005-mazda-axela-sedan?referringPage=SearchResults
Toyota,RAV4,2001,No,$0,N/A,," Rear Damage, Right Rear Damage, Right Side Damage, Structural Damage, Selling De-Registered","Automatic,",5,Petrol,https://manheim.co.nz/damaged-vehicles/000000000007449558/2001-toyota-rav4-station-wagon?referringPage=SearchResults
Suzuki,SX4 S-cross,2014,No,$0,"136,083",," Front Damage, Right Front Damage, Structural Damage, Selling De-Registered","Automatic,",5,Petrol,https://manheim.co.nz/damaged-vehicles/000000000007449560/2014-suzuki-sx4-s-cross-glxfc-1-6p-7cvt-ha--hatch?referringPage=SearchResults
Audi,A5,2012,No,$0,"116,398",," Right Side Damage, Structural Damage, Selling De-Registered",N/A,4,Petrol,https://manheim.co.nz/damaged-vehicles/000000000007449561/2012-audi-a5-coup%C3%A9?referringPage=SearchResults
Volkswagen,Golf,2003,No,$0,N/A,," Front Damage, Structural Damage, Selling De-Registered",N/A,5,Petrol,https://manheim.co.nz/damaged-vehicles/000000000007449562/2003-volkswagen-golf-station-wagon?referringPage=SearchResults
Subaru,Forester,2017,No,N/A,"206,230",," Front Damage, Structural Damage, Selling De-Registered",N/A,5,Petrol,https://manheim.co.nz/damaged-vehicles/000000000007449572/2017-subaru-forester-i-sport-2-5p-4wd-cv-station-wagon?referringPage=SearchResults
Suzuki,Swift,2008,No,$0,"117,068",," Left Side Damage, Structural Damage, Selling De-Registered",N/A,5,Petrol,https://manheim.co.nz/damaged-vehicles/000000000007449576/2008-suzuki-swift-hatch?referringPage=SearchResults
Toyota,Aqua,2014,No,$0,N/A,," Left Front Damage, Left Side Damage, Structural Damage, Stolen & Recovered, Suspension Damage, Selling De-Registered",N/A,5,Hybrid,https://manheim.co.nz/damaged-vehicles/000000000007449580/2014-toyota-aqua-hatch?referringPage=SearchResults
Suzuki,Swift,2020,No,N/A,"53,291",," Left Rear Damage, Rear Damage, Right Rear Damage, Structural Damage, Selling De-Registered","Automatic,",5,Petrol,https://manheim.co.nz/damaged-vehicles/000000000007449581/2020-suzuki-swift-sport-1-4pt-6at-hatch?referringPage=SearchResults
Alfa Romeo,MiTo,2014,No,$0,"96,008",," Rear Damage, Structural Damage, Selling De-Registered",N/A,5,Petrol,https://manheim.co.nz/damaged-vehicles/000000000007449587/2014-alfa-romeo-mito-1-4p-3d-tct-6a-hatch?referringPage=SearchResults
Holden,Astra,2008,No,$0,"136,902",," Front Damage, Structural Damage, Selling De-Registered",N/A,5,Petrol,https://manheim.co.nz/damaged-vehicles/000000000007449589/2008-holden-astra-my8-5-cd-hatch-auto-hatch?referringPage=SearchResults
Ford,Territory,2007,No,$0,N/A,," Front Damage, Structural Damage, Selling De-Registered",N/A,7,Petrol,https://manheim.co.nz/damaged-vehicles/000000000007399588/2007-ford-territory-sy-gh-t-aw-station-wagon?referringPage=SearchResults
Audi,A7,2011,No,$0,"63,383",," Left Front Damage, Structural Damage, Selling De-Registered",N/A,4,Petrol,https://manheim.co.nz/damaged-vehicles/000000000007449603/2011-audi-a7-3-0t-quattro-sedan?referringPage=SearchResults
Honda,fit,2004,No,$0,"202,198",," Left Front Damage, Rear Damage, Structural Damage, Selling De-Registered","Automatic,",5,Petrol,https://manheim.co.nz/damaged-vehicles/000000000007449615/2004-honda-fit-hatch?referringPage=SearchResults
Toyota,Aqua,2015,No,$0,"208,242",," Left Front Damage, Structural Damage, Selling De-Registered","Automatic,",5,Hybrid,https://manheim.co.nz/damaged-vehicles/000000000007449621/2015-toyota-aqua-hatch?referringPage=SearchResults
Toyota,Corolla,2007,No,$0,"201,349",," Right Side Damage, Structural Damage, Selling De-Registered",N/A,5,Petrol,https://manheim.co.nz/damaged-vehicles/000000000007449623/2007-toyota-corolla-fielder-station-wagon?referringPage=SearchResults
Suzuki,SX4,2008,Yes,$0,"74,414",," Front Damage, Selling Registered","Automatic,",5,Petrol,https://manheim.co.nz/damaged-vehicles/000000000007449634/2008-suzuki-sx4-hatch?referringPage=SearchResults
Toyota,Crown,2009,No,$0,"200,649",," Left Rear Damage, Rear Damage, Structural Damage, Selling De-Registered","Automatic,",5,Petrol,https://manheim.co.nz/damaged-vehicles/000000000007409639/2009-toyota-crown-sedan?referringPage=SearchResults
Nissan,Serena,2014,No,$0,N/A,," Front Damage, Right Front Damage, Structural Damage, Selling De-Registered","Automatic,",8,Hybrid,https://manheim.co.nz/damaged-vehicles/000000000007449644/2014-nissan-serena-rider-station-wagon?referringPage=SearchResults
Mazda,Atenza,2005,No,$0,N/A,," Rear Damage, Structural Damage, Selling De-Registered","Automatic,",5,Petrol,https://manheim.co.nz/damaged-vehicles/000000000007449650/2005-mazda-atenza-sedan?referringPage=SearchResults
Honda,Insight,2011,No,$0,N/A,," Airbags Deployed, Chassis Damage, Front Damage, Right Front Damage, Airbags Deployed, Structural Damage, Suspension Damage, Selling De-Registered","Automatic,",5,Hybrid,https://manheim.co.nz/damaged-vehicles/000000000007449658/2011-honda-insight-sx-1-3ph-cvt-sedan?referringPage=SearchResults
Toyota,Carib,1996,No,$0,N/A,," Airbags Deployed, Front Damage, Structural Damage, Selling De-Registered",N/A,5,Petrol,https://manheim.co.nz/damaged-vehicles/000000000007449676/1996-toyota-carib-station-wagon?referringPage=SearchResults
Toyota,Corolla,2004,No,$0,N/A,," Structural Damage, Selling De-Registered","Automatic,",5,Petrol,https://manheim.co.nz/damaged-vehicles/000000000007449690/2004-toyota-corolla-sedan?referringPage=SearchResults
Honda,CRZ,2010,No,$0,"215,619",," Right Side Damage, Structural Damage, Selling De-Registered","Automatic,",4,Hybrid,https://manheim.co.nz/damaged-vehicles/000000000007449698/2010-honda-crz-hatch?referringPage=SearchResults
Toyota,Prius,2011,No,$0,"140,106",," Front Damage, Structural Damage, Selling De-Registered",N/A,5,Hybrid,https://manheim.co.nz/damaged-vehicles/000000000007449701/2011-toyota-prius-hatch?referringPage=SearchResults
Hyundai,Tucson,2023,No,N/A,"120,098",, Selling De-Registered,"7spd Automatic,",5,Petrol,https://manheim.co.nz/damaged-vehicles/000000000007449702/2023-hyundai-tucson-1-6t-active-2wd-1-6-station-wagon?referringPage=SearchResults
Nissan,Qashqai,2023,No,N/A,"90,988",," Right Front Damage, Selling De-Registered","6spd CVT,",5,Petrol,https://manheim.co.nz/damaged-vehicles/000000000007449704/2023-nissan-qashqai-st-1-3pt-6cvt-station-wagon?referringPage=SearchResults
Toyota,Aqua,2012,Yes,N/A,"205,762",," Left Rear Damage, Rear Damage, Selling Registered","Automatic,",5,Hybrid,https://manheim.co.nz/damaged-vehicles/000000000007449719/2012-toyota-aqua-hybrid-hatch?referringPage=SearchResults
Mazda,Premacy,2013,No,$0,"137,507",," Front Damage, Rear Damage, Structural Damage, Selling De-Registered","Automatic,",7,Petrol,https://manheim.co.nz/damaged-vehicles/000000000007449731/2013-mazda-premacy-station-wagon?referringPage=SearchResults
Kia,RIO,2013,No,$0,"122,897",," Left Rear Damage, Rear Damage, Structural Damage, Selling De-Registered","Manual,",5,Diesel,https://manheim.co.nz/damaged-vehicles/000000000007449810/2013-kia-rio-1-4-diesel-lx-my13-hatch?referringPage=SearchResults
Mercedes-Benz,C200,2008,No,$0,"112,184",," Front Damage, Structural Damage, Selling De-Registered","Automatic,",5,Petrol,https://manheim.co.nz/damaged-vehicles/000000000007449841/2008-mercedes-benz-c200-kompressor-sedan?referringPage=SearchResults
Suzuki,GSX150,2019,No,$0,N/A,," Front Damage, Structural Damage, Selling De-Registered","Automatic,",N/A,Petrol,https://manheim.co.nz/damaged-vehicles/000000000007419860/2019-suzuki-gsx150-dxa-gixxer-motorcycle?referringPage=SearchResults
Toyota,Aqua,2014,Yes,N/A,"220,631",," Front Damage, Glass Broken, Ignition Damage, Left Side Damage, Rear Damage, Stolen & Recovered, Selling Registered","5spd Automatic,",5,Hybrid,https://manheim.co.nz/damaged-vehicles/000000000007439890/2014-toyota-aqua-hybrid-hatch?referringPage=SearchResults
Toyota,Hiace,2019,No,N/A,"150,398",," Front Damage, Structural Damage, Selling De-Registered","Automatic,",2,Diesel,https://manheim.co.nz/damaged-vehicles/000000000007449922/2019-toyota-hiace-zr-gvn-2-8dt-6at-van?referringPage=SearchResults
Toyota,Prius,2014,No,$0,N/A,," Chassis Damage, Front Damage, Glass Broken, Structural Damage, Selling De-Registered",N/A,5,Hybrid,https://manheim.co.nz/damaged-vehicles/000000000007449927/2014-toyota-prius-station-wagon?referringPage=SearchResults
Suzuki,Swift,2019,No,$0,"81,289",," Front Damage, Glass Broken, Left Rear Damage, Rear Damage, Structural Damage, Selling De-Registered","Automatic,",5,Petrol,https://manheim.co.nz/damaged-vehicles/000000000007449942/2019-suzuki-swift-gl-1-2p-5mt-hatch?referringPage=SearchResults
Holden,Colorado,2019,No,N/A,"284,759",," Front Damage, Right Rear Damage, Structural Damage, Selling De-Registered","6spd Manual,",5,Diesel,https://manheim.co.nz/damaged-vehicles/000000000007449943/2019-holden-colorado-ls-dc-pu-2-8d-6mt-utility?referringPage=SearchResults
Subaru,Forester,2009,No,$0,"216,401",," Rear Damage, Structural Damage, Selling De-Registered",N/A,5,Petrol,https://manheim.co.nz/damaged-vehicles/000000000007449962/2009-subaru-forester-station-wagon?referringPage=SearchResults
Suzuki,Swift,2011,No,$0,"103,515",," Left Rear Damage, Rear Damage, Structural Damage, Selling De-Registered","Automatic,",5,Petrol,https://manheim.co.nz/damaged-vehicles/000000000007449967/2011-suzuki-swift-hatch?referringPage=SearchResults
Honda,Jazz,2007,No,$0,"134,131",," Front Damage, Left Front Damage, Right Front Damage, Structural Damage, Selling De-Registered","5spd Automatic,",5,Petrol,https://manheim.co.nz/damaged-vehicles/000000000007449970/2007-honda-jazz-sport-hatch?referringPage=SearchResults
Daihatsu,Sirion,2005,No,$0,"442,366",," Front Damage, Left Front Damage, Right Front Damage, Airbags Deployed, Structural Damage, Selling De-Registered","5spd Manual,",5,Petrol,https://manheim.co.nz/damaged-vehicles/000000000007449998/2005-daihatsu-sirion-1-3p-hatch-5m-hatch?referringPage=SearchResults
