Manufacturer,Model,Year,Registration Status,Price,Mileage,Keys,Damage description,Transmission,Seats,Fuel Type,Link
Nissan,Leaf,2013,No,$600,"98,194",," Left Front Damage, Right Front Damage, Airbags Deployed, Structural Damage, Selling De-Registered","Automatic, Fuel Type, Electri",5,Electric,https://manheim.co.nz/damaged-vehicles/000000000007450032/2013-nissan-leaf-hatch?referringPage=SearchResults
Holden,Commodore,2018,No,"$1,300",N/A,," Airbags Deployed, Left Front Damage, Left Rear Damage, Right Front Damage, Airbags Deployed, Structural Damage, Selling De-Registered","Automatic,",5,Petrol,https://manheim.co.nz/damaged-vehicles/000000000007450034/2018-holden-commodore-sedan?referringPage=SearchResults
Toyota,Aqua,2013,No,$0,"121,380",," Left Rear Damage, Rear Damage, Structural Damage, Selling De-Registered","Automatic,",5,Hybrid,https://manheim.co.nz/damaged-vehicles/000000000007430080/2013-toyota-aqua-hatch?referringPage=SearchResults
Honda,CBR,2023,No,"$1,700","14,698",," Left Side Damage, Right Side Damage, Structural Damage, Selling De-Registered",N/A,N/A,Petrol,https://manheim.co.nz/damaged-vehicles/000000000007430095/2023-honda-cbr-650-ra-motorcycle?referringPage=SearchResults
Mitsubishi,ASX,2018,No,"$2,300","66,372",," Rear Damage, Structural Damage, Selling De-Registered","Automatic,",5,Petrol,https://manheim.co.nz/damaged-vehicles/000000000007450090/2018-mitsubishi-asx-xls-2-0p-cvt-station-wagon?referringPage=SearchResults
Toyota,Prius,2012,No,$850,N/A,," Right Side Damage, Selling De-Registered",N/A,7,Hybrid,https://manheim.co.nz/damaged-vehicles/000000000007450092/2012-toyota-prius-hybrid-station-wagon?referringPage=SearchResults
Toyota,Wish,2008,No,$750,"148,667",," Left Side Damage, Structural Damage, Selling De-Registered",N/A,7,Petrol,https://manheim.co.nz/damaged-vehicles/000000000007450101/2008-toyota-wish-station-wagon?referringPage=SearchResults
Holden,Commodore,2020,No,"$1,300",N/A,," Rear Damage, Structural Damage, Selling De-Registered","Automatic,",5,Petrol,https://manheim.co.nz/damaged-vehicles/000000000007430111/2020-holden-commodore-lt-wagon-2-0pt-station-wagon?referringPage=SearchResults
Nissan,Note,2005,Yes,$0,"169,969",," Left Rear Damage, Right Front Damage, Selling Registered","Automatic,",5,Petrol,https://manheim.co.nz/damaged-vehicles/000000000007460160/2005-nissan-note-hatch?referringPage=SearchResults
Ford,Ranger,2018,No,N/A,"283,275",," Front Damage, Roof Damage, Right Side Damage, Structural Damage, Selling De-Registered","Automatic,",5,Diesel,https://manheim.co.nz/damaged-vehicles/000000000007440180/2018-ford-ranger-xl-double-cab-w-sa-dual-cab-utility?referringPage=SearchResults
Mazda,Atenza,2011,No,$750,"217,901",," Left Side Damage, Structural Damage, Selling De-Registered",N/A,5,Petrol,https://manheim.co.nz/damaged-vehicles/000000000007440197/2011-mazda-atenza-sedan?referringPage=SearchResults
Holden,Captiva,2010,No,$1,"1,234",," Fire Damage, Selling De-Registered","5spd Automatic,",7,Petrol,https://manheim.co.nz/damaged-vehicles/000000000007430205/2010-holden-captiva-lx-awd-v6-at-station-wagon?referringPage=SearchResults
Mazda,Axela,2006,No,$400,N/A,," Front Damage, Rear Damage, Structural Damage, Selling De-Registered",N/A,5,Petrol,https://manheim.co.nz/damaged-vehicles/000000000007430254/2006-mazda-axela-hatch?referringPage=SearchResults
Toyota,RAV4,1999,No,$800,"272,737",," Front Damage, Structural Damage, Selling De-Registered",N/A,4,Petrol,https://manheim.co.nz/damaged-vehicles/000000000007450298/1999-toyota-rav4-2-0p-4wd-wagon3-4a-station-wagon?referringPage=SearchResults
Ford,Mondeo,2005,No,$0,N/A,," Left Front Damage, Left Rear Damage, Right Front Damage, Right Rear Damage, Airbags Deployed, Selling De-Registered","Automatic,",5,Petrol,https://manheim.co.nz/damaged-vehicles/000000000007450305/2005-ford-mondeo-2-0-sedan-aut0-sedan?referringPage=SearchResults
Toyota,Corolla,2003,No,$500,"197,303",," Right Front Damage, Right Rear Damage, Right Side Damage, Structural Damage, Selling De-Registered","Automatic,",5,Petrol,https://manheim.co.nz/damaged-vehicles/000000000007450308/2003-toyota-corolla-runx-hatch?referringPage=SearchResults
Mazda,Axela,2015,No,"$1,400",N/A,," Rear Damage, Structural Damage, Selling De-Registered",N/A,5,Petrol,https://manheim.co.nz/damaged-vehicles/000000000007450313/2015-mazda-axela-sedan?referringPage=SearchResults
Nissan,Lafesta,2012,Yes,$700,N/A,," Ignition Damage, Stolen & Recovered, Selling Registered","Automatic,",7,Petrol,https://manheim.co.nz/damaged-vehicles/000000000007450314/2012-nissan-lafesta-station-wagon?referringPage=SearchResults
Skoda,Fabia,2018,No,$850,"85,193",," Front Damage, Left Front Damage, Right Front Damage, Structural Damage, Selling De-Registered","Automatic,",5,Petrol,https://manheim.co.nz/damaged-vehicles/000000000007450318/2018-skoda-fabia-81kw-tsi-dsg-1-0p-hatch?referringPage=SearchResults
Toyota,Porte,2013,No,$500,"116,353",," Front Damage, Airbags Deployed, Structural Damage, Selling De-Registered","Automatic,",5,Petrol,https://manheim.co.nz/damaged-vehicles/000000000007450322/2013-toyota-porte-hatch?referringPage=SearchResults
Mazda,Demio,2006,No,$500,"121,706",," Front Damage, Glass Broken, Ignition Damage, Left Front Damage, Left Rear Damage, Rear Damage, Right Front Damage, Right Side Damage, Vandalised - Interior, Structural Damage, Selling De-Registered","Automatic,",5,Petrol,https://manheim.co.nz/damaged-vehicles/000000000007450346/2006-mazda-demio-hatch?referringPage=SearchResults
Toyota,Aqua,2014,No,$850,N/A,," Front Damage, Structural Damage, Under Body Damage, Selling De-Registered",N/A,5,Hybrid,https://manheim.co.nz/damaged-vehicles/000000000007450370/2014-toyota-aqua-hybrid-hatch?referringPage=SearchResults
Mazda,Axela,2006,No,$500,"221,870",," Front Damage, Left Front Damage, Right Front Damage, Structural Damage, Selling De-Registered","Automatic,",5,Petrol,https://manheim.co.nz/damaged-vehicles/000000000007450403/2006-mazda-axela-hatch?referringPage=SearchResults
Nissan,X-trail,2008,No,$550,"146,547",," Left Rear Damage, Rear Damage, Right Rear Damage, Structural Damage, Selling De-Registered","Automatic,",5,Petrol,https://manheim.co.nz/damaged-vehicles/000000000007450406/2008-nissan-x-trail-station-wagon?referringPage=SearchResults
Toyota,Aqua,2014,No,$850,"123,712",," Left Front Damage, Structural Damage, Selling De-Registered","Automatic,",5,Hybrid,https://manheim.co.nz/damaged-vehicles/000000000007450412/2014-toyota-aqua-hatch?referringPage=SearchResults
Kawasaki,ex,2022,No,$700,"18,276",," Left Side Damage, Structural Damage, Selling De-Registered","Automatic,",N/A,Petrol,https://manheim.co.nz/damaged-vehicles/000000000007450437/2022-kawasaki-ex-400gnfan-motorcycle?referringPage=SearchResults
Volkswagen,Polo,2011,No,$500,N/A,," Front Damage, Selling De-Registered",N/A,5,Petrol,https://manheim.co.nz/damaged-vehicles/000000000007450445/2011-volkswagen-polo-hatch?referringPage=SearchResults
Suzuki,Swift,2015,No,$500,"30,717",," Front Damage, Rear Damage, Structural Damage, Selling De-Registered","Automatic,",5,Petrol,https://manheim.co.nz/damaged-vehicles/000000000007450453/2015-suzuki-swift-glxab-1-4p-4at-ha-5-hatch?referringPage=SearchResults
Toyota,Corolla,2008,Yes,"$1,350",N/A,," Glass Broken, Ignition Damage, Stolen & Recovered, Selling Registered","Automatic,",5,Petrol,https://manheim.co.nz/damaged-vehicles/000000000007450463/2008-toyota-corolla-fielder-station-wagon?referringPage=SearchResults
GWM,Steed,2019,No,"$1,450","112,691",," Front Damage, Roof Damage, Structural Damage, Selling De-Registered","5spd Manual,",5,Petrol,https://manheim.co.nz/damaged-vehicles/000000000007450473/2019-gwm-steed-2-4p-5mt-utility?referringPage=SearchResults
Honda,Accord,1994,No,$200,"138,659",," Left Front Damage, Left Side Damage, Structural Damage, Selling De-Registered","4spd Automatic,",5,Petrol,https://manheim.co.nz/damaged-vehicles/000000000007440472/1994-honda-accord-sedan?referringPage=SearchResults
Toyota,Prius,2014,No,"$1,300",N/A,," Left Rear Damage, Rear Damage, Right Rear Damage, Structural Damage, Selling De-Registered","Automatic,",5,Hybrid,https://manheim.co.nz/damaged-vehicles/000000000007450552/2014-toyota-prius-hatch?referringPage=SearchResults
Holden,Commodore,2009,Yes,$650,"227,982",," Left Side Damage, Selling Registered",N/A,5,Petrol,https://manheim.co.nz/damaged-vehicles/000000000007450580/2009-holden-commodore-omega-sedan-auto-sedan?referringPage=SearchResults
Ford,Kuga,2014,Yes,$0,N/A,," Left Front Damage, Dismantled - Engine, Selling Registered","Automatic,",5,Diesel,https://manheim.co.nz/damaged-vehicles/000000000007410589/2014-ford-kuga-awd-2-0-diesel-auto-station-wagon?referringPage=SearchResults
Nissan,Navara,2011,No,"$1,300","321,019",," Structural Damage, Selling De-Registered","Automatic,",5,Diesel,https://manheim.co.nz/damaged-vehicles/000000000007440606/2011-nissan-navara-utility?referringPage=SearchResults
Toyota,Corolla,2004,No,$750,"149,827",," Right Front Damage, Structural Damage, Selling De-Registered","Automatic,",5,Petrol,https://manheim.co.nz/damaged-vehicles/000000000007450645/2004-toyota-corolla-runx-hatch?referringPage=SearchResults
Mazda,Premacy,2010,No,$500,"179,379",," Left Front Damage, Structural Damage, Selling De-Registered","Automatic,",7,Petrol,https://manheim.co.nz/damaged-vehicles/000000000007450647/2010-mazda-premacy-station-wagon?referringPage=SearchResults
Alfa Romeo,Giulietta,2017,No,"$1,400","96,587",," Front Damage, Glass Broken, Left Front Damage, Right Front Damage, Right Rear Damage, Structural Damage, Selling De-Registered","Automatic,",5,Petrol,https://manheim.co.nz/damaged-vehicles/000000000007450656/2017-alfa-romeo-giulietta-qv-1-7p-6at-ha-5dr--hatch?referringPage=SearchResults
BMW,Z4,2010,No,"$1,300",N/A,," Water Damage, Selling De-Registered","Automatic,",2,Petrol,https://manheim.co.nz/damaged-vehicles/000000000007450658/2010-bmw-z4-coup%C3%A9?referringPage=SearchResults
Maserati,Ghibli,2016,No,"$2,300","73,855",," Airbags Deployed, Front Damage, Airbags Deployed, Structural Damage, Selling De-Registered",N/A,5,Diesel,https://manheim.co.nz/damaged-vehicles/000000000007450661/2016-maserati-ghibli-sedan?referringPage=SearchResults
Ford,Focus,2007,No,$50,N/A,," Left Rear Damage, Left Side Damage, Roof Damage, Right Front Damage, Right Side Damage, Airbags Deployed, Structural Damage, Selling De-Registered",N/A,N/A,Petrol,https://manheim.co.nz/damaged-vehicles/000000000007450683/2007-ford-focus-2-0-m-hatch-hatch?referringPage=SearchResults
Suzuki,Swift,2006,Yes,$600,"310,020",," Left Rear Damage, Left Side Damage, Selling Registered","Automatic,",5,Petrol,https://manheim.co.nz/damaged-vehicles/000000000007450689/2006-suzuki-swift-hatch?referringPage=SearchResults
Mitsubishi,Mirage,1999,No,$600,"223,186",," Structural Damage, Selling De-Registered",N/A,5,Petrol,https://manheim.co.nz/damaged-vehicles/000000000007450696/1999-mitsubishi-mirage-asti-sedan?referringPage=SearchResults
Mazda,CX-7,2007,Yes,$500,"198,046",," Right Front Damage, Selling Registered",N/A,5,Petrol,https://manheim.co.nz/damaged-vehicles/000000000007450703/2007-mazda-cx-7-wagon-5-dr-auto-station-wagon?referringPage=SearchResults
Honda,CRV,2012,No,"$1,300",N/A,," Right Front Damage, Structural Damage, Selling De-Registered",N/A,5,Petrol,https://manheim.co.nz/damaged-vehicles/000000000007450713/2012-honda-crv-s-2-0p-5at-station-wagon?referringPage=SearchResults
Suzuki,Swift,2015,No,$750,"118,804",," Front Damage, Rear Damage, Structural Damage, Selling De-Registered","Automatic,",5,Petrol,https://manheim.co.nz/damaged-vehicles/000000000007450714/2015-suzuki-swift-hatch?referringPage=SearchResults
Nissan,Maxima,2003,Yes,$700,"143,424",," Glass Broken, Right Side Damage, Selling Registered","Automatic,",5,Petrol,https://manheim.co.nz/damaged-vehicles/000000000007450718/2003-nissan-maxima-st-3-0-auto-sedan?referringPage=SearchResults
Honda,Civic,2006,No,$500,N/A,," Left Front Damage, Left Rear Damage, Rear Damage, Right Rear Damage, Structural Damage, Selling De-Registered","Automatic,",5,Petrol,https://manheim.co.nz/damaged-vehicles/000000000007450719/2006-honda-civic-2-0s-sedan?referringPage=SearchResults
Mazda,Demio,2017,No,"$2,300","29,700",," Structural Damage, Selling De-Registered",N/A,5,Petrol,https://manheim.co.nz/damaged-vehicles/000000000007450722/2017-mazda-demio-hatch?referringPage=SearchResults
Nissan,X-trail,2015,No,"$1,400","167,078",," Left Side Damage, Structural Damage, Selling De-Registered","CVT,",7,Petrol,https://manheim.co.nz/damaged-vehicles/000000000007450728/2015-nissan-x-trail-st-2-5p-6cvt-sw-5dr-station-wagon?referringPage=SearchResults
Toyota,Blade,2007,No,$850,N/A,," Left Front Damage, Rear Damage, Structural Damage, Selling De-Registered","Automatic,",5,Petrol,https://manheim.co.nz/damaged-vehicles/000000000007450732/2007-toyota-blade-hatch?referringPage=SearchResults
Toyota,Prius,2018,No,N/A,N/A,," Rear Damage, Right Rear Damage, Structural Damage, Selling De-Registered",N/A,5,Hybrid,https://manheim.co.nz/damaged-vehicles/000000000007450739/2018-toyota-prius-hatch?referringPage=SearchResults
Suzuki,Swift,2007,No,$600,N/A,," Right Rear Damage, Structural Damage, Selling De-Registered","4spd Manual,",5,Petrol,https://manheim.co.nz/damaged-vehicles/000000000007450741/2007-suzuki-swift-hatch?referringPage=SearchResults
Jeep,Compass,2021,No,N/A,"12,956",," Left Side Damage, Structural Damage, Selling De-Registered","Automatic,",5,Petrol,https://manheim.co.nz/damaged-vehicles/000000000007450743/2021-jeep-compass-longitude-2-4p-station-wagon?referringPage=SearchResults
Ford,Laser 1.3 XL,1991,Yes,$200,"106,160",," Glass Broken, Ignition Damage, Stolen & Recovered, Selling Registered","Automatic,",5,Petrol,https://manheim.co.nz/damaged-vehicles/000000000007450749/1991-ford-laser-1-3-xl-hatch?referringPage=SearchResults
Toyota,Highlander,2014,Yes,N/A,"209,623",," Engine Damage, Selling Registered",N/A,7,Petrol,https://manheim.co.nz/damaged-vehicles/000000000007450757/2014-toyota-highlander-limitedzr-3-5p-4wd--station-wagon?referringPage=SearchResults
Toyota,Corolla,2007,No,$850,N/A,," Right Rear Damage, Right Side Damage, Structural Damage, Selling De-Registered",N/A,5,Petrol,https://manheim.co.nz/damaged-vehicles/000000000007450758/2007-toyota-corolla-1-8p-glx-sedan-4-4a-sedan?referringPage=SearchResults
Honda,CBR,2021,No,"$1,200",1,," Front Fork Damaged, Structural Damage, Selling De-Registered","Automatic,",N/A,Petrol,https://manheim.co.nz/damaged-vehicles/000000000007390754/2021-honda-cbr-650-p-motorcycle?referringPage=SearchResults
Holden,Adventra,2005,No,$850,N/A,," Right Rear Damage, Selling De-Registered","Automatic,",5,Petrol,https://manheim.co.nz/damaged-vehicles/000000000007430755/2005-holden-adventra-cx6-station-wagon?referringPage=SearchResults
Nissan,Tiida,2012,Yes,"$1,300","252,698",," Glass Broken, Ignition Damage, Stolen & Recovered, Selling Registered","Automatic,",5,Petrol,https://manheim.co.nz/damaged-vehicles/000000000007450760/2012-nissan-tiida-latio-sedan?referringPage=SearchResults
Mazda,MAZDA3,2016,No,"$1,400","140,557",," Front Damage, Structural Damage, Selling De-Registered",N/A,N/A,Petrol,https://manheim.co.nz/damaged-vehicles/000000000007450764/2016-mazda-mazda3-glx-2-0p-6at-ha-5dr-hatch?referringPage=SearchResults
Suzuki,Swift,2007,Yes,"$1,650","163,142",," Rear Damage, Selling Registered","Automatic,",5,Petrol,https://manheim.co.nz/damaged-vehicles/000000000007450765/2007-suzuki-swift-hatch?referringPage=SearchResults
Toyota,Isis,2005,Yes,$850,"201,383",," Left Front Damage, Left Rear Damage, Selling Registered","Automatic,",7,Petrol,https://manheim.co.nz/damaged-vehicles/000000000007450768/2005-toyota-isis-platana-station-wagon?referringPage=SearchResults
Mazda,CX-3,2019,No,N/A,"30,784",," Front Damage, Structural Damage, Selling De-Registered","Automatic,",5,Petrol,https://manheim.co.nz/damaged-vehicles/000000000007450773/2019-mazda-cx-3-gsx-2-0p-6at-station-wagon?referringPage=SearchResults
Suzuki,Splash,2008,No,$500,"187,589",," Left Rear Damage, Structural Damage, Selling De-Registered","Automatic,",5,Petrol,https://manheim.co.nz/damaged-vehicles/000000000007450791/2008-suzuki-splash-hatch?referringPage=SearchResults
Toyota,Vitz,2004,No,$500,"112,630",," Front Damage, Glass Broken, Ignition Damage, Right Rear Damage, Vandalised - Interior, Stolen & Recovered, Accident Damage, Selling De-Registered","4spd Automatic,",5,Petrol,https://manheim.co.nz/damaged-vehicles/000000000007450795/2004-toyota-vitz-hatch?referringPage=SearchResults
Nissan,Note,2010,No,$500,"248,378",," Structural Damage, Selling De-Registered",N/A,5,Petrol,https://manheim.co.nz/damaged-vehicles/000000000007450797/2010-nissan-note-hatch?referringPage=SearchResults
Mazda,Demio,2007,No,$600,"199,936",," Front Damage, Structural Damage, Selling De-Registered","Manual,",5,Petrol,https://manheim.co.nz/damaged-vehicles/000000000007450799/2007-mazda-demio-hatch?referringPage=SearchResults
Hyundai,Ioniq 6,2024,No,"$1,400",N/A,," Front Damage, Structural Damage, Selling De-Registered",N/A,5,Electric,https://manheim.co.nz/damaged-vehicles/000000000007450805/2024-hyundai-ioniq-6-53kwh-ev-fd-sedan?referringPage=SearchResults
Nissan,Note,2015,No,$850,"106,259",," Right Rear Damage, Right Side Damage, Structural Damage, Selling De-Registered","Automatic,",5,Petrol,https://manheim.co.nz/damaged-vehicles/000000000007450814/2015-nissan-note-hatch?referringPage=SearchResults
Toyota,Dyna,2010,No,"$2,300",N/A,," Front Damage, Structural Damage, Selling De-Registered","Automatic,",3,Diesel,https://manheim.co.nz/damaged-vehicles/000000000007440812/2010-toyota-dyna-van?referringPage=SearchResults
Nissan,Bluebird,2006,No,$500,"133,256",," Rear Damage, Structural Damage, Selling De-Registered","4spd Automatic,",5,Petrol,https://manheim.co.nz/damaged-vehicles/000000000007450823/2006-nissan-bluebird-sylphy-hatch?referringPage=SearchResults
Hyundai,Tiburon,2006,No,$500,"155,487",," Front Damage, Rear Damage, Right Front Damage, Structural Damage, Selling De-Registered","Automatic,",4,Petrol,https://manheim.co.nz/damaged-vehicles/000000000007450824/2006-hyundai-tiburon-2-0-cvvt-a4-coup%C3%A9?referringPage=SearchResults
Nissan,Tiida,2007,No,$500,"106,971",," Rear Damage, Right Front Damage, Right Side Damage, Structural Damage, Selling De-Registered","Automatic,",5,Petrol,https://manheim.co.nz/damaged-vehicles/000000000007450825/2007-nissan-tiida-hatch?referringPage=SearchResults
Nissan,Pulsar,2015,No,$500,N/A,," Front Damage, Right Rear Damage, Airbags Deployed, Structural Damage, Selling De-Registered",N/A,N/A,Petrol,https://manheim.co.nz/damaged-vehicles/000000000007450828/2015-nissan-pulsar-st-hatch?referringPage=SearchResults
Ford,Falcon,2003,No,$500,"235,969",," Front Damage, Rear Damage, Structural Damage, Selling De-Registered","4spd Automatic,",5,Petrol,https://manheim.co.nz/damaged-vehicles/000000000007450841/2003-ford-falcon-sedan?referringPage=SearchResults
Mazda,Premacy,2005,No,$600,"169,606",," Left Rear Damage, Rear Damage, Structural Damage, Selling De-Registered",N/A,7,Petrol,https://manheim.co.nz/damaged-vehicles/000000000007450842/2005-mazda-premacy-station-wagon?referringPage=SearchResults
Honda,fit,2004,No,$525,N/A,," Front Damage, Structural Damage, Selling De-Registered","Automatic,",5,Petrol,https://manheim.co.nz/damaged-vehicles/000000000007450852/2004-honda-fit-hatch?referringPage=SearchResults
Toyota,Vanguard,2010,No,"$1,400","114,824",," Front Damage, Rear Damage, Structural Damage, Selling De-Registered",N/A,5,Petrol,https://manheim.co.nz/damaged-vehicles/000000000007450863/2010-toyota-vanguard-station-wagon?referringPage=SearchResults
Holden,Cruze,2011,No,$800,"94,710",," Left Front Damage, Left Rear Damage, Right Rear Damage, Underbody Damage, Selling De-Registered","Automatic,",5,Petrol,https://manheim.co.nz/damaged-vehicles/000000000007440862/2011-holden-cruze-sedan?referringPage=SearchResults
Audi,TT,2003,No,$500,"182,245",," Front Damage, Left Front Damage, Right Front Damage, Structural Damage, Selling De-Registered","Automatic,",2,Petrol,https://manheim.co.nz/damaged-vehicles/000000000007450871/2003-audi-tt-coup%C3%A9?referringPage=SearchResults
Toyota,Ipsum,2007,No,$750,N/A,," Right Rear Damage, Structural Damage, Suspension Damage, Selling De-Registered","Automatic,",6,Petrol,https://manheim.co.nz/damaged-vehicles/000000000007450877/2007-toyota-ipsum-240s-station-wagon?referringPage=SearchResults
Hyundai,Iload,2017,No,N/A,"114,827",," Front Damage, Left Side Damage, Selling De-Registered",N/A,3,Diesel,https://manheim.co.nz/damaged-vehicles/000000000007450888/2017-hyundai-iload-2-5-crdi-manual-van?referringPage=SearchResults
Nissan,Cube,2003,No,$200,"233,846",," Rear Damage, Structural Damage, Selling De-Registered",N/A,5,Petrol,https://manheim.co.nz/damaged-vehicles/000000000007450904/2003-nissan-cube-station-wagon?referringPage=SearchResults
BMW,630i,2006,No,$1,"1,234",," Fire - Entire Vehicle, Structural Damage, Selling De-Registered",N/A,N/A,Petrol,https://manheim.co.nz/damaged-vehicles/000000000007450909/2006-bmw-630i-sedan?referringPage=SearchResults
Toyota,Camry,2013,No,"$1,400","111,201",," Front Damage, Left Side Damage, Rear Damage, Structural Damage, Selling De-Registered",N/A,5,Hybrid,https://manheim.co.nz/damaged-vehicles/000000000007440985/2013-toyota-camry-sedan?referringPage=SearchResults
Ford,Fiesta,2012,No,$0,"17,000",," Left Front Damage, Left Side Damage, Right Front Damage, Right Side Damage, Airbags Deployed, Selling De-Registered","5spd Manual,",5,Petrol,https://manheim.co.nz/damaged-vehicles/000000000007401004/2012-ford-fiesta-5dr-1-6-m-zetec-hatch?referringPage=SearchResults
Toyota,Markx,2010,No,$850,N/A,," Front Damage, Structural Damage, Selling De-Registered",N/A,5,Petrol,https://manheim.co.nz/damaged-vehicles/000000000007451014/2010-toyota-markx-250g-sedan?referringPage=SearchResults
Volkswagen,Tiguan,2014,No,"$1,300","113,882",," Front Damage, Rear Damage, Structural Damage, Selling De-Registered",N/A,5,Petrol,https://manheim.co.nz/damaged-vehicles/000000000007451015/2014-volkswagen-tiguan-station-wagon?referringPage=SearchResults
Nissan,Tiida,2009,No,$500,"108,053",," Right Front Damage, Right Rear Damage, Structural Damage, Selling De-Registered","Automatic,",5,Petrol,https://manheim.co.nz/damaged-vehicles/000000000007451022/2009-nissan-tiida-hatch?referringPage=SearchResults
Nissan,Fuga,2007,No,$550,"94,867",," Rear Damage, Structural Damage, Selling De-Registered",N/A,5,Petrol,https://manheim.co.nz/damaged-vehicles/000000000007451032/2007-nissan-fuga-350gt-sedan?referringPage=SearchResults
Toyota,SAI,2011,No,$850,"274,369",," Rear Damage, Right Rear Damage, Structural Damage, Selling De-Registered","Automatic,",5,Hybrid,https://manheim.co.nz/damaged-vehicles/000000000007451034/2011-toyota-sai-sedan?referringPage=SearchResults
Holden,Captiva,2015,No,$850,"143,658",," Right Front Damage, Structural Damage, Selling De-Registered","Automatic,",7,Petrol,https://manheim.co.nz/damaged-vehicles/000000000007451039/2015-holden-captiva-7-ls-equipe-2-4p-6a-station-wagon?referringPage=SearchResults
Honda,fit,2005,No,$100,"102,856",," Engine Damage, Selling De-Registered","Automatic,",5,Petrol,https://manheim.co.nz/damaged-vehicles/000000000007451045/2005-honda-fit-hatch?referringPage=SearchResults
Toyota,Altezza,1998,No,$600,"344,276",," Front Damage, Left Front Damage, Right Front Damage, Structural Damage, Selling De-Registered","6spd Manual,",5,Petrol,https://manheim.co.nz/damaged-vehicles/000000000007451060/1998-toyota-altezza-sedan?referringPage=SearchResults
Nissan,Pulsar,2000,Yes,$200,"192,948",," Glass Broken, Malicious/Vandalised, Vandalized All Panel Dmg, Selling Registered","Manual,",5,Petrol,https://manheim.co.nz/damaged-vehicles/000000000007451062/2000-nissan-pulsar-1-6-lx-5dr-5m-p-hatch?referringPage=SearchResults
Mazda,Atenza,2013,No,$850,N/A,," Front Damage, Structural Damage, Selling De-Registered",N/A,5,N/A,https://manheim.co.nz/damaged-vehicles/000000000007451083/2013-mazda-atenza-sedan?referringPage=SearchResults
Suzuki,Swift,2015,No,$500,N/A,," Right Front Damage, Right Side Damage, Structural Damage, Selling De-Registered",N/A,5,Petrol,https://manheim.co.nz/damaged-vehicles/000000000007451088/2015-suzuki-swift-hatch?referringPage=SearchResults
Yamaha,YZF-R3A,2022,No,$100,N/A,," Front Damage, Left Side Damage, Right Side Damage, Structural Damage, Selling De-Registered","Manual,",N/A,Petrol,https://manheim.co.nz/damaged-vehicles/000000000007441095/2022-yamaha-yzf-r3a-m-motorcycle?referringPage=SearchResults
Ford,Courier,2005,No,$700,"253,734",," Glass Broken, Ignition Damage, Structural Damage, Stolen & Recovered, Selling De-Registered","Automatic,",5,Diesel,https://manheim.co.nz/damaged-vehicles/000000000007451101/2005-ford-courier-2-5td-xlx-cr-w-s-4x-dual-cab-utility?referringPage=SearchResults
Toyota,Auris,2008,No,$750,N/A,," Left Side Damage, Right Side Damage, Structural Damage, Selling De-Registered",N/A,5,Petrol,https://manheim.co.nz/damaged-vehicles/000000000007451127/2008-toyota-auris-hatch?referringPage=SearchResults
Holden,Colorado,2013,No,"$1,400","182,212",," Chassis Damage, Rear Damage, Structural Damage, Selling De-Registered","6spd Automatic,",5,Diesel,https://manheim.co.nz/damaged-vehicles/000000000007451132/2013-holden-colorado-ltzdcpu-2-8d-4wd-6a-utility?referringPage=SearchResults
Toyota,Prius,2012,No,$850,N/A,," Front Damage, Left Front Damage, Left Rear Damage, Left Side Damage, Structural Damage, Selling De-Registered","CVT,",5,Hybrid,https://manheim.co.nz/damaged-vehicles/000000000007441140/2012-toyota-prius-hatch?referringPage=SearchResults
Toyota,Aqua,2013,No,$850,"55,105",," Left Front Damage, Right Front Damage, Right Rear Damage, Structural Damage, Selling De-Registered","Automatic,",5,Hybrid,https://manheim.co.nz/damaged-vehicles/000000000007441148/2013-toyota-aqua-hatch?referringPage=SearchResults
Nissan,Urvan,2009,No,$850,N/A,," Engine Damage, Interior Damage, Water Damage, Selling De-Registered","Automatic,",3,N/A,https://manheim.co.nz/damaged-vehicles/000000000007431149/2009-nissan-urvan-3-0-diesel-manual-van?referringPage=SearchResults
Nissan,March,2010,No,$600,"156,462",," Left Rear Damage, Structural Damage, Selling De-Registered","Automatic,",5,Petrol,https://manheim.co.nz/damaged-vehicles/000000000007451160/2010-nissan-march-hatch?referringPage=SearchResults
Ford,Ltd,1992,No,"$1,300","171,582",," Interior Damage, Selling De-Registered","Automatic,",5,Petrol,https://manheim.co.nz/damaged-vehicles/000000000007451175/1992-ford-ltd-sedan?referringPage=SearchResults
Kia,Cerato,2011,No,$500,N/A,," Front Damage, Structural Damage, Selling De-Registered",N/A,5,Petrol,https://manheim.co.nz/damaged-vehicles/000000000007451181/2011-kia-cerato-2-0-petrol-auto-lx-hatch?referringPage=SearchResults
Nissan,Tiida,2010,No,$500,N/A,," Right Front Damage, Right Side Damage, Structural Damage, Suspension Damage, Selling De-Registered",N/A,5,Petrol,https://manheim.co.nz/damaged-vehicles/000000000007451182/2010-nissan-tiida-latio-sedan?referringPage=SearchResults
Mazda,Demio,2011,Yes,"$1,300","110,281",," Engine Damage, Front Damage, Stolen & Recovered, Suspension Damage, Selling Registered","5spd Automatic,",5,Petrol,https://manheim.co.nz/damaged-vehicles/000000000007451187/2011-mazda-demio-hatch?referringPage=SearchResults
Toyota,RAV4,2008,No,"$1,400","197,109",," Rear Damage, Right Rear Damage, Structural Damage, Selling De-Registered","Automatic,",5,Petrol,https://manheim.co.nz/damaged-vehicles/000000000007451191/2008-toyota-rav4-station-wagon?referringPage=SearchResults
Nissan,Tiida,2006,No,$125,N/A,," Engine Damage, Front Damage, Airbags Deployed, Structural Damage, Selling De-Registered","Automatic,",5,Petrol,https://manheim.co.nz/damaged-vehicles/000000000007431191/2006-nissan-tiida-sedan?referringPage=SearchResults
Nissan,Murano,2007,No,$500,N/A,," Right Front Damage, Right Rear Damage, Airbags Deployed, Structural Damage, Selling De-Registered",N/A,5,Petrol,https://manheim.co.nz/damaged-vehicles/000000000007421215/2007-nissan-murano-station-wagon?referringPage=SearchResults
Toyota,Prius,2011,No,$500,N/A,," Front Damage, Structural Damage, Selling De-Registered","Automatic,",5,Hybrid,https://manheim.co.nz/damaged-vehicles/000000000007451236/2011-toyota-prius-hybrid-station-wagon?referringPage=SearchResults
Mitsubishi,Delica,2007,No,$400,N/A,," Front Damage, Glass Broken, Left Front Damage, Left Rear Damage, Rear Damage, Right Front Damage, Right Rear Damage, Right Side Damage, Structural Damage, Selling De-Registered",N/A,8,Petrol,https://manheim.co.nz/damaged-vehicles/000000000007451264/2007-mitsubishi-delica-station-wagon?referringPage=SearchResults
Mitsubishi,Mirage,1996,No,$50,N/A,," Left Front Damage, Structural Damage, Selling De-Registered","Automatic,",5,Petrol,https://manheim.co.nz/damaged-vehicles/000000000007451300/1996-mitsubishi-mirage-asti-v-sedan?referringPage=SearchResults
Suzuki,GSX250FRLL9,2021,No,$500,N/A,, Selling De-Registered,"Automatic,",N/A,Petrol,https://manheim.co.nz/damaged-vehicles/000000000007411314/2021-suzuki-gsx250frll9-motorcycle?referringPage=SearchResults
Holden,Trax,2020,No,$850,"86,309",," Front Damage, Structural Damage, Selling De-Registered","Automatic,",5,Petrol,https://manheim.co.nz/damaged-vehicles/000000000007451334/2020-holden-trax-ls-1-4p-6at-station-wagon?referringPage=SearchResults
Nissan,Pulsar,2015,No,$850,N/A,," Rear Damage, Right Rear Damage, Structural Damage, Selling De-Registered","Automatic,",5,Petrol,https://manheim.co.nz/damaged-vehicles/000000000007451335/2015-nissan-pulsar-st-hatch?referringPage=SearchResults
Nissan,Micra,2007,No,$600,"189,006",," Rear Damage, Structural Damage, Selling De-Registered","Automatic,",5,Petrol,https://manheim.co.nz/damaged-vehicles/000000000007451336/2007-nissan-micra-1-4-petrol-hatch-mt-hatch?referringPage=SearchResults
Nissan,Primera,1999,Yes,$500,N/A,," Glass Broken, Ignition Damage, Right Side Damage, Vandalised - Interior, Stolen & Recovered, Selling Registered","5spd Manual,",5,Petrol,https://manheim.co.nz/damaged-vehicles/000000000007451350/1999-nissan-primera-2-0-gx-sedan-manual-sedan?referringPage=SearchResults
Toyota,Alphard,2004,No,"$1,100","355,929",," Front Damage, Rear Damage, Structural Damage, Selling De-Registered",N/A,8,Petrol,https://manheim.co.nz/damaged-vehicles/000000000007451395/2004-toyota-alphard-station-wagon?referringPage=SearchResults
Toyota,Corolla GX 1.8P/CVT/SL/4DR/5,2014,No,$500,N/A,," Front Damage, Glass Broken, Left Front Damage, Left Rear Damage, Left Side Damage, Rear Damage, Right Front Damage, Right Rear Damage, Right Side Damage, Structural Damage, Selling De-Registered","Automatic,",5,Petrol,https://manheim.co.nz/damaged-vehicles/000000000007451396/2014-toyota-corolla-gx-1-8p-cvt-sl-4dr-5-sedan?referringPage=SearchResults
GWM,Haval Jolion,2024,No,"$1,300",N/A,," Front Damage, Roof Damage, Right Side Damage, Structural Damage, Selling De-Registered","Automatic,",5,Hybrid,https://manheim.co.nz/damaged-vehicles/000000000007451399/2024-gwm-haval-jolion-ultra-2wd-hybrid-1--station-wagon?referringPage=SearchResults
Mazda,Axela,2008,No,$200,N/A,," Front Damage, Left Front Damage, Right Front Damage, Structural Damage, Selling De-Registered",N/A,5,Petrol,https://manheim.co.nz/damaged-vehicles/000000000007451400/2008-mazda-axela-hatch?referringPage=SearchResults
Nissan,Tiida,2010,No,$500,"160,358",," Front Damage, Left Side Damage, Rear Damage, Structural Damage, Selling De-Registered","4spd Automatic,",5,Petrol,https://manheim.co.nz/damaged-vehicles/000000000007451444/2010-nissan-tiida-hatch?referringPage=SearchResults
Holden,Commodore,2017,No,"$1,450","306,206",," Front Damage, Left Front Damage, Right Front Damage, Structural Damage, Selling De-Registered","Automatic,",5,Petrol,https://manheim.co.nz/damaged-vehicles/000000000007431446/2017-holden-commodore-vf2-sv6-3-6p-6at-sedan?referringPage=SearchResults
Suzuki,Grand Vitara,2012,No,$850,"102,684",," Right Side Damage, Structural Damage, Selling De-Registered","Manual,",4,Petrol,https://manheim.co.nz/damaged-vehicles/000000000007451466/2012-suzuki-grand-vitara-hatch?referringPage=SearchResults
Toyota,Corolla,2014,No,"$1,400","199,578",," Airbags Deployed, Left Side Damage, Structural Damage, Selling De-Registered","4spd Automatic,",5,Hybrid,https://manheim.co.nz/damaged-vehicles/000000000007451468/2014-toyota-corolla-axio-sedan?referringPage=SearchResults
Mitsubishi,Outlander,2010,No,$600,"341,773",," Roof Damage, Structural Damage, Selling De-Registered",N/A,7,Petrol,https://manheim.co.nz/damaged-vehicles/000000000007451484/2010-mitsubishi-outlander-3-0p-vr-station-wagon?referringPage=SearchResults
Toyota,Windom,2000,No,$850,N/A,," Left Rear Damage, Right Rear Damage, Vandalised - Interior, Structural Damage, Stolen & Recovered, Selling De-Registered","Automatic,",5,Petrol,https://manheim.co.nz/damaged-vehicles/000000000007451492/2000-toyota-windom-sedan?referringPage=SearchResults
Toyota,Corolla,2017,No,$850,N/A,," Fire Damage, Structural Damage, Selling De-Registered",N/A,5,Petrol,https://manheim.co.nz/damaged-vehicles/000000000007451493/2017-toyota-corolla-levin-sx-1-8p-cvt-hatch?referringPage=SearchResults
Ford,Focus,2007,No,$200,"173,460",," Front Damage, Structural Damage, Selling De-Registered","Manual,",N/A,Petrol,https://manheim.co.nz/damaged-vehicles/000000000007451494/2007-ford-focus-2-0-m-hatch-hatch?referringPage=SearchResults
GWM,V240,2012,No,"$1,300","91,217",," Structural Damage, Selling De-Registered",N/A,2,Petrol,https://manheim.co.nz/damaged-vehicles/000000000007451496/2012-gwm-v240-2-4l-s-cab-ch-2wd-5-utility?referringPage=SearchResults
Honda,Jazz,2008,No,$500,"211,707",," Right Rear Damage, Suspension Damage, Selling De-Registered","5spd Automatic,",5,Petrol,https://manheim.co.nz/damaged-vehicles/000000000007451499/2008-honda-jazz-1-5s-hatch?referringPage=SearchResults
Mitsubishi,Outlander,2005,No,$700,"209,213",," Rear Damage, Structural Damage, Selling De-Registered","Automatic,",5,Petrol,https://manheim.co.nz/damaged-vehicles/000000000007451509/2005-mitsubishi-outlander-station-wagon?referringPage=SearchResults
Kawasaki,KLX,2018,No,"$1,450",N/A,," Interior Damage, Ignition Damage, Tank Damage, Structural Damage, Selling De-Registered",N/A,N/A,Petrol,https://manheim.co.nz/damaged-vehicles/000000000007421512/2018-kawasaki-klx-250s-motorcycle?referringPage=SearchResults
Toyota,Corolla,2004,No,$175,N/A,," Airbags Deployed, Engine Damage, Front Damage, Roof Damage, Airbags Deployed, Structural Damage, Selling De-Registered",N/A,5,Petrol,https://manheim.co.nz/damaged-vehicles/000000000007441519/2004-toyota-corolla-1-8p-gl-hatch5-4a-hatch?referringPage=SearchResults
Toyota,Crown,2007,No,"$1,300",N/A,," Structural Damage, Water Damage, Selling De-Registered","4spd Tiptronic,",5,Petrol,https://manheim.co.nz/damaged-vehicles/000000000007421537/2007-toyota-crown-2-5-royal-extra-sedan?referringPage=SearchResults
Nissan,AD,2007,Yes,$500,"235,710",," Left Front Damage, Left Rear Damage, Right Rear Damage, Right Side Damage, Selling Registered","Automatic,",5,Petrol,https://manheim.co.nz/damaged-vehicles/000000000007451550/2007-nissan-ad-expert-station-wagon?referringPage=SearchResults
Nissan,Wingroad,2007,No,$700,N/A,," Front Damage, Structural Damage, Selling De-Registered","Automatic,",5,Petrol,https://manheim.co.nz/damaged-vehicles/000000000007451558/2007-nissan-wingroad-1-8-petrol-wagon-station-wagon?referringPage=SearchResults
Toyota,Aqua,2015,No,"$1,400",N/A,," Rear Damage, Right Front Damage, Right Rear Damage, Structural Damage, Selling De-Registered",N/A,5,Hybrid,https://manheim.co.nz/damaged-vehicles/000000000007451578/2015-toyota-aqua-hybrid-hatch?referringPage=SearchResults
Triumph,Street Triple,2020,No,"$1,600","35,627",," Front Damage, Left Side Damage, Right Side Damage, Structural Damage, Selling De-Registered","Manual,",N/A,Petrol,https://manheim.co.nz/damaged-vehicles/000000000007451580/2020-triumph-street-triple-s-lam-motorcycle?referringPage=SearchResults
Toyota,Wish,2008,Yes,"$1,400",N/A,," Left Side Damage, Vandalised - Interior, Stolen & Recovered, Selling Registered",N/A,7,Petrol,https://manheim.co.nz/damaged-vehicles/000000000007451586/2008-toyota-wish-station-wagon?referringPage=SearchResults
Toyota,Aqua,2014,No,$500,"135,702",," Chassis Damage, Front Damage, Left Front Damage, Right Front Damage, Structural Damage, Selling De-Registered","Automatic,",5,Hybrid,https://manheim.co.nz/damaged-vehicles/000000000007451588/2014-toyota-aqua-hatch?referringPage=SearchResults
Nissan,Tiida,2005,No,$650,"152,035",," Glass Broken, Ignition Damage, Vandalised - Entire Vehicle, Structural Damage, Selling De-Registered",N/A,5,Petrol,https://manheim.co.nz/damaged-vehicles/000000000007451601/2005-nissan-tiida-hatch?referringPage=SearchResults
Nissan,X-trail,2014,No,$900,"124,208",," Structural Damage, Selling De-Registered",N/A,5,Petrol,https://manheim.co.nz/damaged-vehicles/000000000007431611/2014-nissan-x-trail-station-wagon?referringPage=SearchResults
Ford,Mondeo,2008,No,$600,"230,307",," Left Side Damage, Structural Damage, Selling De-Registered",N/A,5,Petrol,https://manheim.co.nz/damaged-vehicles/000000000007451726/2008-ford-mondeo-wag-2-3-auto-station-wagon?referringPage=SearchResults
Kia,Carens,2015,No,"$1,400",N/A,," Right Side Damage, Structural Damage, Selling De-Registered",N/A,7,Petrol,https://manheim.co.nz/damaged-vehicles/000000000007451780/2015-kia-carens-2-0-petrol-auto-ex-station-wagon?referringPage=SearchResults
Nissan,Tiida,2010,No,$600,N/A,," Front Damage, Structural Damage, Selling De-Registered",N/A,5,Petrol,https://manheim.co.nz/damaged-vehicles/000000000007451782/2010-nissan-tiida-hatch?referringPage=SearchResults
Toyota,Corolla,2001,No,$500,N/A,," Left Front Damage, Left Rear Damage, Roof Damage, Right Front Damage, Right Rear Damage, Right Side Damage, Structural Damage, Selling De-Registered","Automatic,",5,Petrol,https://manheim.co.nz/damaged-vehicles/000000000007451783/2001-toyota-corolla-hatch?referringPage=SearchResults
Citroen,C4 Grand Picasso,2014,No,$700,"149,556",," Left Side Damage, Structural Damage, Selling De-Registered","Automatic,",7,Diesel,https://manheim.co.nz/damaged-vehicles/000000000007451784/2014-citroen-c4-grand-picasso-intensive-2-0d-6at--hatch?referringPage=SearchResults
MINI,Countryman Cooper 1.5P/6AT ST,2017,Yes,"$1,800","83,594",," Front Damage, Selling Registered","Automatic,",5,Petrol,https://manheim.co.nz/damaged-vehicles/000000000007451786/2017-mini-countryman-cooper-1-5p-6at-st-station-wagon?referringPage=SearchResults
Nissan,Juke,2011,No,$500,"126,869",," Front Damage, Structural Damage, Selling De-Registered",N/A,5,Petrol,https://manheim.co.nz/damaged-vehicles/000000000007451787/2011-nissan-juke-station-wagon?referringPage=SearchResults
Suzuki,DL650A V-strom 650 ABS,2019,Yes,"$3,200",N/A,, Selling Registered,N/A,N/A,Petrol,https://manheim.co.nz/damaged-vehicles/000000000007451788/2019-suzuki-dl650a-v-strom-650-abs-motorcycle?referringPage=SearchResults
Mazda,Demio,2004,No,$600,"183,999",," Left Side Damage, Structural Damage, Selling De-Registered","Automatic,",5,Petrol,https://manheim.co.nz/damaged-vehicles/000000000007451789/2004-mazda-demio-hatch?referringPage=SearchResults
Yamaha,MT03LA,2019,No,$400,N/A,," Structural Damage, Selling De-Registered","Manual,",N/A,Petrol,https://manheim.co.nz/damaged-vehicles/000000000007451797/2019-yamaha-mt03la-k-motorcycle?referringPage=SearchResults
Ford,Fiesta,2011,No,$600,N/A,," Airbags Deployed, Front Damage, Ignition Damage, Left Front Damage, Left Rear Damage, Right Front Damage, Right Rear Damage, Right Side Damage, Vandalised - Interior, Airbags Deployed, Structural Damage, Stolen & Recovered, Selling De-Registered","5spd Manual,",5,Diesel,https://manheim.co.nz/damaged-vehicles/000000000007451813/2011-ford-fiesta-hatch?referringPage=SearchResults
Mazda,MAZDA3,2009,Yes,$850,N/A,," Left Front Damage, Left Rear Damage, Left Side Damage, Selling Registered",N/A,5,Petrol,https://manheim.co.nz/damaged-vehicles/000000000007451818/2009-mazda-mazda3-sporthatch-sp25-2-5-hatch?referringPage=SearchResults
Mitsubishi,Outlander,2010,No,$600,"247,262",," Structural Damage, Selling De-Registered","Automatic,",5,Petrol,https://manheim.co.nz/damaged-vehicles/000000000007441818/2010-mitsubishi-outlander-station-wagon?referringPage=SearchResults
Mazda,Verisa,2007,No,$500,"129,571",," Rear Damage, Structural Damage, Selling De-Registered","4spd Automatic,",5,Petrol,https://manheim.co.nz/damaged-vehicles/000000000007411824/2007-mazda-verisa-hatch?referringPage=SearchResults
Toyota,Vitz,2007,Yes,"$1,650",N/A,, Selling Registered,N/A,5,Petrol,https://manheim.co.nz/damaged-vehicles/000000000007451824/2007-toyota-vitz-hatch?referringPage=SearchResults
Subaru,Outback,2005,No,$500,"135,839",," Left Front Damage, Structural Damage, Suspension Damage, Selling De-Registered",N/A,5,Petrol,https://manheim.co.nz/damaged-vehicles/000000000007451829/2005-subaru-outback-station-wagon?referringPage=SearchResults
Toyota,Vitz,2006,Yes,"$1,750","150,728",," Ignition Damage, Stolen & Recovered, Selling Registered","Automatic,",5,Petrol,https://manheim.co.nz/damaged-vehicles/000000000007451834/2006-toyota-vitz-rs-hatch?referringPage=SearchResults
Subaru,Impreza,2006,Yes,"$1,300","178,422",," Left Side Damage, Suspension Damage, Selling Registered",N/A,5,Petrol,https://manheim.co.nz/damaged-vehicles/000000000007451835/2006-subaru-impreza-station-wagon?referringPage=SearchResults
Toyota,Aqua,2015,No,$0,N/A,," Rear Damage, Structural Damage, Selling De-Registered",N/A,5,Hybrid,https://manheim.co.nz/damaged-vehicles/000000000007411869/2015-toyota-aqua-hatch?referringPage=SearchResults
Nissan,Serena,2013,No,$500,"105,540",," Chassis Damage, Front Damage, Airbags Deployed, Structural Damage, Selling De-Registered",N/A,8,Hybrid,https://manheim.co.nz/damaged-vehicles/000000000007421885/2013-nissan-serena-highway-star-station-wagon?referringPage=SearchResults
Audi,A4,2012,No,"$1,450","108,043",," Left Side Damage, Underbody Damage, Structural Damage, Suspension Damage, Selling De-Registered",N/A,5,Petrol,https://manheim.co.nz/damaged-vehicles/000000000007451902/2012-audi-a4-1-8-tfsi-sedan?referringPage=SearchResults
Subaru,Outback,2018,No,"$4,550","163,391",," Right Side Damage, Airbags Deployed, Structural Damage, Selling De-Registered","Automatic,",5,Petrol,https://manheim.co.nz/damaged-vehicles/000000000007451907/2018-subaru-outback-2-5p-4wd-6cvt-station-wagon?referringPage=SearchResults
Skoda,Octavia,2010,Yes,$500,"289,689",," Engine Damage, Selling Registered","Automatic,",5,Diesel,https://manheim.co.nz/damaged-vehicles/000000000007451932/2010-skoda-octavia-station-wagon?referringPage=SearchResults
FOTON,Tunland,2017,No,"$1,400",N/A,," Front Damage, Left Front Damage, Left Rear Damage, Left Side Damage, Rear Damage, Roof Damage, Right Front Damage, Right Rear Damage, Right Side Damage, Structural Damage, Selling De-Registered","5spd Manual,",5,Diesel,https://manheim.co.nz/damaged-vehicles/000000000007451950/2017-foton-tunland-4wd-s-2-8dt-4wd-5mt-dual-cab-utility?referringPage=SearchResults
Nissan,Tiida,2006,Yes,$750,"148,943",," Right Front Damage, Right Side Damage, Vandalised - Interior, Stolen & Recovered, Selling Registered","Automatic,",5,Petrol,https://manheim.co.nz/damaged-vehicles/000000000007451951/2006-nissan-tiida-latio-sedan?referringPage=SearchResults
Mitsubishi,Outlander,2015,No,"$1,300","226,116",," Front Damage, Light Dmg, Structural Damage, Selling De-Registered","Automatic,",5,Petrol,https://manheim.co.nz/damaged-vehicles/000000000007451965/2015-mitsubishi-outlander-ls-2-4p-4wd-cvt-sw--station-wagon?referringPage=SearchResults
Mazda,CX-9,2014,No,"$1,400","173,540",," Left Front Damage, Airbags Deployed, Structural Damage, Selling De-Registered","5spd Automatic,",7,Petrol,https://manheim.co.nz/damaged-vehicles/000000000007451975/2014-mazda-cx-9-4wd-ltd-3-7-6at-station-wagon?referringPage=SearchResults
Mazda,MAZDA3,2010,No,$200,"236,884",," Front Damage, Structural Damage, Selling De-Registered","Automatic,",5,Petrol,https://manheim.co.nz/damaged-vehicles/000000000007441971/2010-mazda-mazda3-sporthatch-glx-2-0-hatch?referringPage=SearchResults
Honda,Civic,1998,No,$600,"307,548",," Right Front Damage, Right Rear Damage, Right Side Damage, Structural Damage, Selling De-Registered","Automatic,",5,Petrol,https://manheim.co.nz/damaged-vehicles/000000000007451992/1998-honda-civic-hatch?referringPage=SearchResults
Suzuki,Swift,2013,No,$500,N/A,," Rear Damage, Structural Damage, Selling De-Registered",N/A,5,Petrol,https://manheim.co.nz/damaged-vehicles/000000000007452002/2013-suzuki-swift-hatch?referringPage=SearchResults
Mercedes-Benz,E63,2010,No,N/A,N/A,," Right Front Damage, Right Rear Damage, Airbags Deployed, Structural Damage, Selling De-Registered",N/A,5,Petrol,https://manheim.co.nz/damaged-vehicles/000000000007452017/2010-mercedes-benz-e63-sedan?referringPage=SearchResults
Mazda,626,1996,Yes,$500,"322,344",," Glass Broken, Ignition Damage, Left Front Damage, Left Rear Damage, Vandalised - Interior, Stolen & Recovered, Selling Registered","Automatic,",5,Petrol,https://manheim.co.nz/damaged-vehicles/000000000007422018/1996-mazda-626-sedan-glx-2-0-m5-sedan?referringPage=SearchResults
Nissan,Bluebird,2006,Yes,$600,N/A,," Front Damage, Ignition Damage, Left Rear Damage, Right Front Damage, Vandalised - Interior, Stolen & Recovered, Selling Registered","Automatic,",5,Petrol,https://manheim.co.nz/damaged-vehicles/000000000007452020/2006-nissan-bluebird-sylphy-sedan?referringPage=SearchResults
GWM,V200,2013,No,$900,"162,929",," Front Damage, Left Front Damage, Structural Damage, Selling De-Registered","5spd Manual,",5,Diesel,https://manheim.co.nz/damaged-vehicles/000000000007452043/2013-gwm-v200-2-0l-tdi-ute-4wd-6m-dual-cab-utility?referringPage=SearchResults
Toyota,Aqua,2013,No,$500,N/A,," Front Damage, Structural Damage, Selling De-Registered","Automatic,",5,Hybrid,https://manheim.co.nz/damaged-vehicles/000000000007452061/2013-toyota-aqua-hatch?referringPage=SearchResults
Toyota,Hilux,1993,No,"$1,350","286,298",," Front Damage, Structural Damage, Selling De-Registered",N/A,5,Diesel,https://manheim.co.nz/damaged-vehicles/000000000007452073/1993-toyota-hilux-station-wagon?referringPage=SearchResults
Subaru,Legacy,2006,No,$500,"260,042",," Front Damage, Airbags Deployed, Structural Damage, Selling De-Registered","Automatic,",5,Petrol,https://manheim.co.nz/damaged-vehicles/000000000007452075/2006-subaru-legacy-2-5i-sedan-auto-sedan?referringPage=SearchResults
Mercedes-Benz,GLA180,2015,No,$0,N/A,," Left Front Damage, Left Side Damage, Structural Damage, Suspension Damage, Selling De-Registered","Automatic,",5,Petrol,https://manheim.co.nz/damaged-vehicles/000000000007442123/2015-mercedes-benz-gla180-station-wagon?referringPage=SearchResults
Mazda,Axela,2014,No,$500,N/A,," Airbags Deployed, Front Damage, Left Rear Damage, Left Side Damage, Rear Damage, Roof Damage, Right Front Damage, Right Rear Damage, Right Side Damage, Airbags Deployed, Structural Damage, Selling De-Registered","Automatic,",5,Petrol,https://manheim.co.nz/damaged-vehicles/000000000007452138/2014-mazda-axela-hatch?referringPage=SearchResults
Toyota,Vitz,2001,No,$500,N/A,," Rear Damage, Structural Damage, Suspension Damage, Accident Damage, Selling De-Registered",N/A,5,Petrol,https://manheim.co.nz/damaged-vehicles/000000000007452150/2001-toyota-vitz-hatch?referringPage=SearchResults
Nissan,Tiida,2005,Yes,$750,"231,294",," Ignition Damage, Left Front Damage, Rear Damage, Stolen & Recovered, Selling Registered","Automatic,",5,Petrol,https://manheim.co.nz/damaged-vehicles/000000000007452153/2005-nissan-tiida-hatch?referringPage=SearchResults
Mazda,Demio,2005,Yes,"$1,050","123,383",," Right Front Damage, Selling Registered","Automatic,",5,Petrol,https://manheim.co.nz/damaged-vehicles/000000000007452157/2005-mazda-demio-hatch?referringPage=SearchResults
Toyota,RAV4,2003,No,$50,N/A,," Fire Damage, Structural Damage, Selling De-Registered","Automatic,",5,Petrol,https://manheim.co.nz/damaged-vehicles/000000000007452159/2003-toyota-rav4-2-0p-4wd-wagon5-4a-station-wagon?referringPage=SearchResults
Subaru,Legacy,2009,No,$500,N/A,," Front Damage, Right Front Damage, Structural Damage, Selling De-Registered","5spd Automatic,",5,Petrol,https://manheim.co.nz/damaged-vehicles/000000000007432162/2009-subaru-legacy-station-wagon?referringPage=SearchResults
Toyota,Allex,2001,No,$750,"156,735",," Rear Damage, Structural Damage, Selling De-Registered",N/A,5,Petrol,https://manheim.co.nz/damaged-vehicles/000000000007452173/2001-toyota-allex-hatch?referringPage=SearchResults
Hyundai,ix35,2015,No,$850,N/A,," Airbags Deployed, Front Damage, Airbags Deployed, Structural Damage, Selling De-Registered",N/A,N/A,Petrol,https://manheim.co.nz/damaged-vehicles/000000000007452179/2015-hyundai-ix35-station-wagon?referringPage=SearchResults
Ssangyong,Actyon Sport,2018,No,"$1,450",N/A,," Right Side Damage, Structural Damage, Selling De-Registered","Manual,",5,Diesel,https://manheim.co.nz/damaged-vehicles/000000000007452194/2018-ssangyong-actyon-sport-sports-manual-2-2-2-station-wagon?referringPage=SearchResults
Honda,fit,2008,No,$500,N/A,," Rear Damage, Right Rear Damage, Structural Damage, Selling De-Registered","Automatic,",5,Petrol,https://manheim.co.nz/damaged-vehicles/000000000007452226/2008-honda-fit-hatch?referringPage=SearchResults
Toyota,Aqua,2014,No,$750,N/A,," Front Damage, Ignition Damage, Structural Damage, Suspension Damage, Selling De-Registered",N/A,5,Hybrid,https://manheim.co.nz/damaged-vehicles/000000000007452239/2014-toyota-aqua-hatch?referringPage=SearchResults
Lexus,IS250,2012,No,$850,"176,284",," Front Damage, Right Front Damage, Right Side Damage, Structural Damage, Accident Damage, Selling De-Registered","5spd Automatic,",5,Petrol,https://manheim.co.nz/damaged-vehicles/000000000007452246/2012-lexus-is250-2-5p-sedan-4dr-6a-sedan?referringPage=SearchResults
Suzuki,Swift,2014,No,$600,"113,970",," Front Damage, Structural Damage, Selling De-Registered",N/A,5,Petrol,https://manheim.co.nz/damaged-vehicles/000000000007452248/2014-suzuki-swift-glab-1-4p-4at-ha-5d-hatch?referringPage=SearchResults
Suzuki,Swift,2007,No,$600,"266,370",," Front Damage, Structural Damage, Selling De-Registered","4spd Automatic,",5,Petrol,https://manheim.co.nz/damaged-vehicles/000000000007452250/2007-suzuki-swift-hatch?referringPage=SearchResults
Nissan,NV200,2009,No,$750,"252,935",," Structural Damage, Suspension Damage, Selling De-Registered",N/A,2,Petrol,https://manheim.co.nz/damaged-vehicles/000000000007452253/2009-nissan-nv200-vanette-van?referringPage=SearchResults
Ford,Falcon UTE,2012,No,"$1,400",N/A,," Airbags Deployed, Front Damage, Airbags Deployed, Structural Damage, Selling De-Registered",N/A,2,Petrol,https://manheim.co.nz/damaged-vehicles/000000000007432259/2012-ford-falcon-ute-fg2-xr6-p-u-auto-station-wagon?referringPage=SearchResults
Ford,Mondeo,2010,No,$500,"141,221",," Left Front Damage, Left Rear Damage, Right Front Damage, Airbags Deployed, Selling De-Registered","Automatic,",5,Diesel,https://manheim.co.nz/damaged-vehicles/000000000007442252/2010-ford-mondeo-2-0td-sedan-a-sedan?referringPage=SearchResults
Mitsubishi,Mirage,2021,No,$500,N/A,," Airbags Deployed, Right Front Damage, Right Side Damage, Airbags Deployed, Structural Damage, Accident Damage, Selling De-Registered",N/A,5,Petrol,https://manheim.co.nz/damaged-vehicles/000000000007452281/2021-mitsubishi-mirage-xls-1-2p-cvt-hatch?referringPage=SearchResults
Mazda,CX-3,2015,No,"$1,300","64,187",," Chassis Damage, Front Damage, Underbody Damage, Structural Damage, Selling De-Registered",N/A,5,Diesel,https://manheim.co.nz/damaged-vehicles/000000000007452283/2015-mazda-cx-3-limited-1-5d-4wd-6a-station-wagon?referringPage=SearchResults
Jeep,Cherokee,2009,Yes,$700,"180,900",," Front Damage, Left Side Damage, Selling Registered","5spd Automatic,",5,Petrol,https://manheim.co.nz/damaged-vehicles/000000000007452286/2009-jeep-cherokee-station-wagon?referringPage=SearchResults
Toyota,Corolla,1998,No,$750,"183,998",," Front Damage, Left Front Damage, Right Front Damage, Structural Damage, Selling De-Registered","Automatic,",5,Petrol,https://manheim.co.nz/damaged-vehicles/000000000007452299/1998-toyota-corolla-1-6p-gl-5door-4a-hatch?referringPage=SearchResults
Ford,Ranger,2019,No,N/A,"85,350",," Right Front Damage, Airbags Deployed, Selling De-Registered",N/A,5,Diesel,https://manheim.co.nz/damaged-vehicles/000000000007422327/2019-ford-ranger-xlt-double-cab-w-s-dual-cab-utility?referringPage=SearchResults
Toyota,Avensis,2004,No,$900,"304,985",," Front Damage, Structural Damage, Selling De-Registered","Automatic,",7,Petrol,https://manheim.co.nz/damaged-vehicles/000000000007452386/2004-toyota-avensis-verso-2-4p-mpv-wago-station-wagon?referringPage=SearchResults
Subaru,Impreza,2003,Yes,"$1,450","184,889",," Right Side Damage, Selling Registered","4spd Automatic,",5,Petrol,https://manheim.co.nz/damaged-vehicles/000000000007452449/2003-subaru-impreza-2-0-rxi-hatch-auto-station-wagon?referringPage=SearchResults
Hyundai,Elantra,2006,No,$200,"233,576",," Structural Damage, Selling De-Registered","Automatic,",5,Petrol,https://manheim.co.nz/damaged-vehicles/000000000007442487/2006-hyundai-elantra-1-8-gl-4d-m5-sedan?referringPage=SearchResults
Ford,Falcon UTE,2003,No,N/A,N/A,," Left Front Damage, Left Rear Damage, Right Front Damage, Right Rear Damage, Vandalised - Interior, Selling De-Registered","Automatic,",2,Petrol,https://manheim.co.nz/damaged-vehicles/000000000007442543/2003-ford-falcon-ute-ba-xr8-pick-up-fa-utility?referringPage=SearchResults
Holden,Commodore,2005,No,$0,N/A,," Left Front Damage, Right Front Damage, Right Rear Damage, Airbags Deployed, Selling De-Registered","Automatic,",5,Petrol,https://manheim.co.nz/damaged-vehicles/000000000007442558/2005-holden-commodore-s-v6-auto-sedan?referringPage=SearchResults
Holden,VT Commodore,1999,No,N/A,N/A,," Dismantled - Entire Vehicle, Selling De-Registered","Automatic,",5,Petrol,https://manheim.co.nz/damaged-vehicles/000000000007442583/1999-holden-vt-commodore-5-7-ss-sed-aut-sedan?referringPage=SearchResults
Suzuki,VZ800 Boulevard M50,2016,Yes,"$1,025",N/A,," Right Side Damage, Selling Registered",N/A,N/A,Petrol,https://manheim.co.nz/damaged-vehicles/000000000007432581/2016-suzuki-vz800-boulevard-m50-motorcycle?referringPage=SearchResults
Ford,Falcon,2007,No,$850,"83,597",," Dismantled - Entire Vehicle, Selling De-Registered","Automatic,",5,Petrol,https://manheim.co.nz/damaged-vehicles/000000000007442595/2007-ford-falcon-bf2-xr6-sedan-a-sedan?referringPage=SearchResults
Nissan,Murano,2004,Yes,$750,"207,436",," Left Side Damage, Selling Registered","4spd Automatic,",5,Petrol,https://manheim.co.nz/damaged-vehicles/000000000007452630/2004-nissan-murano-station-wagon?referringPage=SearchResults
Holden,Barina,2017,No,$0,11,," Left Front Damage, Left Rear Damage, Right Rear Damage, Airbags Deployed, Selling De-Registered","Automatic,",5,Petrol,https://manheim.co.nz/damaged-vehicles/000000000007452651/2017-holden-barina-ls-1-6p-6at-hatch?referringPage=SearchResults
Mazda,Atenza,2006,Yes,$400,N/A,," Left Side Damage, Right Side Damage, Selling Registered","Automatic,",5,Petrol,https://manheim.co.nz/damaged-vehicles/000000000007442848/2006-mazda-atenza-station-wagon?referringPage=SearchResults
Porsche,944,1984,No,"$2,300","40,049",," Front Damage, Roof Damage, Structural Damage, Selling De-Registered","5spd Manual,",4,Petrol,https://manheim.co.nz/damaged-vehicles/000000000007432848/1984-porsche-944-hatch?referringPage=SearchResults
Ford,Falcon BAI,2005,No,$475,"137,413",," Chassis Damage, Front Damage, Left Front Damage, Right Side Damage, Structural Damage, Under Body Damage, Selling De-Registered","Automatic,",5,Petrol,https://manheim.co.nz/damaged-vehicles/000000000007442856/2005-ford-falcon-bai-utility?referringPage=SearchResults
Holden,Barina Spark,2011,No,$0,N/A,," Left Front Damage, Left Rear Damage, Right Front Damage, Right Rear Damage, Airbags Deployed, Selling De-Registered","5spd Manual,",5,Petrol,https://manheim.co.nz/damaged-vehicles/000000000007452876/2011-holden-barina-spark-cdx-mt-hatch?referringPage=SearchResults
Toyota,IST,2003,Yes,$550,"148,678",," Front Damage, Selling Registered","Automatic,",5,Petrol,https://manheim.co.nz/damaged-vehicles/000000000007442882/2003-toyota-ist-hatch?referringPage=SearchResults
Suzuki,Swift,2020,No,$0,N/A,," Airbags Deployed, Front Damage, Left Side Damage, Right Side Damage, Airbags Deployed, Structural Damage, Selling De-Registered","Automatic,",5,Petrol,https://manheim.co.nz/damaged-vehicles/000000000007442883/2020-suzuki-swift-gl-1-2p-cvt-hatch?referringPage=SearchResults
Holden,Commodore,2004,No,$800,N/A,," Left Front Damage, Left Rear Damage, Right Rear Damage, Selling De-Registered","Automatic,",5,Petrol,https://manheim.co.nz/damaged-vehicles/000000000007452903/2004-holden-commodore-executive-wagon-v6-station-wagon?referringPage=SearchResults
Mazda,Axela,2008,No,$0,N/A,," Roof Damage, Right Side Damage, Structural Damage, Selling De-Registered",N/A,5,Petrol,https://manheim.co.nz/damaged-vehicles/000000000007442951/2008-mazda-axela-hatch?referringPage=SearchResults
BRIFORD,8X4 BBQ Shuttle,2015,No,$800,N/A,0," Structural Damage, Selling De-Registered",N/A,N/A,N/A,https://manheim.co.nz/damaged-vehicles/000000000007423005/2015-briford-8x4-bbq-shuttle-camper-trailer?referringPage=SearchResults
Kia,Cerato,2020,No,N/A,N/A,," Left Front Damage, Airbags Deployed, Structural Damage, Selling De-Registered","Automatic,",5,Petrol,https://manheim.co.nz/damaged-vehicles/000000000007443011/2020-kia-cerato-hatch?referringPage=SearchResults
Volkswagen,Golf,2014,No,$850,N/A,," Left Side Damage, Structural Damage, Selling De-Registered","Automatic,",5,Petrol,https://manheim.co.nz/damaged-vehicles/000000000007443019/2014-volkswagen-golf-tsi-highline-7dsg-hatch?referringPage=SearchResults
Holden,Commodore VE,2006,No,$0,N/A,, Selling De-Registered,N/A,N/A,Petrol,https://manheim.co.nz/damaged-vehicles/000000000007453040/2006-holden-commodore-ve-execuutive-sedan?referringPage=SearchResults
Holden,Commodore,2008,No,$0,"129,000",," Left Front Damage, Left Rear Damage, Right Front Damage, Right Rear Damage, Selling De-Registered","Automatic,",5,Petrol,https://manheim.co.nz/damaged-vehicles/000000000007453049/2008-holden-commodore-omega-sedan-auto-sedan?referringPage=SearchResults
Honda,Civic,2004,No,$150,"229,961",," Left Side Damage, Structural Damage, Selling De-Registered","Automatic,",5,Petrol,https://manheim.co.nz/damaged-vehicles/000000000007443274/2004-honda-civic-vtx-1-5-4d-sed-5m-sedan?referringPage=SearchResults
Toyota,Corolla,2017,No,"$1,400","118,290",," Rear Damage, Structural Damage, Selling De-Registered","Automatic,",5,Petrol,https://manheim.co.nz/damaged-vehicles/000000000007423271/2017-toyota-corolla-gx-1-8p-cvt-hatch?referringPage=SearchResults
Volkswagen,Golf,2008,No,$400,"152,867",," Rear Damage, Right Rear Damage, Structural Damage, Selling De-Registered","Automatic,",5,Petrol,https://manheim.co.nz/damaged-vehicles/000000000007453318/2008-volkswagen-golf-hatch?referringPage=SearchResults
Skoda,Octavia,2017,No,"$1,300","67,034",," Front Damage, Structural Damage, Selling De-Registered","Automatic,",5,Diesel,https://manheim.co.nz/damaged-vehicles/000000000007453319/2017-skoda-octavia-lb-amb-tdi-85kw-dsg-sedan?referringPage=SearchResults
Toyota,Vitz,2008,No,$850,N/A,," Interior Damage, Ignition Damage, Left Front Damage, Right Side Damage, Vandalised - Interior, Structural Damage, Stolen & Recovered, Selling De-Registered","Automatic,",5,Petrol,https://manheim.co.nz/damaged-vehicles/000000000007453320/2008-toyota-vitz-hatch?referringPage=SearchResults
Ford,Transit,2016,No,$0,"199,318",," Left Front Damage, Left Side Damage, Right Front Damage, Right Side Damage, Dismantled - Interior","Manual,",3,N/A,https://manheim.co.nz/damaged-vehicles/000000000007433322/2016-ford-transit-350l-lwb-van-2-2d-6-van?referringPage=SearchResults
Nissan,Dualis,2010,Yes,$450,"197,136",," Roof Damage, Selling Registered","Automatic,",5,Petrol,https://manheim.co.nz/damaged-vehicles/000000000007453336/2010-nissan-dualis-station-wagon?referringPage=SearchResults
Mazda,MAZDA3,2005,No,$200,"244,550",," Right Rear Damage, Structural Damage, Selling De-Registered","Automatic,",5,Petrol,https://manheim.co.nz/damaged-vehicles/000000000007453341/2005-mazda-mazda3-hatch?referringPage=SearchResults
Holden,VT Commodore,1997,No,$0,N/A,," Left Front Damage, Right Front Damage, Airbags Deployed, Selling De-Registered","Automatic,",5,Petrol,https://manheim.co.nz/damaged-vehicles/000000000007453353/1997-holden-vt-commodore-5-0-ss-sed-aut-sedan?referringPage=SearchResults
Ford,Utility,1997,No,$0,N/A,," Left Front Damage, Left Rear Damage, Right Front Damage, Dismantled - Interior, Selling De-Registered","Automatic,",2,Petrol,https://manheim.co.nz/damaged-vehicles/000000000007453354/1997-ford-utility-xr6-auto-ute-utility?referringPage=SearchResults
Honda,fit,2014,No,$850,N/A,," Rear Damage, Structural Damage, Selling De-Registered","Automatic,",5,Petrol,https://manheim.co.nz/damaged-vehicles/000000000007453358/2014-honda-fit-station-wagon?referringPage=SearchResults
Holden,Commodore,2004,No,$0,"76,350",," Left Front Damage, Right Front Damage, Airbags Deployed, Selling De-Registered","Automatic,",5,Petrol,https://manheim.co.nz/damaged-vehicles/000000000007453365/2004-holden-commodore-s-v6-auto-sedan?referringPage=SearchResults
Mitsubishi,Outlander,2006,No,$500,N/A,," Left Side Damage, Structural Damage, Selling De-Registered","Automatic,",7,Petrol,https://manheim.co.nz/damaged-vehicles/000000000007453369/2006-mitsubishi-outlander-station-wagon?referringPage=SearchResults
Hyundai,I30,2016,No,"$1,450",N/A,," Left Front Damage, Right Rear Damage, Structural Damage, Selling De-Registered","Automatic,",5,Petrol,https://manheim.co.nz/damaged-vehicles/000000000007453382/2016-hyundai-i30-gd-1-8-a6-hatch?referringPage=SearchResults
Lexus,HS250H,2012,No,$850,N/A,," Front Damage, Left Side Damage, Rear Damage, Right Front Damage, Right Rear Damage, Right Side Damage, Structural Damage, Suspension Damage, Selling De-Registered","Automatic,",5,Hybrid,https://manheim.co.nz/damaged-vehicles/000000000007453389/2012-lexus-hs250h-sedan?referringPage=SearchResults
Toyota,Corolla,2014,Yes,"$1,950","164,933",, Selling Registered,"Automatic,",5,Petrol,https://manheim.co.nz/damaged-vehicles/000000000007453390/2014-toyota-corolla-gx-1-5p-wagon-cvt-station-wagon?referringPage=SearchResults
Subaru,Forester,2002,Yes,$600,"234,029",," Interior Damage, Stolen & Recovered, Selling Registered","Automatic,",5,Petrol,https://manheim.co.nz/damaged-vehicles/000000000007453392/2002-subaru-forester-x-2-5-auto-station-wagon?referringPage=SearchResults
Nissan,Bluebird,2007,No,$325,N/A,," Vandalised - Entire Vehicle, Structural Damage, Stolen & Recovered, Selling De-Registered","Automatic,",5,Petrol,https://manheim.co.nz/damaged-vehicles/000000000007453395/2007-nissan-bluebird-sylphy-sedan?referringPage=SearchResults
Honda,fit,2010,No,$500,N/A,," Chassis Damage, Front Damage, Airbags Deployed, Structural Damage, Selling De-Registered","Automatic,",5,Petrol,https://manheim.co.nz/damaged-vehicles/000000000007453396/2010-honda-fit-hatch?referringPage=SearchResults
Ford,Courier,2005,No,$2,N/A,," Ignition Damage, Structural Damage, Stolen & Recovered, Selling De-Registered","Automatic,",4,Diesel,https://manheim.co.nz/damaged-vehicles/000000000007453398/2005-ford-courier-utility?referringPage=SearchResults
Honda,Torneo,2000,Yes,"$3,050",N/A,," Left Front Damage, Left Rear Damage, Selling Registered","Automatic,",5,Petrol,https://manheim.co.nz/damaged-vehicles/000000000007453399/2000-honda-torneo-sedan?referringPage=SearchResults
Toyota,Aqua,2016,No,$850,N/A,," Front Damage, Airbags Deployed, Structural Damage, Selling De-Registered","Automatic,",5,Hybrid,https://manheim.co.nz/damaged-vehicles/000000000007453401/2016-toyota-aqua-hatch?referringPage=SearchResults
Honda,Accord,2007,No,$600,N/A,," Front Damage, Airbags Deployed, Structural Damage, Selling De-Registered","5spd Automatic,",5,Petrol,https://manheim.co.nz/damaged-vehicles/000000000007453406/2007-honda-accord-sedan?referringPage=SearchResults
Toyota,Aqua,2016,No,$500,"75,668",," Front Damage, Glass Broken, Ignition Damage, Right Rear Damage, Right Side Damage, Airbags Deployed, Structural Damage, Stolen & Recovered, Selling De-Registered","Automatic,",5,Hybrid,https://manheim.co.nz/damaged-vehicles/000000000007453418/2016-toyota-aqua-hatch?referringPage=SearchResults
Toyota,Voltz,2002,No,$500,"81,572",," Left Front Damage, Structural Damage, Selling De-Registered","Automatic,",5,Petrol,https://manheim.co.nz/damaged-vehicles/000000000007453441/2002-toyota-voltz-hatch?referringPage=SearchResults
Mazda,Demio,2007,Yes,"$1,350",N/A,," Ignition Damage, Left Front Damage, Right Rear Damage, Vandalised - Interior, Stolen & Recovered, Selling Registered","Automatic,",5,Petrol,https://manheim.co.nz/damaged-vehicles/000000000007453444/2007-mazda-demio-hatch?referringPage=SearchResults
Suzuki,Swift Ltda 1.4 5DR Hatchback,2011,No,$400,N/A,," Left Front Damage, Right Front Damage, Right Rear Damage, Airbags Deployed, Structural Damage, Selling De-Registered","Automatic,",5,Petrol,https://manheim.co.nz/damaged-vehicles/000000000007453446/2011-suzuki-swift-ltda-1-4-5dr-hatchback-hatch?referringPage=SearchResults
Holden,Cruze,2012,No,$600,"229,329",," Rear Damage, Airbags Deployed, Structural Damage, Selling De-Registered","5spd Automatic,",5,Petrol,https://manheim.co.nz/damaged-vehicles/000000000007453455/2012-holden-cruze-cd-hb-1-4t-at-hatch?referringPage=SearchResults
Honda,Jazz,2006,No,$500,"106,046",," Front Damage, Left Front Damage, Structural Damage, Selling De-Registered","Automatic,",5,Petrol,https://manheim.co.nz/damaged-vehicles/000000000007453470/2006-honda-jazz-sport-hatch?referringPage=SearchResults
Kia,RIO 1.6 Hatch Manual Hatchbac,2008,Yes,$800,"53,436",," Left Front Damage, Selling Registered","Manual,",5,Petrol,https://manheim.co.nz/damaged-vehicles/000000000007453483/2008-kia-rio-1-6-hatch-manual-hatchbac-hatch?referringPage=SearchResults
Toyota,Camry,2013,No,"$1,450",N/A,," Front Damage, Structural Damage, Selling De-Registered","Automatic,",5,Hybrid,https://manheim.co.nz/damaged-vehicles/000000000007453485/2013-toyota-camry-hybrid-sedan?referringPage=SearchResults
Holden,Commodore,2006,No,$500,"229,048",," Front Damage, Structural Damage, Selling De-Registered","4spd Automatic,",5,Petrol,https://manheim.co.nz/damaged-vehicles/000000000007453486/2006-holden-commodore-s-v6-auto-sedan?referringPage=SearchResults
Suzuki,Swift SE 1.4 5DR AT Hatchback,2013,No,$650,"55,247",," Front Damage, Structural Damage, Selling De-Registered","Automatic,",5,Petrol,https://manheim.co.nz/damaged-vehicles/000000000007453518/2013-suzuki-swift-se-1-4-5dr-at-hatchback-hatch?referringPage=SearchResults
Holden,Colorado,2015,No,"$1,400","169,853",," Front Damage, Left Side Damage, Roof Damage, Right Side Damage, Structural Damage, Selling De-Registered","6spd Automatic,",5,Diesel,https://manheim.co.nz/damaged-vehicles/000000000007443529/2015-holden-colorado-ltz-dc-pu-2-8d-4wd--utility?referringPage=SearchResults
Mitsubishi,Outlander,2008,No,$1,N/A,," Fire - Entire Vehicle, Structural Damage, Selling De-Registered","Automatic,",7,Petrol,https://manheim.co.nz/damaged-vehicles/000000000007453534/2008-mitsubishi-outlander-station-wagon?referringPage=SearchResults
Toyota,Estima,2009,No,"$1,000",N/A,," Fire Damage, Rear Damage, Fire - Interior, Structural Damage, Selling De-Registered","Automatic,",7,Petrol,https://manheim.co.nz/damaged-vehicles/000000000007453537/2009-toyota-estima-station-wagon?referringPage=SearchResults
Suzuki,Swift,2009,No,$600,"140,421",," Rear Damage, Structural Damage, Selling De-Registered","Automatic,",5,Petrol,https://manheim.co.nz/damaged-vehicles/000000000007453538/2009-suzuki-swift-hatch?referringPage=SearchResults
Suzuki,Swift,2022,No,$850,N/A,," Left Front Damage, Left Side Damage, Roof Damage, Rolled, Right Side Damage, Structural Damage, Selling De-Registered","Automatic,",5,Petrol,https://manheim.co.nz/damaged-vehicles/000000000007453563/2022-suzuki-swift-hatch?referringPage=SearchResults
Nissan,Bluebird Saloon,2006,No,$600,N/A,," Front Damage, Left Rear Damage, Structural Damage, Selling De-Registered","Automatic,",5,Petrol,https://manheim.co.nz/damaged-vehicles/000000000007453565/2006-nissan-bluebird-saloon-sedan?referringPage=SearchResults
KTM,390,2017,No,$650,"44,115",," Structural Damage, Selling De-Registered",N/A,N/A,Petrol,https://manheim.co.nz/damaged-vehicles/000000000007443594/2017-ktm-390-duke-399p-motorcycle?referringPage=SearchResults
Mazda,Axela,2006,No,$500,"143,653",," Right Side Damage, Structural Damage, Selling De-Registered","Automatic,",5,Petrol,https://manheim.co.nz/damaged-vehicles/000000000007453613/2006-mazda-axela-hatch?referringPage=SearchResults
Kia,Cerato,2005,No,$600,"293,150",," Left Side Damage, Structural Damage, Selling De-Registered","Automatic,",5,Petrol,https://manheim.co.nz/damaged-vehicles/000000000007453636/2005-kia-cerato-2-0-auto-hatch-hatch?referringPage=SearchResults
Holden,Barina,2013,No,$700,N/A,," Left Front Damage, Right Front Damage, Selling De-Registered","Automatic,",5,Petrol,https://manheim.co.nz/damaged-vehicles/000000000007433637/2013-holden-barina-cd-1-6p6a-ha5s-hatch?referringPage=SearchResults
KTM,390,2025,No,$600,N/A,, Selling De-Registered,N/A,N/A,Petrol,https://manheim.co.nz/damaged-vehicles/000000000007433646/2025-ktm-390-duke-399p-motorcycle?referringPage=SearchResults
Mitsubishi,Colt,2005,Yes,$100,"187,775",," Glass Broken, Ignition Damage, Selling Registered","Automatic,",5,Petrol,https://manheim.co.nz/damaged-vehicles/000000000007433649/2005-mitsubishi-colt-hatch?referringPage=SearchResults
Honda,Accord,2005,No,$1,N/A,," Fire - Entire Vehicle, Structural Damage, Stolen & Recovered, Selling De-Registered","Automatic,",5,Petrol,https://manheim.co.nz/damaged-vehicles/000000000007453689/2005-honda-accord-v6l-3-0-4d-sed-5a-sedan?referringPage=SearchResults
Toyota,Aqua,2016,No,"$1,300","129,882",," Rear Damage, Structural Damage, Selling De-Registered","Automatic,",5,Hybrid,https://manheim.co.nz/damaged-vehicles/000000000007453706/2016-toyota-aqua-hybrid-hatch?referringPage=SearchResults
Mazda,Atenza,2008,Yes,"$3,200","176,674",, Selling Registered,"6spd Manual,",5,Petrol,https://manheim.co.nz/damaged-vehicles/000000000007453718/2008-mazda-atenza-hatch?referringPage=SearchResults
Ford,Falcon,2005,No,$750,"195,100",," Left Side Damage, Rear Damage, Right Side Damage, Structural Damage, Selling De-Registered","Automatic,",5,Petrol,https://manheim.co.nz/damaged-vehicles/000000000007453719/2005-ford-falcon-ba-xr6-a-sedan?referringPage=SearchResults
Toyota,Aqua,2012,No,$850,N/A,," Left Front Damage, Structural Damage, Selling De-Registered","Automatic,",5,Hybrid,https://manheim.co.nz/damaged-vehicles/000000000007453720/2012-toyota-aqua-hybrid-hatch?referringPage=SearchResults
Toyota,Caldina,2005,Yes,$600,N/A,," Front Damage, Ignition Damage, Left Rear Damage, Left Side Damage, Vandalised - Interior, Stolen & Recovered, Selling Registered","Automatic,",5,Petrol,https://manheim.co.nz/damaged-vehicles/000000000007453732/2005-toyota-caldina-station-wagon?referringPage=SearchResults
Mazda,Atenza Saloon,2005,No,$500,"142,974",," Front Damage, Left Front Damage, Left Rear Damage, Left Side Damage, Structural Damage, Selling De-Registered","Automatic,",5,Petrol,https://manheim.co.nz/damaged-vehicles/000000000007453745/2005-mazda-atenza-saloon-sedan?referringPage=SearchResults
Toyota,Wish,2005,No,$750,N/A,," Left Front Damage, Left Side Damage, Structural Damage, Selling De-Registered","Automatic,",7,Petrol,https://manheim.co.nz/damaged-vehicles/000000000007453752/2005-toyota-wish-station-wagon?referringPage=SearchResults
Mazda,Atenza,2008,No,"$3,200","108,730",, Selling De-Registered,"5spd Automatic,",5,Petrol,https://manheim.co.nz/damaged-vehicles/000000000007453753/2008-mazda-atenza-sedan?referringPage=SearchResults
Mazda,Axela,2009,Yes,"$3,200","249,063",, Selling Registered,"5spd Automatic,",5,Petrol,https://manheim.co.nz/damaged-vehicles/000000000007453755/2009-mazda-axela-hatch?referringPage=SearchResults
Mazda,Atenza,2008,Yes,"$1,500","144,211",," Left Side Damage, Right Side Damage, Selling Registered","Automatic,",5,Petrol,https://manheim.co.nz/damaged-vehicles/000000000007453759/2008-mazda-atenza-hatch?referringPage=SearchResults
Toyota,Auris,2008,No,$750,"121,010",," Left Side Damage, Structural Damage, Selling De-Registered","Automatic,",5,Petrol,https://manheim.co.nz/damaged-vehicles/000000000007453760/2008-toyota-auris-hatch?referringPage=SearchResults
Suzuki,Swift,2012,Yes,"$1,650","356,572",, Selling Registered,"Manual,",5,Petrol,https://manheim.co.nz/damaged-vehicles/000000000007453765/2012-suzuki-swift-glx-1-4-5dr-hatch?referringPage=SearchResults
Nissan,Tiida,2006,No,$600,N/A,," Left Front Damage, Left Rear Damage, Structural Damage, Selling De-Registered","Automatic,",5,Petrol,https://manheim.co.nz/damaged-vehicles/000000000007453766/2006-nissan-tiida-hatch?referringPage=SearchResults
Nissan,Bluebird,2007,Yes,"$2,450","199,790",, Selling Registered,"CVT,",5,Petrol,https://manheim.co.nz/damaged-vehicles/000000000007453801/2007-nissan-bluebird-sylphy-sedan?referringPage=SearchResults
Honda,fit,2010,No,$600,"128,100",," Rear Damage, Structural Damage, Selling De-Registered","Automatic,",5,Petrol,https://manheim.co.nz/damaged-vehicles/000000000007453802/2010-honda-fit-hatch?referringPage=SearchResults
Nissan,Terrano,1996,No,$500,"226,975",," Left Side Damage, Structural Damage, Selling De-Registered","Automatic,",5,Diesel,https://manheim.co.nz/damaged-vehicles/000000000007453806/1996-nissan-terrano-r3m-r-station-wagon?referringPage=SearchResults
Mazda,Demio,2007,No,$500,N/A,," Front Damage, Structural Damage, Selling De-Registered","Automatic,",5,Petrol,https://manheim.co.nz/damaged-vehicles/000000000007453826/2007-mazda-demio-hatch?referringPage=SearchResults
BMW,330ci,2002,No,$650,N/A,," Left Side Damage, Right Rear Damage, Structural Damage, Selling De-Registered","Automatic,",5,Petrol,https://manheim.co.nz/damaged-vehicles/000000000007453834/2002-bmw-330ci-coup%C3%A9?referringPage=SearchResults
Holden,Captiva,2010,No,$500,N/A,," Right Rear Damage, Structural Damage, Selling De-Registered","Automatic,",7,Petrol,https://manheim.co.nz/damaged-vehicles/000000000007453838/2010-holden-captiva-lx-awd-v6-at-station-wagon?referringPage=SearchResults
Suzuki,Swift,2006,No,$575,"143,278",," Front Damage, Rear Damage, Structural Damage, Selling De-Registered","4spd Automatic,",5,Petrol,https://manheim.co.nz/damaged-vehicles/000000000007453846/2006-suzuki-swift-hatch?referringPage=SearchResults
Nissan,Silvia,1999,No,N/A,N/A,," Front Damage, Right Side Damage, Structural Damage, Selling De-Registered","4spd Automatic,",4,Petrol,https://manheim.co.nz/damaged-vehicles/000000000007453853/1999-nissan-silvia-spec-s-sedan?referringPage=SearchResults
Nissan,March,2008,Yes,"$1,050","157,637",," Ignition Damage, Stolen & Recovered, Selling Registered","Automatic,",5,Petrol,https://manheim.co.nz/damaged-vehicles/000000000007453859/2008-nissan-march-hatch?referringPage=SearchResults
Toyota,Aqua,2012,No,$750,"155,971",," Front Damage, Structural Damage, Selling De-Registered","Automatic,",5,Hybrid,https://manheim.co.nz/damaged-vehicles/000000000007453861/2012-toyota-aqua-hatch?referringPage=SearchResults
Toyota,Corolla,2000,No,$500,"150,656",," Left Side Damage, Right Side Damage, Structural Damage, Selling De-Registered","Automatic,",5,Petrol,https://manheim.co.nz/damaged-vehicles/000000000007453868/2000-toyota-corolla-1-6p-xl-hatch-4a-hatch?referringPage=SearchResults
Volkswagen,Golf,2006,No,$500,"204,459",," Right Rear Damage, Right Side Damage, Structural Damage, Selling De-Registered","Automatic,",5,Petrol,https://manheim.co.nz/damaged-vehicles/000000000007453873/2006-volkswagen-golf-2-0t-gti-dsg-hatch?referringPage=SearchResults
Honda,Civic,2007,No,$600,N/A,," Chassis Damage, Front Damage, Left Rear Damage, Structural Damage, Selling De-Registered","Automatic,",5,Petrol,https://manheim.co.nz/damaged-vehicles/000000000007453874/2007-honda-civic-1-8s-sedan?referringPage=SearchResults
Honda,Airwave,2006,No,$600,"184,849",," Front Damage, Left Rear Damage, Structural Damage, Selling De-Registered","Automatic,",5,Petrol,https://manheim.co.nz/damaged-vehicles/000000000007453905/2006-honda-airwave-station-wagon?referringPage=SearchResults
Toyota,IST,2004,No,$800,"294,927",," Left Side Damage, Rear Damage, Structural Damage, Selling De-Registered","Automatic,",5,Petrol,https://manheim.co.nz/damaged-vehicles/000000000007453912/2004-toyota-ist-station-wagon?referringPage=SearchResults
Kia,Sportage,2019,No,N/A,N/A,," Right Side Damage, Airbags Deployed, Structural Damage, Suspension Damage, Selling De-Registered",N/A,5,Petrol,https://manheim.co.nz/damaged-vehicles/000000000007413987/2019-kia-sportage-urban-ex-2-0p-station-wagon?referringPage=SearchResults
Honda,Accord,2005,No,$600,"91,795",," Rear Damage, Structural Damage, Selling De-Registered","Automatic,",5,Petrol,https://manheim.co.nz/damaged-vehicles/000000000007454068/2005-honda-accord-eurol-2-4-4d-sed-5a-sedan?referringPage=SearchResults
BMW,325i,2011,No,$400,N/A,," Right Side Damage, Water Damage, Selling De-Registered",N/A,5,Petrol,https://manheim.co.nz/damaged-vehicles/000000000007454072/2011-bmw-325i-touring-motorsport-touring?referringPage=SearchResults
Hyundai,Tucson,2025,No,N/A,"33,806",," Front Damage, Structural Damage, Selling De-Registered",N/A,5,Petrol,https://manheim.co.nz/damaged-vehicles/000000000007454075/2025-hyundai-tucson-2-0-n-line-6at-2wd-station-wagon?referringPage=SearchResults
Nissan,Pathfinder,2008,Yes,"$1,300","209,377",," Engine Damage, Dismantled - Engine, Selling Registered","Automatic,",7,Diesel,https://manheim.co.nz/damaged-vehicles/000000000007454081/2008-nissan-pathfinder-2-5-4wd-ti-auto-station-wagon?referringPage=SearchResults
Kia,Sorento,2022,No,N/A,N/A,," Front Damage, Left Side Damage, Roof Damage, Right Side Damage, Structural Damage, Selling De-Registered","Automatic,",7,Diesel,https://manheim.co.nz/damaged-vehicles/000000000007454086/2022-kia-sorento-deluxe-2-2dt-4wd-8a-station-wagon?referringPage=SearchResults
Toyota,Blade,2007,No,$750,N/A,," Front Damage, Left Side Damage, Roof Damage, Right Side Damage, Structural Damage, Selling De-Registered","Automatic,",5,Petrol,https://manheim.co.nz/damaged-vehicles/000000000007454088/2007-toyota-blade-hatch?referringPage=SearchResults
Mazda,MAZDA3,2006,No,$600,N/A,," Ignition Damage, Left Rear Damage, Rear Wheel Damaged, Vandalised - Interior, Structural Damage, Stolen & Recovered, Selling De-Registered","Manual,",5,Petrol,https://manheim.co.nz/damaged-vehicles/000000000007454089/2006-mazda-mazda3-sedan-gsx-2-0-m5-sedan?referringPage=SearchResults
Ford,Falcon,2009,No,$850,"293,704",," Left Front Damage, Left Rear Damage, Right Front Damage, Right Rear Damage, Vandalised - Interior, Selling De-Registered","5spd Automatic,",5,Petrol,https://manheim.co.nz/damaged-vehicles/000000000007444089/2009-ford-falcon-fg-xt-sedan-fa-sedan?referringPage=SearchResults
Kia,Sorento 2.4 Petrol Auto LX,2012,Yes,"$3,200","387,160",, Selling Registered,"6spd,",5,Petrol,https://manheim.co.nz/damaged-vehicles/000000000007454090/2012-kia-sorento-2-4-petrol-auto-lx-station-wagon?referringPage=SearchResults
Suzuki,Swift,2006,No,$600,"124,831",," Right Front Damage, Structural Damage, Suspension Damage, Selling De-Registered",N/A,5,Petrol,https://manheim.co.nz/damaged-vehicles/000000000007454095/2006-suzuki-swift-glxha2-1-5-5dr-hatch?referringPage=SearchResults
Mazda,MAZDA3,2006,No,$850,"154,846",," Rear Damage, Structural Damage, Selling De-Registered","Tiptronic,",5,Petrol,https://manheim.co.nz/damaged-vehicles/000000000007454097/2006-mazda-mazda3-sporthatch-hatch?referringPage=SearchResults
Honda,Jazz,2022,No,"$1,450",N/A,," Front Damage, Rear Damage, Structural Damage, Selling De-Registered",N/A,5,Hybrid,https://manheim.co.nz/damaged-vehicles/000000000007454104/2022-honda-jazz-e-hev-luxe-1-5ph-e--hatch?referringPage=SearchResults
Ford,Mondeo,2003,Yes,"$1,025","39,762",," Left Front Damage, Left Rear Damage, Left Side Damage, Right Front Damage, Right Side Damage, Selling Registered","Automatic,",5,Petrol,https://manheim.co.nz/damaged-vehicles/000000000007454110/2003-ford-mondeo-2-0-sedan-aut-sedan?referringPage=SearchResults
Toyota,Prius,2005,No,$850,N/A,," Left Side Damage, Structural Damage, Selling De-Registered","Automatic,",5,Hybrid,https://manheim.co.nz/damaged-vehicles/000000000007454112/2005-toyota-prius-hybrid-1-5p-h5-ecvt-hatch?referringPage=SearchResults
Toyota,Vitz,2007,No,$700,N/A,," Left Front Damage, Left Rear Damage, Left Side Damage, Structural Damage, Selling De-Registered","Automatic,",5,Petrol,https://manheim.co.nz/damaged-vehicles/000000000007454114/2007-toyota-vitz-hatch?referringPage=SearchResults
Mazda,Demio,2007,Yes,$850,N/A,," Glass Broken, Right Front Damage, Vandalised - Interior, Stolen & Recovered, Selling Registered","Automatic,",5,Petrol,https://manheim.co.nz/damaged-vehicles/000000000007454115/2007-mazda-demio-hatch?referringPage=SearchResults
BMW,116i,2014,No,"$1,450",N/A,," Left Front Damage, Airbags Deployed, Structural Damage, Selling De-Registered","Automatic,",5,Petrol,https://manheim.co.nz/damaged-vehicles/000000000007454132/2014-bmw-116i-hatch?referringPage=SearchResults
Ford,Courier XLT Wellside,2004,No,$850,N/A,," Front Damage, Left Front Damage, Right Front Damage, Structural Damage, Selling De-Registered","Automatic,",4,Petrol,https://manheim.co.nz/damaged-vehicles/000000000007444134/2004-ford-courier-xlt-wellside-utility?referringPage=SearchResults
Nissan,Vanette,2008,Yes,"$1,300",N/A,," Right Front Damage, Selling Registered","4spd Automatic,",3,Petrol,https://manheim.co.nz/damaged-vehicles/000000000007444141/2008-nissan-vanette-van?referringPage=SearchResults
BAILEY,Pageant,2002,No,$0,N/A,0," Rear Damage, Underbody Damage",N/A,N/A,N/A,https://manheim.co.nz/damaged-vehicles/000000000007444143/2002-bailey-pageant-caravan?referringPage=SearchResults
Nissan,Note,2020,No,"$1,400",N/A,," Rear Damage, Structural Damage, Selling De-Registered","Automatic,",5,Hybrid,https://manheim.co.nz/damaged-vehicles/000000000007454148/2020-nissan-note-hybrid-hatch?referringPage=SearchResults
Toyota,Aqua,2013,No,$850,N/A,," Right Rear Damage, Structural Damage, Selling De-Registered","Automatic,",5,Hybrid,https://manheim.co.nz/damaged-vehicles/000000000007454157/2013-toyota-aqua-1-5l-petrol-hybrid-hatch?referringPage=SearchResults
BMW,325i Saloon,2010,Yes,"$1,100",N/A,," Front Damage, Rear Damage, Selling Registered","Automatic,",4,Petrol,https://manheim.co.nz/damaged-vehicles/000000000007454166/2010-bmw-325i-saloon-sedan?referringPage=SearchResults
Mazda,Demio,2009,Yes,"$2,300","123,726",," Ignition Damage, Right Rear Damage, Stolen & Recovered, Selling Registered","Automatic,",5,Petrol,https://manheim.co.nz/damaged-vehicles/000000000007454177/2009-mazda-demio-hatch?referringPage=SearchResults
Mitsubishi,Lancer,1997,Yes,$400,N/A,," Front Damage, Interior Damage, Right Side Damage, Vandalised - Interior, Selling Registered","Automatic,",5,Petrol,https://manheim.co.nz/damaged-vehicles/000000000007454193/1997-mitsubishi-lancer-mx-touring-sedan?referringPage=SearchResults
Suzuki,Swift,2008,No,$0,"175,372",," Right Rear Damage, Right Side Damage, Structural Damage, Selling De-Registered","Automatic,",5,Petrol,https://manheim.co.nz/damaged-vehicles/000000000007444196/2008-suzuki-swift-hatch?referringPage=SearchResults
Mercedes-Benz,C200,2014,No,N/A,N/A,," Front Damage, Airbags Deployed, Structural Damage, Selling De-Registered","Automatic,",5,Petrol,https://manheim.co.nz/damaged-vehicles/000000000007454204/2014-mercedes-benz-c200-sedan?referringPage=SearchResults
Suzuki,Swift,2005,No,$600,N/A,," Left Front Damage, Structural Damage, Suspension Damage, Selling De-Registered",N/A,5,Petrol,https://manheim.co.nz/damaged-vehicles/000000000007454209/2005-suzuki-swift-hatch?referringPage=SearchResults
Toyota,Cynos,1997,Yes,$600,"186,403",," Left Side Damage, Selling Registered",N/A,5,Petrol,https://manheim.co.nz/damaged-vehicles/000000000007454211/1997-toyota-cynos-juno-sedan?referringPage=SearchResults
Mitsubishi,Outlander,2009,No,$500,"190,751",," Front Damage, Left Rear Damage, Roof Damage, Structural Damage, Suspension Damage, Selling De-Registered","Automatic,",7,Petrol,https://manheim.co.nz/damaged-vehicles/000000000007454212/2009-mitsubishi-outlander-2-4-xls-station-wagon?referringPage=SearchResults
Toyota,Corolla,2014,No,"$1,550",N/A,," Left Rear Damage, Vandalised - Interior, Structural Damage, Stolen & Recovered, Selling De-Registered","Automatic,",5,Hybrid,https://manheim.co.nz/damaged-vehicles/000000000007454224/2014-toyota-corolla-axio-sedan?referringPage=SearchResults
Toyota,Aqua,2013,No,$700,"145,929",," Front Damage, Left Side Damage, Structural Damage, Selling De-Registered","Automatic,",5,Hybrid,https://manheim.co.nz/damaged-vehicles/000000000007454228/2013-toyota-aqua-hybrid-hatch?referringPage=SearchResults
Mazda,CX-7,2009,No,$850,N/A,," Front Damage, Structural Damage, Selling De-Registered","Automatic,",5,Petrol,https://manheim.co.nz/damaged-vehicles/000000000007454230/2009-mazda-cx-7-station-wagon?referringPage=SearchResults
Toyota,Belta,2006,No,$800,N/A,," Interior Damage, Left Rear Damage, Left Side Damage, Vandalised - Interior, Stolen & Recovered, Selling De-Registered","Automatic,",5,Petrol,https://manheim.co.nz/damaged-vehicles/000000000007454234/2006-toyota-belta-hatch?referringPage=SearchResults
Honda,fit,2006,No,$600,"268,189",," Left Front Damage, Left Rear Damage, Structural Damage, Suspension Damage, Selling De-Registered","Automatic,",5,Petrol,https://manheim.co.nz/damaged-vehicles/000000000007454242/2006-honda-fit-hatch?referringPage=SearchResults
Toyota,Corolla,2004,No,$850,N/A,," Left Front Damage, Structural Damage, Selling De-Registered",N/A,5,Petrol,https://manheim.co.nz/damaged-vehicles/000000000007454246/2004-toyota-corolla-1-8p-gl-hatch5-4a-hatch?referringPage=SearchResults
Kawasaki,EN,2025,No,"$1,450",N/A,, Selling De-Registered,"Manual,",N/A,Petrol,https://manheim.co.nz/damaged-vehicles/000000000007444303/2025-kawasaki-en-650d-lams-motorcycle?referringPage=SearchResults
Nissan,Micra,2014,No,$500,N/A,," Left Side Damage, Right Front Damage, Structural Damage, Selling De-Registered","Automatic,",5,Petrol,https://manheim.co.nz/damaged-vehicles/000000000007454316/2014-nissan-micra-st-l-hatch?referringPage=SearchResults
Ford,Falcon,2010,No,$0,"85,000",," Left Front Damage, Left Rear Damage, Left Side Damage, Roof Damage, Right Front Damage, Right Rear Damage, Dismantled - Entire Vehicle, Selling De-Registered","Automatic,",5,Petrol,https://manheim.co.nz/damaged-vehicles/000000000007414346/2010-ford-falcon-fg-xr6-sedan-a-sedan?referringPage=SearchResults
Toyota,IST,2005,No,$500,"192,362",," Front Damage, Left Front Damage, Right Side Damage, Structural Damage, Selling De-Registered","Automatic,",5,Petrol,https://manheim.co.nz/damaged-vehicles/000000000007454363/2005-toyota-ist-hatch?referringPage=SearchResults
Suzuki,Swift,2011,No,$600,"210,540",," Front Damage, Rear Damage, Structural Damage, Selling De-Registered",N/A,5,Petrol,https://manheim.co.nz/damaged-vehicles/000000000007454385/2011-suzuki-swift-hatch?referringPage=SearchResults
Mazda,Familia,1999,Yes,$600,"271,740",," Ignition Damage, Stolen & Recovered, Selling Registered",N/A,5,Petrol,https://manheim.co.nz/damaged-vehicles/000000000007454390/1999-mazda-familia-station-wagon?referringPage=SearchResults
Nissan,X-trail,2008,No,$500,N/A,," Right Rear Damage, Structural Damage, Selling De-Registered","Automatic,",5,Petrol,https://manheim.co.nz/damaged-vehicles/000000000007454399/2008-nissan-x-trail-station-wagon?referringPage=SearchResults
Mazda,Atenza,2010,No,$500,"168,091",," Right Front Damage, Structural Damage, Selling De-Registered",N/A,5,Petrol,https://manheim.co.nz/damaged-vehicles/000000000007454411/2010-mazda-atenza-sedan?referringPage=SearchResults
Mazda,Demio,2005,Yes,"$1,050","153,310",," Rear Damage, Selling Registered",N/A,5,Petrol,https://manheim.co.nz/damaged-vehicles/000000000007454418/2005-mazda-demio-hatch?referringPage=SearchResults
Nissan,Tiida,2010,No,$500,"162,709",," Chassis Damage, Left Front Damage, Left Side Damage, Rear Damage, Structural Damage, Selling De-Registered","Automatic,",5,Petrol,https://manheim.co.nz/damaged-vehicles/000000000007454425/2010-nissan-tiida-hatch?referringPage=SearchResults
Toyota,Hiace,2007,No,N/A,"387,755",," Left Side Damage, Right Rear Damage, Structural Damage, Selling De-Registered","Automatic,",2,Petrol,https://manheim.co.nz/damaged-vehicles/000000000007454436/2007-toyota-hiace-van?referringPage=SearchResults
Honda,Vezel,2014,No,N/A,"67,167",," Chassis Damage, Rear Damage, Right Rear Damage, Structural Damage, Selling De-Registered","Automatic,",5,Hybrid,https://manheim.co.nz/damaged-vehicles/000000000007454438/2014-honda-vezel-station-wagon?referringPage=SearchResults
Mitsubishi,Triton,2017,No,N/A,"155,483",," Airbags Deployed, Front Damage, Interior Damage, Structural Damage, Selling De-Registered",N/A,5,Diesel,https://manheim.co.nz/damaged-vehicles/000000000007454446/2017-mitsubishi-triton-d-cab-glxr-2-4d-6mt-dual-cab-utility?referringPage=SearchResults
Nissan,X-trail,2010,No,$600,"214,627",," Rear Damage, Structural Damage, Selling De-Registered","5spd Automatic,",5,Petrol,https://manheim.co.nz/damaged-vehicles/000000000007454454/2010-nissan-x-trail-station-wagon?referringPage=SearchResults
Mitsubishi,Outlander,2014,No,"$1,400",N/A,," Rear Damage, Structural Damage, Selling De-Registered","Automatic,",5,Hybrid,https://manheim.co.nz/damaged-vehicles/000000000007434450/2014-mitsubishi-outlander-phev-station-wagon?referringPage=SearchResults
Suzuki,Kizashi,2010,No,$800,"188,348",," Front Damage, Rear Damage, Structural Damage, Selling De-Registered","Automatic,",5,Petrol,https://manheim.co.nz/damaged-vehicles/000000000007454465/2010-suzuki-kizashi-glx-2-4-4dr-sedan?referringPage=SearchResults
Mazda,Axela,2011,No,$750,N/A,," Left Side Damage, Right Side Damage, Structural Damage, Selling De-Registered","Automatic,",5,Petrol,https://manheim.co.nz/damaged-vehicles/000000000007454471/2011-mazda-axela-sedan?referringPage=SearchResults
Toyota,Prius,2014,No,"$1,400",N/A,," Front Damage, Rear Damage, Structural Damage, Selling De-Registered","Automatic,",5,Hybrid,https://manheim.co.nz/damaged-vehicles/000000000007454476/2014-toyota-prius-hatch?referringPage=SearchResults
Nissan,Terrano,1996,No,$600,N/A,," Glass Broken, Interior Damage, Left Front Damage, Stolen & Recovered, Water Damage, Selling De-Registered","Automatic,",5,Diesel,https://manheim.co.nz/damaged-vehicles/000000000007454481/1996-nissan-terrano-r3mr-station-wagon?referringPage=SearchResults
Nissan,March,2005,No,$300,"160,365",," Ignition Damage, Left Side Damage, Stolen & Recovered, Selling De-Registered",N/A,5,Petrol,https://manheim.co.nz/damaged-vehicles/000000000007454490/2005-nissan-march-hatch?referringPage=SearchResults
Honda,Cr-z,2010,No,$850,N/A,," Left Rear Damage, Left Side Damage, Structural Damage, Suspension Damage, Selling De-Registered","Automatic,",4,Hybrid,https://manheim.co.nz/damaged-vehicles/000000000007454505/2010-honda-cr-z-hatch?referringPage=SearchResults
Toyota,RAV4,2022,No,N/A,"42,004",," Chassis Damage, Rear Damage, Right Rear Damage, Structural Damage, Selling De-Registered","CVT,",5,Hybrid,https://manheim.co.nz/damaged-vehicles/000000000007454506/2022-toyota-rav4-limited-2-5ph-4wd-h-station-wagon?referringPage=SearchResults
Toyota,Aqua,2017,No,$0,N/A,," Front Damage, Right Rear Damage, Structural Damage, Selling De-Registered","CVT,",5,Hybrid,https://manheim.co.nz/damaged-vehicles/000000000007444500/2017-toyota-aqua-hatch?referringPage=SearchResults
Holden,UTE,2004,No,$0,N/A,," Left Front Damage, Right Front Damage, Vandalised - Interior, Selling De-Registered","Automatic,",2,Petrol,https://manheim.co.nz/damaged-vehicles/000000000007444517/2004-holden-ute-s-v8-utility?referringPage=SearchResults
Suzuki,Swift,2014,No,$600,N/A,," Right Side Damage, Structural Damage, Selling De-Registered",N/A,5,Petrol,https://manheim.co.nz/damaged-vehicles/000000000007454518/2014-suzuki-swift-hatch?referringPage=SearchResults
Nissan,March,2004,No,$300,N/A,," Front Damage, Structural Damage, Selling De-Registered","Automatic,",5,Petrol,https://manheim.co.nz/damaged-vehicles/000000000007454520/2004-nissan-march-1200-hatch?referringPage=SearchResults
Holden,Cruze,2015,No,$500,"127,721",," Right Rear Damage, Structural Damage, Selling De-Registered","4spd,",5,Petrol,https://manheim.co.nz/damaged-vehicles/000000000007454525/2015-holden-cruze-equipe-sdn-1-8-at-sedan?referringPage=SearchResults
Honda,fit,2005,No,$600,N/A,," Front Damage, Structural Damage, Selling De-Registered","Automatic,",5,Petrol,https://manheim.co.nz/damaged-vehicles/000000000007454529/2005-honda-fit-hatch?referringPage=SearchResults
Toyota,Blade,2007,No,$500,"242,235",," Left Side Damage, Structural Damage, Selling De-Registered","5spd Automatic,",5,Petrol,https://manheim.co.nz/damaged-vehicles/000000000007454536/2007-toyota-blade-hatch?referringPage=SearchResults
Ford,Falcon,2002,No,$0,N/A,," Left Front Damage, Left Rear Damage, Right Front Damage, Right Rear Damage, Selling De-Registered","Automatic,",5,Petrol,https://manheim.co.nz/damaged-vehicles/000000000007444538/2002-ford-falcon-auiii-xr6-4fa-sedan?referringPage=SearchResults
Ford,Falcon,2014,No,"$2,250","149,584",," Chassis Damage, Rear Damage, Structural Damage, Selling De-Registered","Automatic,",5,Petrol,https://manheim.co.nz/damaged-vehicles/000000000007454543/2014-ford-falcon-fg2-xr6-sedan-a-sedan?referringPage=SearchResults
Nissan,Fairlady,2007,No,"$1,300",N/A,," Front Damage, Left Side Damage, Structural Damage, Selling De-Registered","Automatic,",2,Petrol,https://manheim.co.nz/damaged-vehicles/000000000007454545/2007-nissan-fairlady-z-coup%C3%A9?referringPage=SearchResults
Nissan,Tiida,2008,No,$600,N/A,," Vandalised - Entire Vehicle, Structural Damage, Stolen & Recovered, Selling De-Registered",N/A,5,Petrol,https://manheim.co.nz/damaged-vehicles/000000000007454546/2008-nissan-tiida-hatch?referringPage=SearchResults
Holden,Commodore,2003,No,$900,"103,761",," Left Front Damage, Left Side Damage, Right Side Damage, Airbags Deployed, Selling De-Registered","CVT,",5,Petrol,https://manheim.co.nz/damaged-vehicles/000000000007454556/2003-holden-commodore-calais-v6-sedan?referringPage=SearchResults
Ford,Falcon,1999,Yes,$600,N/A,," Left Rear Damage, Roof Damage, Right Rear Damage, Dismantled - Interior, Selling Registered","Automatic,",5,Petrol,https://manheim.co.nz/damaged-vehicles/000000000007444561/1999-ford-falcon-au-xr6-vct-a-sedan?referringPage=SearchResults
Hyundai,I30,2023,No,N/A,"78,884",," Water Damage, Selling De-Registered","Automatic,",5,Petrol,https://manheim.co.nz/damaged-vehicles/000000000007444565/2023-hyundai-i30-2-0-gdi-active-seri-hatch?referringPage=SearchResults
Lexus,ES300,2005,No,$850,N/A,," Left Front Damage, Structural Damage, Selling De-Registered","Automatic,",5,Petrol,https://manheim.co.nz/damaged-vehicles/000000000007454574/2005-lexus-es300-3-0p-sedan-5a-sedan?referringPage=SearchResults
Toyota,Caldina,1998,No,$750,"224,948",," Left Side Damage, Structural Damage, Selling De-Registered","Manual,",5,Petrol,https://manheim.co.nz/damaged-vehicles/000000000007454584/1998-toyota-caldina-2wd-e-station-wagon?referringPage=SearchResults
FACTORY BUILT,Tuatara E,2025,No,"$4,500",N/A,," Water Damage, Selling De-Registered",N/A,N/A,Electric,https://manheim.co.nz/damaged-vehicles/000000000007444581/2025-factory-built-tuatara-e-motorcycle?referringPage=SearchResults
Mazda,Demio,2004,No,$0,N/A,," Structural Damage, Stolen & Recovered, Selling De-Registered","Automatic,",5,Petrol,https://manheim.co.nz/damaged-vehicles/000000000007444585/2004-mazda-demio-hatch?referringPage=SearchResults
Ford,Escape,2008,No,$100,N/A,," Structural Damage, Water Damage, Selling De-Registered",N/A,5,Petrol,https://manheim.co.nz/damaged-vehicles/000000000007444587/2008-ford-escape-station-wagon?referringPage=SearchResults
Ford,Falcon,2003,No,$800,N/A,," Left Front Damage, Left Rear Damage, Roof Damage, Right Front Damage, Right Rear Damage, Selling De-Registered","Automatic,",5,Petrol,https://manheim.co.nz/damaged-vehicles/000000000007444606/2003-ford-falcon-ba-falcon-xt-fa-sedan?referringPage=SearchResults
Nissan,Maxima,2003,No,$100,N/A,," Glass Broken, Left Side Damage, Right Side Damage, Structural Damage, Selling De-Registered","Automatic,",5,Petrol,https://manheim.co.nz/damaged-vehicles/000000000007444609/2003-nissan-maxima-sedan?referringPage=SearchResults
Mitsubishi,Mirage,2019,No,$500,"78,199",," Front Damage, Left Front Damage, Left Side Damage, Right Front Damage, Right Side Damage, Structural Damage, Selling De-Registered","Automatic,",5,Petrol,https://manheim.co.nz/damaged-vehicles/000000000007444619/2019-mitsubishi-mirage-hatch?referringPage=SearchResults
Toyota,Corolla,2016,No,"$1,400","140,810",," Engine Damage, Front Damage, Ignition Damage, Left Front Damage, Left Side Damage, Right Front Damage, Vandalised - Interior, Structural Damage, Stolen & Recovered, Selling De-Registered","Automatic,",5,Petrol,https://manheim.co.nz/damaged-vehicles/000000000007454610/2016-toyota-corolla-fielder-station-wagon?referringPage=SearchResults
Alfa Romeo,Mito,2009,Yes,$175,"215,031",," Front Damage, Selling Registered","6spd Manual,",5,Petrol,https://manheim.co.nz/damaged-vehicles/000000000007454617/2009-alfa-romeo-mito-1-4-tb-3dr-6sp-hatch?referringPage=SearchResults
Holden,VX Commodore,2001,No,"$3,200",N/A,," Left Front Damage, Left Rear Damage, Right Front Damage, Airbags Deployed, Selling De-Registered","Automatic,",5,Petrol,https://manheim.co.nz/damaged-vehicles/000000000007444621/2001-holden-vx-commodore-5-7-berlina-wagon-a-station-wagon?referringPage=SearchResults
Holden,Calais,2003,No,$650,"246,980",," Front Damage, Right Rear Damage, Structural Damage, Selling De-Registered","Automatic,",5,Petrol,https://manheim.co.nz/damaged-vehicles/000000000007444655/2003-holden-calais-sedan?referringPage=SearchResults
Ford,Kuga,2014,No,$200,1,," Engine Damage, Engine Failure, Interior Damage, Structural Damage, Water Damage, Selling De-Registered","Automatic,",5,Petrol,https://manheim.co.nz/damaged-vehicles/000000000007444661/2014-ford-kuga-titanim-station-wagon?referringPage=SearchResults
Mazda,Premacy,2013,No,$400,N/A,," Structural Damage, Selling De-Registered",N/A,7,Petrol,https://manheim.co.nz/damaged-vehicles/000000000007444697/2013-mazda-premacy-station-wagon?referringPage=SearchResults
Toyota,Vitz,2002,No,$700,"134,160",," Front Damage, Right Front Damage, Structural Damage, Selling De-Registered","Automatic,",5,Petrol,https://manheim.co.nz/damaged-vehicles/000000000007454709/2002-toyota-vitz-hatch?referringPage=SearchResults
Mitsubishi,ASX,2015,No,N/A,"107,916",,N/A,"Automatic,",5,Petrol,https://manheim.co.nz/damaged-vehicles/000000000007454716/2015-mitsubishi-asx-xls-2-0p-cvt-sw-5dr-4d-station-wagon?referringPage=SearchResults
Kia,Cerato,2014,No,$850,"91,310",," Right Side Damage, Structural Damage, Selling De-Registered","5spd Automatic,",5,Petrol,https://manheim.co.nz/damaged-vehicles/000000000007454734/2014-kia-cerato-sx-1-8p6a-ha5d5s-hatch?referringPage=SearchResults
Toyota,Prius,2014,No,$500,"94,210",," Structural Damage, Selling De-Registered","5spd,",5,Hybrid,https://manheim.co.nz/damaged-vehicles/000000000007434825/2014-toyota-prius-hatch?referringPage=SearchResults
Mazda,CX-5,2013,No,$500,"207,848",," Engine Damage, Structural Damage, Water Damage, Selling De-Registered",N/A,5,Diesel,https://manheim.co.nz/damaged-vehicles/000000000007444876/2013-mazda-cx-5-station-wagon?referringPage=SearchResults
Mazda,Axela,2006,No,$600,"266,977",," Left Front Damage, Structural Damage, Selling De-Registered","Automatic,",5,Petrol,https://manheim.co.nz/damaged-vehicles/000000000007444916/2006-mazda-axela-hatch?referringPage=SearchResults
Mazda,CX-5,2016,No,"$1,300","150,021",," Front Damage, Has Key, Left Front Damage, Left Side Damage, Rear Damage, Structural Damage, Under Body Damage, Selling De-Registered","Automatic,",5,Diesel,https://manheim.co.nz/damaged-vehicles/000000000007444923/2016-mazda-cx-5-station-wagon?referringPage=SearchResults
Subaru,Legacy,2001,No,$100,"304,244",," Left Side Damage, Roof Damage, Structural Damage, Selling De-Registered","Automatic,",5,Petrol,https://manheim.co.nz/damaged-vehicles/000000000007445016/2001-subaru-legacy-station-wagon?referringPage=SearchResults
FORZA,Capri LX Motorcycle,2020,No,$200,"3,165",," Front Damage, Structural Damage, Stolen & Recovered, Selling De-Registered","Automatic,",N/A,Petrol,https://manheim.co.nz/damaged-vehicles/000000000007435030/2020-forza-capri-lx-motorcycle-motorcycle?referringPage=SearchResults
Holden,Commodore,2006,No,$0,"189,888",," Left Front Damage, Right Front Damage, Selling De-Registered","Automatic,",5,Petrol,https://manheim.co.nz/damaged-vehicles/000000000007435033/2006-holden-commodore-omega-sedan-auto-sedan?referringPage=SearchResults
Holden,VY Commodore,2004,No,$800,N/A,," Left Front Damage, Left Rear Damage, Right Front Damage, Right Rear Damage, Selling De-Registered","Automatic,",5,Petrol,https://manheim.co.nz/damaged-vehicles/000000000007435040/2004-holden-vy-commodore-s-v6-auto-sedan?referringPage=SearchResults
KTM,1390,2024,No,"$7,100",N/A,," Left Front Damage, Left Side Damage, Structural Damage, Selling De-Registered","Automatic,",N/A,Petrol,https://manheim.co.nz/damaged-vehicles/000000000007445048/2024-ktm-1390-superduke-r-motorcycle?referringPage=SearchResults
Holden,Astra,1997,No,$0,N/A,," Left Front Damage, Left Rear Damage, Roof Damage, Right Front Damage, Right Rear Damage, Selling De-Registered","5spd Manual,",5,Petrol,https://manheim.co.nz/damaged-vehicles/000000000007435056/1997-holden-astra-1-6l-gl-hatch?referringPage=SearchResults
Holden,VX Commodore,2003,No,$600,N/A,," Left Front Damage, Left Rear Damage, Right Front Damage, Right Rear Damage, Selling De-Registered","Automatic,",5,Petrol,https://manheim.co.nz/damaged-vehicles/000000000007435069/2003-holden-vx-commodore-lumina-sedan-v6-aut-sedan?referringPage=SearchResults
Ford,Focus,2009,Yes,$600,"243,569",," Ignition Damage, Selling Registered","Automatic,",5,Petrol,https://manheim.co.nz/damaged-vehicles/000000000007435072/2009-ford-focus-1-6-a-hatch-hatch?referringPage=SearchResults
Honda,Vezel,2015,No,"$4,600",N/A,," Rear Damage, Structural Damage, Selling De-Registered","Automatic,",5,Hybrid,https://manheim.co.nz/damaged-vehicles/000000000007445088/2015-honda-vezel-hybrid-hatch?referringPage=SearchResults
Honda,Stream,2005,No,$400,"139,690",," Left Front Damage, Structural Damage, Selling De-Registered","Automatic,",7,Petrol,https://manheim.co.nz/damaged-vehicles/000000000007445097/2005-honda-stream-station-wagon?referringPage=SearchResults
BMW,320i,2000,No,$600,"239,428",," Front Damage, Glass Broken, Left Front Damage, Left Rear Damage, Rear Damage, Roof Damage, Right Front Damage, Right Rear Damage, Selling De-Registered","Automatic,",5,Petrol,https://manheim.co.nz/damaged-vehicles/000000000007445102/2000-bmw-320i-sedan?referringPage=SearchResults
Nissan,Leaf,2014,No,$850,"120,241",," Left Side Damage, Right Side Damage, Structural Damage, Selling De-Registered","Automatic, Drive Type, Front Wheel Drive, Fuel Type, Electri",5,Electric,https://manheim.co.nz/damaged-vehicles/000000000007425100/2014-nissan-leaf-hatch?referringPage=SearchResults
LITEWEIGHT,450se,1979,No,$0,N/A,0," Rear Damage, Selling De-Registered",N/A,N/A,N/A,https://manheim.co.nz/damaged-vehicles/000000000007455127/1979-liteweight-450se-caravan?referringPage=SearchResults
Toyota,Corolla,2007,No,$850,"219,396",," Left Side Damage, Right Front Damage, Structural Damage, Selling De-Registered","4spd Automatic,",5,Petrol,https://manheim.co.nz/damaged-vehicles/000000000007455145/2007-toyota-corolla-1-8p-gx-sedan-4-4a-sedan?referringPage=SearchResults
Nissan,Skyline,2008,No,"$1,750",N/A,," Front Damage, Structural Damage, Selling De-Registered",N/A,4,Petrol,https://manheim.co.nz/damaged-vehicles/000000000007435182/2008-nissan-skyline-coupe-coup%C3%A9?referringPage=SearchResults
Mitsubishi,Outlander,2013,No,"$1,400",N/A,," Left Rear Damage, Rear Damage, Right Rear Damage, Structural Damage, Selling De-Registered","Automatic,",5,Hybrid,https://manheim.co.nz/damaged-vehicles/000000000007445227/2013-mitsubishi-outlander-phev-station-wagon?referringPage=SearchResults
KTM,390 Duke 399p,2023,No,$500,"14,916",," Rear Damage, Structural Damage, Selling De-Registered","Automatic,",N/A,Petrol,https://manheim.co.nz/damaged-vehicles/000000000007395263/2023-ktm-390-duke-399p-motorcycle?referringPage=SearchResults
Ford,Falcon,2004,No,$850,N/A,," Left Front Damage, Roof Damage, Right Front Damage, Right Rear Damage, Selling De-Registered","Automatic,",5,Petrol,https://manheim.co.nz/damaged-vehicles/000000000007445279/2004-ford-falcon-ba-falcon-xr6-a-sedan?referringPage=SearchResults
Mazda,CX-30,2024,No,N/A,"25,819",," Airbags Deployed, Right Rear Damage, Right Side Damage, Structural Damage, Selling De-Registered","Automatic,",5,Petrol,https://manheim.co.nz/damaged-vehicles/000000000007445299/2024-mazda-cx-30-station-wagon?referringPage=SearchResults
Ford,Escape,2003,Yes,$750,"123,606",, Selling Registered,"4spd Automatic,",5,Petrol,https://manheim.co.nz/damaged-vehicles/000000000007455296/2003-ford-escape-xlt-v6-auto-station-wagon?referringPage=SearchResults
Suzuki,Swift,2006,No,$575,"268,712",," Front Damage, Structural Damage, Selling De-Registered","4spd Automatic,",5,Petrol,https://manheim.co.nz/damaged-vehicles/000000000007445333/2006-suzuki-swift-hatch?referringPage=SearchResults
Holden,Vectra,2003,Yes,$700,"85,996",," Right Front Damage, Selling Registered","7spd Automatic,",5,Petrol,https://manheim.co.nz/damaged-vehicles/000000000007445361/2003-holden-vectra-cd-sedan-auto-sedan?referringPage=SearchResults
Mazda,Familia,2006,No,$500,N/A,," Left Front Damage, Left Rear Damage, Roof Damage, Right Front Damage, Rolled, Right Rear Damage, Structural Damage, Stolen & Recovered, Selling De-Registered","5spd Manual,",5,Petrol,https://manheim.co.nz/damaged-vehicles/000000000007445397/2006-mazda-familia-station-wagon?referringPage=SearchResults
Toyota,Camry,2002,No,$500,N/A,," Front Damage, Selling De-Registered",N/A,5,Petrol,https://manheim.co.nz/damaged-vehicles/000000000007445399/2002-toyota-camry-2-2p-gl-sedan-4a-sedan?referringPage=SearchResults
Mazda,Verisa,2010,No,$600,"152,705",," Right Front Damage, Right Rear Damage, Right Side Damage, Structural Damage, Selling De-Registered","Automatic,",5,Petrol,https://manheim.co.nz/damaged-vehicles/000000000007445405/2010-mazda-verisa-hatch?referringPage=SearchResults
Mazda,323,1996,No,$600,"137,776",," Left Front Damage, Right Side Damage, Selling De-Registered","4spd Automatic,",5,Petrol,https://manheim.co.nz/damaged-vehicles/000000000007455421/1996-mazda-323-sedan-gxei-1-8-auto-sedan?referringPage=SearchResults
Honda,Jazz,2017,No,"$1,400","60,089",," Front Damage, Left Front Damage, Left Rear Damage, Left Side Damage, Right Front Damage, Structural Damage, Selling De-Registered","Automatic,",5,Petrol,https://manheim.co.nz/damaged-vehicles/000000000007445449/2017-honda-jazz-rs-1-5p-cvt-hatch?referringPage=SearchResults
Nissan,Bluebird,2006,No,$500,"155,760",," Front Damage, Left Front Damage, Left Rear Damage, Right Front Damage, Right Rear Damage, Selling De-Registered","Automatic,",5,Petrol,https://manheim.co.nz/damaged-vehicles/000000000007445468/2006-nissan-bluebird-sylphy-sedan?referringPage=SearchResults
Ford,Ranger,2017,No,N/A,"168,125",," Chassis Damage, Rear Damage, Structural Damage, Selling De-Registered","Automatic,",5,Diesel,https://manheim.co.nz/damaged-vehicles/000000000007445471/2017-ford-ranger-xl-double-cab-w-s-a-dual-cab-chassis?referringPage=SearchResults
Toyota,Prius C,2017,No,"$1,400","322,841",," Front Damage, Structural Damage, Selling De-Registered","Automatic,",5,Hybrid,https://manheim.co.nz/damaged-vehicles/000000000007445476/2017-toyota-prius-c-gx-1-5ph-cvt-ha-4dr-hatch?referringPage=SearchResults
Holden,Barina Spark,2015,No,$0,"17,461",, Selling De-Registered,"Automatic,",5,Petrol,https://manheim.co.nz/damaged-vehicles/000000000007435488/2015-holden-barina-spark-cd-1-2p-4at-ha-4dr--hatch?referringPage=SearchResults
Honda,fit,2015,No,"$1,300",N/A,," Front Damage, Structural Damage, Selling De-Registered",N/A,5,Hybrid,https://manheim.co.nz/damaged-vehicles/000000000007445516/2015-honda-fit-hybrid-hatch?referringPage=SearchResults
Suzuki,GW250,2015,No,$400,"52,328",," Front Damage, Stolen & Recovered, Selling De-Registered","Automatic,",N/A,Petrol,https://manheim.co.nz/damaged-vehicles/000000000007395553/2015-suzuki-gw250-inazuma-lam-motorcycle?referringPage=SearchResults
Toyota,Aqua,2017,No,$0,"118,630",," Glass Broken, Rear Damage, Right Rear Damage, Structural Damage, Selling De-Registered",N/A,5,Hybrid,https://manheim.co.nz/damaged-vehicles/000000000007435645/2017-toyota-aqua-hatch?referringPage=SearchResults
Holden,Colorado,2012,No,"$1,450","264,539",," Chassis Damage, Front Damage, Structural Damage, Selling De-Registered",N/A,5,Diesel,https://manheim.co.nz/damaged-vehicles/000000000007425726/2012-holden-colorado-4x2-lt-dc-pu-2-8-mt-dual-cab-utility?referringPage=SearchResults
Suzuki,VZ1500,2009,No,$500,N/A,," Stolen & Recovered, Selling De-Registered",N/A,N/A,Petrol,https://manheim.co.nz/damaged-vehicles/000000000007435772/2009-suzuki-vz1500-boulevard-m90-motorcycle?referringPage=SearchResults
Suzuki,GN125H,2009,No,$125,"20,780",," Rear Damage, Structural Damage, Selling De-Registered","5spd Manual,",N/A,Petrol,https://manheim.co.nz/damaged-vehicles/000000000007445779/2009-suzuki-gn125h-motorcycle?referringPage=SearchResults
Suzuki,Solio,2014,No,$850,"93,873",," Front Damage, Left Front Damage, Left Rear Damage, Rear Damage, Right Front Damage, Right Rear Damage, Structural Damage, Selling De-Registered","Automatic,",5,Petrol,https://manheim.co.nz/damaged-vehicles/000000000007445804/2014-suzuki-solio-hatch?referringPage=SearchResults
Ford,Mondeo,2015,No,$0,N/A,," Left Front Damage, Right Front Damage, Airbags Deployed, Selling De-Registered","Automatic,",5,Petrol,https://manheim.co.nz/damaged-vehicles/000000000007445807/2015-ford-mondeo-ambiente-5dr-petrol-hatch?referringPage=SearchResults
Holden,Barina,2017,No,$600,N/A,," Left Front Damage, Selling De-Registered","Automatic,",5,Petrol,https://manheim.co.nz/damaged-vehicles/000000000007445810/2017-holden-barina-lt-1-6p-6at-hatch?referringPage=SearchResults
Toyota,Aqua,2017,No,$900,"188,432",," Left Side Damage, Structural Damage, Selling De-Registered",N/A,5,Hybrid,https://manheim.co.nz/damaged-vehicles/000000000007445819/2017-toyota-aqua-hatch?referringPage=SearchResults
Ford,Kuga,2014,No,"$1,300",N/A,," Right Front Damage, Right Rear Damage, Selling De-Registered","Automatic,",5,Petrol,https://manheim.co.nz/damaged-vehicles/000000000007445822/2014-ford-kuga-awd-1-6p-ecoboost-a-station-wagon?referringPage=SearchResults
Nissan,Vanette,2004,No,$500,N/A,," Left Front Damage, Roof Damage, Right Front Damage, Structural Damage, Selling De-Registered","5spd Manual,",3,Petrol,https://manheim.co.nz/damaged-vehicles/000000000007445826/2004-nissan-vanette-van?referringPage=SearchResults
Holden,Trax,2014,No,$0,N/A,," Left Front Damage, Right Front Damage, Right Rear Damage, Airbags Deployed, Selling De-Registered","Automatic,",5,Petrol,https://manheim.co.nz/damaged-vehicles/000000000007445839/2014-holden-trax-ltz-1-8p-6at-sw-4dr-station-wagon?referringPage=SearchResults
Toyota,Blade,2007,No,N/A,"143,492",,N/A,"Automatic,",5,Petrol,https://manheim.co.nz/damaged-vehicles/000000000007445844/2007-toyota-blade-hatch?referringPage=SearchResults
Subaru,Legacy,1997,No,$100,N/A,," Rear Damage, Dismantled - Entire Vehicle, Structural Damage, Stolen & Recovered, Selling De-Registered",N/A,5,Petrol,https://manheim.co.nz/damaged-vehicles/000000000007435846/1997-subaru-legacy-250t-station-wagon?referringPage=SearchResults
Holden,Astra,2007,No,$850,N/A,," Left Rear Damage, Right Rear Damage, Selling De-Registered","Automatic,",4,Petrol,https://manheim.co.nz/damaged-vehicles/000000000007445862/2007-holden-astra-twintop-2-2l-auto-coup%C3%A9?referringPage=SearchResults
Mitsubishi,Colt,2009,No,$400,N/A,," Front Damage, Left Front Damage, Right Front Damage, Structural Damage, Selling De-Registered","Automatic,",5,Petrol,https://manheim.co.nz/damaged-vehicles/000000000007445891/2009-mitsubishi-colt-hatch?referringPage=SearchResults
Toyota,Corolla,2008,No,$850,N/A,," Left Rear Damage, Rear Damage, Right Rear Damage, Structural Damage, Selling De-Registered","Automatic,",5,Petrol,https://manheim.co.nz/damaged-vehicles/000000000007445896/2008-toyota-corolla-sedan?referringPage=SearchResults
MIKASA,MVH408,2022,No,"$2,700",1,, Selling De-Registered,N/A,N/A,N/A,https://manheim.co.nz/damaged-vehicles/000000000007455895/2022-mikasa-mvh408-plate-compactor?referringPage=SearchResults
Nissan,Note,2010,No,$500,"160,824",," Left Front Damage, Structural Damage, Selling De-Registered","4spd Automatic,",5,Petrol,https://manheim.co.nz/damaged-vehicles/000000000007445937/2010-nissan-note-hatch?referringPage=SearchResults
Mitsubishi,Outlander,2007,No,$500,N/A,," Right Side Damage, Structural Damage, Selling De-Registered","Automatic,",7,Petrol,https://manheim.co.nz/damaged-vehicles/000000000007445938/2007-mitsubishi-outlander-station-wagon?referringPage=SearchResults
Indian,Scout,2024,No,"$3,500",N/A,," Left Front Damage, Structural Damage, Selling De-Registered","Manual,",N/A,Petrol,https://manheim.co.nz/damaged-vehicles/000000000007435936/2024-indian-scout-motorcycle?referringPage=SearchResults
Suzuki,GW250Z,2017,No,$500,"30,392",," Structural Damage, Selling De-Registered",N/A,N/A,Petrol,https://manheim.co.nz/damaged-vehicles/000000000007435970/2017-suzuki-gw250z-inazuma-motorcycle?referringPage=SearchResults
Toyota,Aqua,2017,No,$0,N/A,," Front Damage, Airbags Deployed, Structural Damage, Selling De-Registered","Automatic,",5,Hybrid,https://manheim.co.nz/damaged-vehicles/000000000007435973/2017-toyota-aqua-hatch?referringPage=SearchResults
Mitsubishi,RVR,2010,No,$500,N/A,," Front Damage, Structural Damage, Selling De-Registered","4spd Automatic,",5,Petrol,https://manheim.co.nz/damaged-vehicles/000000000007445997/2010-mitsubishi-rvr-station-wagon?referringPage=SearchResults
Toyota,Echo,2000,No,$600,"269,157",," Front Damage, Right Side Damage, Structural Damage, Selling De-Registered",N/A,5,Petrol,https://manheim.co.nz/damaged-vehicles/000000000007446011/2000-toyota-echo-1-3p-hatch3-5m-hatch?referringPage=SearchResults
Toyota,Prius,2013,No,"$1,300","339,850",," Left Rear Damage, Right Rear Damage, Structural Damage, Selling De-Registered","CVT,",5,Hybrid,https://manheim.co.nz/damaged-vehicles/000000000007436068/2013-toyota-prius-sedan?referringPage=SearchResults
BMW,320d,2014,No,"$2,500","73,828",," Right Side Damage, Structural Damage, Selling De-Registered",N/A,5,Diesel,https://manheim.co.nz/damaged-vehicles/000000000007446083/2014-bmw-320d-touring?referringPage=SearchResults
Ford,Focus,2012,No,$800,N/A,, Selling De-Registered,"Automatic,",5,Diesel,https://manheim.co.nz/damaged-vehicles/000000000007446097/2012-ford-focus-trend-2-0-auto-h-ds-hatch?referringPage=SearchResults
Holden,Captiva,2015,No,"$1,300",N/A,," Dismantled - Entire Vehicle, Selling De-Registered","Automatic,",7,Diesel,https://manheim.co.nz/damaged-vehicles/000000000007446123/2015-holden-captiva-7-ltz-2-2d-4wd-6at--station-wagon?referringPage=SearchResults
Toyota,Camry,2014,No,"$1,450","171,036",," Right Front Damage, Structural Damage, Selling De-Registered",N/A,5,Hybrid,https://manheim.co.nz/damaged-vehicles/000000000007446135/2014-toyota-camry-sedan?referringPage=SearchResults
Honda,Stepwagon,2009,No,$750,N/A,," Rear Damage, Structural Damage, Selling De-Registered","Automatic,",8,Petrol,https://manheim.co.nz/damaged-vehicles/000000000007446163/2009-honda-stepwagon-station-wagon?referringPage=SearchResults
Nissan,Tiida,2005,Yes,$850,"228,965",," Glass Broken, Ignition Damage, Stolen & Recovered, Selling Registered","Automatic,",5,Petrol,https://manheim.co.nz/damaged-vehicles/000000000007446170/2005-nissan-tiida-hatch?referringPage=SearchResults
Holden,Spark,2016,No,$0,N/A,," Dismantled - Entire Vehicle, Selling De-Registered","Automatic,",5,Petrol,https://manheim.co.nz/damaged-vehicles/000000000007446205/2016-holden-spark-ls-1-4p-cvt-hatch?referringPage=SearchResults
Audi,TT 3.2 Quattro,2003,No,$100,"121,469",," Engine Failure, Interior Damage, Has Key, Water Damage, Selling De-Registered",N/A,N/A,Petrol,https://manheim.co.nz/damaged-vehicles/000000000007446218/2003-audi-tt-3-2-quattro-coup%C3%A9?referringPage=SearchResults
Ford,Falcon UTE,2005,No,$0,N/A,," Left Front Damage, Left Side Damage, Right Front Damage, Right Side Damage, Selling De-Registered","Automatic,",2,Petrol,https://manheim.co.nz/damaged-vehicles/000000000007446231/2005-ford-falcon-ute-ba-xr6-pick-up-fa-utility?referringPage=SearchResults
MORRIS,1000,1961,No,$850,"81,682",," Front Damage, Structural Damage, Selling De-Registered",N/A,N/A,Petrol,https://manheim.co.nz/damaged-vehicles/000000000007446245/1961-morris-1000-sedan?referringPage=SearchResults
Ford,Courier,1999,Yes,"$1,400",N/A,, Selling Registered,N/A,5,Petrol,https://manheim.co.nz/damaged-vehicles/000000000007446250/1999-ford-courier-xl-crew-cab-svp-utility?referringPage=SearchResults
Toyota,Corolla,2013,No,"$1,300",N/A,," Front Damage, Airbags Deployed, Structural Damage, Selling De-Registered",N/A,5,Petrol,https://manheim.co.nz/damaged-vehicles/000000000007446265/2013-toyota-corolla-gx-1-8p-hatch-cv-hatch?referringPage=SearchResults
Mazda,Demio,2009,Yes,"$1,850","138,570",," Left Side Damage, Selling Registered",N/A,5,Petrol,https://manheim.co.nz/damaged-vehicles/000000000007446282/2009-mazda-demio-hatch?referringPage=SearchResults
Nissan,Skyline,2005,No,"$1,000",N/A,," Front Damage, Left Front Damage, Right Front Damage, Right Rear Damage, Airbags Deployed, Structural Damage, Selling De-Registered","6spd Manual,",4,Petrol,https://manheim.co.nz/damaged-vehicles/000000000007446286/2005-nissan-skyline-hatch?referringPage=SearchResults
CARAVAN,Leisure,2010,No,$0,N/A,0," Right Side Damage, Structural Damage, Selling De-Registered",N/A,N/A,N/A,https://manheim.co.nz/damaged-vehicles/000000000007456319/2010-caravan-leisure-caravan?referringPage=SearchResults
Ford,Ecosport,2014,No,$600,"141,548",," Left Front Damage, Right Front Damage, Selling De-Registered","Automatic,",5,Petrol,https://manheim.co.nz/damaged-vehicles/000000000007386341/2014-ford-ecosport-trend-1-5p-6at-sw-5-station-wagon?referringPage=SearchResults
Toyota,Camry,2015,Yes,"$1,850",N/A,," Front Damage, Stolen & Recovered, Selling Registered","4spd Automatic,",5,Hybrid,https://manheim.co.nz/damaged-vehicles/000000000007396445/2015-toyota-camry-gl-2-5ph-cvt-sl-4dr-sedan?referringPage=SearchResults
Mazda,Axela,2006,No,$500,N/A,," Right Side Damage, Structural Damage, Selling De-Registered",N/A,5,Petrol,https://manheim.co.nz/damaged-vehicles/000000000007446489/2006-mazda-axela-sedan?referringPage=SearchResults
Toyota,Prius,2014,No,"$1,300",N/A,," Rear Damage, Structural Damage, Selling De-Registered",N/A,5,Hybrid,https://manheim.co.nz/damaged-vehicles/000000000007446527/2014-toyota-prius-hatch?referringPage=SearchResults
Jeep,Grand Cherokee,2016,No,N/A,1,," Fire - Entire Vehicle, Structural Damage, Water Damage, Selling De-Registered",N/A,5,Diesel,https://manheim.co.nz/damaged-vehicles/000000000007446544/2016-jeep-grand-cherokee-overland-3-0d4wd8a--station-wagon?referringPage=SearchResults
Toyota,Caldina,2005,No,$500,N/A,," Front Damage, Left Front Damage, Left Rear Damage, Right Front Damage, Right Rear Damage, Vandalised - Interior, Dismantled - Interior, Structural Damage, Stolen & Recovered, Selling De-Registered","Automatic,",5,Petrol,https://manheim.co.nz/damaged-vehicles/000000000007446545/2005-toyota-caldina-station-wagon?referringPage=SearchResults
Toyota,Aqua,2016,No,"$1,450",N/A,," Front Damage, Glass Broken, Left Front Damage, Structural Damage, Selling De-Registered",N/A,5,Hybrid,https://manheim.co.nz/damaged-vehicles/000000000007446546/2016-toyota-aqua-g-s-hatch?referringPage=SearchResults
Suzuki,GN250,2006,No,$100,"33,065",," Front Damage, Structural Damage, Selling De-Registered","Manual,",N/A,Petrol,https://manheim.co.nz/damaged-vehicles/000000000007446553/2006-suzuki-gn250-e-motorcycle?referringPage=SearchResults
Nissan,Tiida,2005,No,$600,"197,388",," Rear Damage, Structural Damage, Selling De-Registered","Automatic,",5,Petrol,https://manheim.co.nz/damaged-vehicles/000000000007446561/2005-nissan-tiida-sedan?referringPage=SearchResults
BMW,Mini,2014,No,$750,"126,284",," Front Damage, Left Side Damage, Structural Damage, Selling De-Registered",N/A,5,Petrol,https://manheim.co.nz/damaged-vehicles/000000000007446574/2014-bmw-mini-hatch?referringPage=SearchResults
Mazda,MPV,2006,No,$600,N/A,," Rear Damage, Structural Damage, Selling De-Registered","5spd Automatic,",7,Petrol,https://manheim.co.nz/damaged-vehicles/000000000007446589/2006-mazda-mpv-station-wagon?referringPage=SearchResults
Toyota,Corolla,2002,No,$500,"254,502",," Left Side Damage, Rear Damage, Right Side Damage, Structural Damage, Selling De-Registered","5spd Automatic,",5,Petrol,https://manheim.co.nz/damaged-vehicles/000000000007446596/2002-toyota-corolla-hatch?referringPage=SearchResults
Nissan,X-trail,2004,No,$500,"313,325",," Front Damage, Left Side Damage, Rear Damage, Structural Damage, Selling De-Registered","Manual,",N/A,Petrol,https://manheim.co.nz/damaged-vehicles/000000000007446599/2004-nissan-x-trail-mt-station-wagon?referringPage=SearchResults
Toyota,Prius,2016,No,$850,"261,090",," Rear Damage, Right Rear Damage, Structural Damage, Selling De-Registered",N/A,N/A,Hybrid,https://manheim.co.nz/damaged-vehicles/000000000007446607/2016-toyota-prius-c-gx-hatch?referringPage=SearchResults
Audi,Q5,2010,No,"$1,400","142,975",," Right Side Damage, Structural Damage, Selling De-Registered","Automatic,",5,Petrol,https://manheim.co.nz/damaged-vehicles/000000000007446624/2010-audi-q5-station-wagon?referringPage=SearchResults
Toyota,Corolla,2014,No,"$1,450","151,967",," Left Front Damage, Rear Damage, Structural Damage, Selling De-Registered","Automatic,",5,Petrol,https://manheim.co.nz/damaged-vehicles/000000000007446653/2014-toyota-corolla-gx-1-8p-hatch-cv-hatch?referringPage=SearchResults
Toyota,Camry,2013,No,"$1,400",N/A,," Rear Damage, Structural Damage, Selling De-Registered","Automatic,",5,Hybrid,https://manheim.co.nz/damaged-vehicles/000000000007446658/2013-toyota-camry-hybrid-sedan?referringPage=SearchResults
Suzuki,SV650S,2007,No,$500,N/A,," Left Side Damage, Structural Damage, Stolen & Recovered, Selling De-Registered","Automatic,",N/A,Petrol,https://manheim.co.nz/damaged-vehicles/000000000007446685/2007-suzuki-sv650s-k6-motorcycle?referringPage=SearchResults
Holden,Epica,2010,No,$500,"246,779",," Front Damage, Left Front Damage, Left Rear Damage, Structural Damage, Selling De-Registered","Automatic,",5,Petrol,https://manheim.co.nz/damaged-vehicles/000000000007436697/2010-holden-epica-cdx-2-5l-sedan-at-sedan?referringPage=SearchResults
Toyota,Aqua,2016,No,$850,"106,014",," Front Damage, Left Front Damage, Left Side Damage, Right Rear Damage, Right Side Damage, Structural Damage, Suspension Damage, Selling De-Registered","4spd Automatic,",5,Hybrid,https://manheim.co.nz/damaged-vehicles/000000000007446716/2016-toyota-aqua-hatch?referringPage=SearchResults
Toyota,Spacio,2001,No,"$1,050","294,988",," Front Damage, Structural Damage, Selling De-Registered","Automatic,",7,Petrol,https://manheim.co.nz/damaged-vehicles/000000000007446718/2001-toyota-spacio-station-wagon?referringPage=SearchResults
Nissan,Serena,2013,No,$600,"199,802",, Selling De-Registered,"Automatic,",8,Hybrid,https://manheim.co.nz/damaged-vehicles/000000000007446719/2013-nissan-serena-highway-star-station-wagon?referringPage=SearchResults
Mazda,Tribute,2001,Yes,$750,"179,411",, Selling Registered,"4spd Automatic,",5,Petrol,https://manheim.co.nz/damaged-vehicles/000000000007446827/2001-mazda-tribute-station-wagon?referringPage=SearchResults
Ford,Fiesta,2007,No,$400,N/A,," Left Front Damage, Left Rear Damage, Right Front Damage, Selling De-Registered","5spd Manual,",5,Petrol,https://manheim.co.nz/damaged-vehicles/000000000007446830/2007-ford-fiesta-5dr-1-6-m-hatch?referringPage=SearchResults
Volkswagen,Golf,2008,No,$500,"183,415",," Left Side Damage, Right Rear Damage, Right Side Damage, Structural Damage, Selling De-Registered","7spd Automatic,",5,Petrol,https://manheim.co.nz/damaged-vehicles/000000000007446838/2008-volkswagen-golf-tsi-station-wagon?referringPage=SearchResults
Holden,Vectra,2007,Yes,$100,N/A,," Left Side Damage, Selling Registered","Automatic,",5,Petrol,https://manheim.co.nz/damaged-vehicles/000000000007416851/2007-holden-vectra-hatch?referringPage=SearchResults
Mazda,Bounty Cab Plus W/S 4WD DX UT,2005,Yes,"$1,500","281,130",," Right Side Damage, Selling Registered","Manual,",4,Diesel,https://manheim.co.nz/damaged-vehicles/000000000007446869/2005-mazda-bounty-cab-plus-w-s-4wd-dx-ut-dual-cab-chassis?referringPage=SearchResults
Nissan,Tiida,2005,No,$500,N/A,," Right Front Damage, Right Rear Damage, Structural Damage, Selling De-Registered","Automatic,",5,Petrol,https://manheim.co.nz/damaged-vehicles/000000000007446875/2005-nissan-tiida-hatch?referringPage=SearchResults
Holden,Cruze,2009,No,$850,"30,578",," Left Front Damage, Left Rear Damage, Dismantled - Entire Vehicle, Selling De-Registered","Automatic,",5,Petrol,https://manheim.co.nz/damaged-vehicles/000000000007426910/2009-holden-cruze-cdx-1-8-at-sedan?referringPage=SearchResults
Ford,Focus,2005,No,$0,"50,587",," Left Rear Damage, Left Side Damage, Roof Damage, Right Side Damage, Dismantled - Entire Vehicle, Selling De-Registered","Automatic,",5,Petrol,https://manheim.co.nz/damaged-vehicles/000000000007426918/2005-ford-focus-hatch?referringPage=SearchResults
Mitsubishi,Eclipse Cross,2018,No,N/A,N/A,," Left Front Damage, Left Side Damage, Structural Damage, Selling De-Registered",N/A,5,Petrol,https://manheim.co.nz/damaged-vehicles/000000000007446924/2018-mitsubishi-eclipse-cross-vrx-1-5p-8cvt-station-wagon?referringPage=SearchResults
Honda,Insight,2009,No,$500,N/A,," Front Damage, Structural Damage, Selling De-Registered","Automatic,",5,Petrol,https://manheim.co.nz/damaged-vehicles/000000000007446948/2009-honda-insight-hatch?referringPage=SearchResults
Toyota,Vanguard,2012,No,$850,N/A,," Left Front Damage, Structural Damage, Selling De-Registered",N/A,7,Petrol,https://manheim.co.nz/damaged-vehicles/000000000007446963/2012-toyota-vanguard-station-wagon?referringPage=SearchResults
Mazda,Demio,2015,No,"$2,300",N/A,, Selling De-Registered,"Automatic,",5,Petrol,https://manheim.co.nz/damaged-vehicles/000000000007406973/2015-mazda-demio-skyactiv-hatch?referringPage=SearchResults
Mercedes-Benz,B200,2009,No,$0,"153,032",," Left Front Damage, Structural Damage, Selling De-Registered",N/A,5,Petrol,https://manheim.co.nz/damaged-vehicles/000000000007446993/2009-mercedes-benz-b200-sedan?referringPage=SearchResults
Mazda,Bounty,2005,No,$850,"271,040",," Front Damage, Structural Damage, Selling De-Registered",N/A,5,Diesel,https://manheim.co.nz/damaged-vehicles/000000000007446999/2005-mazda-bounty-dbl-cab-w-s-4wd-dx-dual-cab-chassis?referringPage=SearchResults
Triumph,Bonneville,2014,No,"$1,450",N/A,," Left Side Damage, Structural Damage, Selling De-Registered","Manual,",N/A,Petrol,https://manheim.co.nz/damaged-vehicles/000000000007447000/2014-triumph-bonneville-motorcycle?referringPage=SearchResults
Toyota,Aqua,2015,No,$850,N/A,," Front Damage, Structural Damage, Selling De-Registered","Automatic,",5,Hybrid,https://manheim.co.nz/damaged-vehicles/000000000007447014/2015-toyota-aqua-hybrid-hatch?referringPage=SearchResults
Jeep,Compass,2014,No,$850,"95,491",," Front Damage, Left Front Damage, Left Rear Damage, Rear Damage, Right Front Damage, Right Rear Damage, Structural Damage, Selling De-Registered","Automatic,",5,Petrol,https://manheim.co.nz/damaged-vehicles/000000000007447041/2014-jeep-compass-north-2-0p-6at-sw-5-station-wagon?referringPage=SearchResults
Holden,Commodore,2004,No,$0,N/A,," Left Front Damage, Left Rear Damage, Right Front Damage, Right Rear Damage, Selling De-Registered","Automatic,",5,Petrol,https://manheim.co.nz/damaged-vehicles/000000000007437055/2004-holden-commodore-berlina-v6-sed-sedan?referringPage=SearchResults
Ford,Falcon,2003,No,$0,"156,048",," Left Front Damage, Left Side Damage, Roof Damage, Right Rear Damage, Right Side Damage, Dismantled - Entire Vehicle, Dismantled - Engine, Selling De-Registered","Automatic,",5,Petrol,https://manheim.co.nz/damaged-vehicles/000000000007407071/2003-ford-falcon-ba-falcon-xr6t-4fa-sedan?referringPage=SearchResults
Holden,Commodore,2003,No,$600,N/A,," Left Front Damage, Left Rear Damage, Right Front Damage, Right Rear Damage, Selling De-Registered","Automatic,",5,Petrol,https://manheim.co.nz/damaged-vehicles/000000000007437083/2003-holden-commodore-acclaim-sedan-auto-sedan?referringPage=SearchResults
Ford,Capri 1.6,1990,No,$600,N/A,," Left Front Damage, Left Rear Damage, Roof Damage, Right Front Damage, Right Rear Damage, Selling De-Registered","5spd Manual,",5,Petrol,https://manheim.co.nz/damaged-vehicles/000000000007437093/1990-ford-capri-1-6-hatch?referringPage=SearchResults
Ford,Fiesta,2008,No,$0,"75,447",," Left Front Damage, Left Rear Damage, Left Side Damage, Right Front Damage, Dismantled - Entire Vehicle, Selling De-Registered","5spd Manual,",5,Petrol,https://manheim.co.nz/damaged-vehicles/000000000007427126/2008-ford-fiesta-5dr-1-6-m-hatch?referringPage=SearchResults
Nissan,Tiida,2007,No,$600,"143,931",," Rear Damage, Structural Damage, Selling De-Registered",N/A,N/A,Petrol,https://manheim.co.nz/damaged-vehicles/000000000007447205/2007-nissan-tiida-hatch?referringPage=SearchResults
Honda,Accord,1996,Yes,$500,"238,848",," Glass Broken, Ignition Damage, Left Side Damage, Vandalised - Interior, Selling Registered",N/A,5,Petrol,https://manheim.co.nz/damaged-vehicles/000000000007447211/1996-honda-accord-vti-s-auto-sedan?referringPage=SearchResults
Jaguar,XJ,2011,No,$850,"86,883",," Front Damage, Left Front Damage, Structural Damage, Selling De-Registered",N/A,5,Diesel,https://manheim.co.nz/damaged-vehicles/000000000007447217/2011-jaguar-xj-sedan?referringPage=SearchResults
Toyota,Ist,2004,No,$625,N/A,," Front Damage, Airbags Deployed, Structural Damage, Selling De-Registered","Automatic,",5,Petrol,https://manheim.co.nz/damaged-vehicles/000000000007447223/2004-toyota-ist-station-wagon?referringPage=SearchResults
Toyota,Prius,2012,No,$850,N/A,," Glass Broken, Interior Damage, Left Front Damage, Vandalised - Interior, Water Damage, Selling De-Registered","Automatic,",5,Hybrid,https://manheim.co.nz/damaged-vehicles/000000000007447230/2012-toyota-prius-hatch?referringPage=SearchResults
Toyota,Hiace,2019,No,N/A,N/A,," Front Damage, Structural Damage, Selling De-Registered","Automatic,",2,Diesel,https://manheim.co.nz/damaged-vehicles/000000000007447243/2019-toyota-hiace-zl-td-3-0dt-4at-van?referringPage=SearchResults
Toyota,Markx,2005,Yes,"$1,350",N/A,," Front Damage, Glass Broken, Ignition Damage, Left Rear Damage, Stolen & Recovered, Selling Registered","Automatic,",5,Petrol,https://manheim.co.nz/damaged-vehicles/000000000007447286/2005-toyota-markx-sedan?referringPage=SearchResults
Toyota,Altezza,1998,No,"$1,250",N/A,," Front Damage, Left Side Damage, Rear Damage, Structural Damage, Selling De-Registered","Automatic,",5,Petrol,https://manheim.co.nz/damaged-vehicles/000000000007447288/1998-toyota-altezza-sedan?referringPage=SearchResults
Holden,Commodore,2018,No,N/A,N/A,," Left Front Damage, Right Front Damage, Airbags Deployed, Selling De-Registered","Automatic,",5,Petrol,https://manheim.co.nz/damaged-vehicles/000000000007407282/2018-holden-commodore-rs-2-0pt-9at-sedan?referringPage=SearchResults
Nissan,Navara,2007,Yes,N/A,"308,908",," Left Rear Damage, Selling Registered","Automatic,",5,N/A,https://manheim.co.nz/damaged-vehicles/000000000007457315/2007-nissan-navara-2-5-4wd-at-diesel-dual-cab-chassis?referringPage=SearchResults
Hyundai,IX35,2012,No,$850,N/A,," Rear Damage, Structural Damage, Selling De-Registered","Automatic,",5,Petrol,https://manheim.co.nz/damaged-vehicles/000000000007447321/2012-hyundai-ix35-2-0-2wd-a6-station-wagon?referringPage=SearchResults
Ford,Territory,2013,No,$900,N/A,," Left Front Damage, Left Rear Damage, Right Front Damage, Right Rear Damage, Dismantled - Interior, Selling De-Registered","Automatic,",7,Petrol,https://manheim.co.nz/damaged-vehicles/000000000007407336/2013-ford-territory-titanium-rwd-petrol-station-wagon?referringPage=SearchResults
Mazda,Atenza,2004,No,$500,N/A,," Glass Broken, Left Front Damage, Left Side Damage, Rear Damage, Structural Damage, Selling De-Registered","Automatic,",5,Petrol,https://manheim.co.nz/damaged-vehicles/000000000007447366/2004-mazda-atenza-station-wagon?referringPage=SearchResults
Ford,Ranger,2010,No,"$1,300","590,172",," Front Damage, Roof Damage, Right Side Damage, Structural Damage, Selling De-Registered","5spd Manual,",5,Diesel,https://manheim.co.nz/damaged-vehicles/000000000007437417/2010-ford-ranger-3-0td-dc-c-c-4x4-utility?referringPage=SearchResults
Holden,Captiva,2013,No,$1,N/A,," Fire Damage, Fire - Entire Vehicle, Structural Damage, Stolen & Recovered, Selling De-Registered","Automatic,",5,Diesel,https://manheim.co.nz/damaged-vehicles/000000000007427448/2013-holden-captiva-5-ltz-awd-2-2d-at-station-wagon?referringPage=SearchResults
Holden,Cruze,2012,No,$0,"9,099",," Left Front Damage, Left Rear Damage, Left Side Damage, Right Front Damage, Right Rear Damage, Right Side Damage, Selling De-Registered","Automatic,",5,Petrol,https://manheim.co.nz/damaged-vehicles/000000000007427466/2012-holden-cruze-cdx-sdn-1-8-at-sedan?referringPage=SearchResults
Holden,Berlina,1997,No,$0,N/A,," Left Front Damage, Right Front Damage, Airbags Deployed, Selling De-Registered","Automatic,",5,Petrol,https://manheim.co.nz/damaged-vehicles/000000000007437474/1997-holden-berlina-sedan?referringPage=SearchResults
Holden,Adventra,2006,Yes,$0,"91,886",," Left Front Damage, Left Rear Damage, Right Front Damage, Right Rear Damage, Selling Registered","Automatic,",5,Petrol,https://manheim.co.nz/damaged-vehicles/000000000007437509/2006-holden-adventra-sx6-station-wagon?referringPage=SearchResults
Mercedes-Benz,230e,1996,No,$500,N/A,," Front Damage, Fire Damage, Structural Damage, Selling De-Registered",N/A,5,Petrol,https://manheim.co.nz/damaged-vehicles/000000000007447517/1996-mercedes-benz-230e-sedan?referringPage=SearchResults
COMPASS,KHVT157,2017,No,"$2,850",N/A,," Left Side Damage, Right Rear Damage, Right Side Damage, Underbody Damage, Suspension Damage, Accident Damage",N/A,N/A,N/A,https://manheim.co.nz/damaged-vehicles/000000000007457530/2017-compass-khvt157-trailer?referringPage=SearchResults
Lexus,IS250,2013,No,"$1,400",N/A,," Front Damage, Left Front Damage, Right Front Damage, Structural Damage, Selling De-Registered","Automatic,",5,Petrol,https://manheim.co.nz/damaged-vehicles/000000000007447589/2013-lexus-is250-sedan?referringPage=SearchResults
Toyota,Blade,2007,No,$400,"175,760",," Right Front Damage, Structural Damage, Selling De-Registered",N/A,5,Petrol,https://manheim.co.nz/damaged-vehicles/000000000007447624/2007-toyota-blade-hatch?referringPage=SearchResults
Holden,Cruze,2010,Yes,$0,N/A,," Left Front Damage, Right Side Damage, Selling Registered","Automatic,",5,Petrol,https://manheim.co.nz/damaged-vehicles/000000000007427625/2010-holden-cruze-cdx-1-8-at-sedan?referringPage=SearchResults
Toyota,Caldina Station Wagon,2005,No,$850,"160,412",," Front Damage, Ignition Damage, Left Rear Damage, Right Front Damage, Vandalised - Interior, Structural Damage, Stolen & Recovered, Selling De-Registered","Automatic,",5,Petrol,https://manheim.co.nz/damaged-vehicles/000000000007447654/2005-toyota-caldina-station-wagon-station-wagon?referringPage=SearchResults
Suzuki,Swift,2017,No,$0,"257,081",," Front Damage, Structural Damage, Selling De-Registered","5spd Manual,",5,Petrol,https://manheim.co.nz/damaged-vehicles/000000000007447676/2017-suzuki-swift-glb-1-4p-5mt-ha-5dr-hatch?referringPage=SearchResults
Nissan,Navara,2016,No,"$2,300",N/A,," Right Side Damage, Structural Damage, Selling De-Registered","Manual,",N/A,Diesel,https://manheim.co.nz/damaged-vehicles/000000000007447694/2016-nissan-navara-st-utility?referringPage=SearchResults
Subaru,Forester,2003,Yes,$750,N/A,," Engine Failure, Ignition Damage, Stolen & Recovered, Selling Registered",N/A,5,Petrol,https://manheim.co.nz/damaged-vehicles/000000000007447700/2003-subaru-forester-station-wagon?referringPage=SearchResults
Toyota,Corolla,2004,Yes,"$1,150",N/A,," Front Damage, Selling Registered","Automatic,",5,Petrol,https://manheim.co.nz/damaged-vehicles/000000000007447761/2004-toyota-corolla-fielder-station-wagon?referringPage=SearchResults
Ford,Falcon,2007,No,$0,N/A,," Left Front Damage, Left Rear Damage, Right Front Damage, Right Rear Damage, Selling De-Registered","Automatic,",5,Petrol,https://manheim.co.nz/damaged-vehicles/000000000007437995/2007-ford-falcon-bf-falcon-xt-fa-sedan?referringPage=SearchResults
Holden,Calais Auto,1995,No,$800,N/A,, Selling De-Registered,N/A,N/A,Petrol,https://manheim.co.nz/damaged-vehicles/000000000007438003/1995-holden-calais-auto-sedan?referringPage=SearchResults
Ford,Falcon,1997,No,$700,"183,398",," Left Front Damage, Right Front Damage, Airbags Deployed, Selling De-Registered","Automatic,",5,Petrol,https://manheim.co.nz/damaged-vehicles/000000000007438010/1997-ford-falcon-el-xr6-4-0p-4at-sedan?referringPage=SearchResults
Toyota,Camry,2017,No,$0,N/A,, Selling De-Registered,N/A,5,Hybrid,https://manheim.co.nz/damaged-vehicles/000000000007438040/2017-toyota-camry-sedan?referringPage=SearchResults
Toyota,Premio,2006,Yes,$575,"114,025",," Glass Broken, Ignition Damage, Left Rear Damage, Vandalised - Entire Vehicle, Stolen & Recovered, Selling Registered","Automatic,",5,Petrol,https://manheim.co.nz/damaged-vehicles/000000000007448068/2006-toyota-premio-sedan?referringPage=SearchResults
Toyota,Aqua,2017,No,$0,"148,971",," Front Damage, Left Front Damage, Left Rear Damage, Right Front Damage, Vandalised - Interior, Structural Damage, Selling De-Registered","Automatic,",5,Hybrid,https://manheim.co.nz/damaged-vehicles/000000000007448069/2017-toyota-aqua-hatch?referringPage=SearchResults
Nissan,Note,2013,Yes,"$2,300","168,969",, Selling Registered,"CVT,",5,Petrol,https://manheim.co.nz/damaged-vehicles/000000000007428100/2013-nissan-note-hatch?referringPage=SearchResults
Toyota,Corolla,2002,No,$750,"304,779",," Front Damage, Rear Damage, Structural Damage, Selling De-Registered",N/A,5,Petrol,https://manheim.co.nz/damaged-vehicles/000000000007448117/2002-toyota-corolla-fielder-station-wagon?referringPage=SearchResults
CARAVAN,Forest River Catalin,2018,No,$0,N/A,0," Under Body Damage, Water Damage, Selling De-Registered",N/A,N/A,N/A,https://manheim.co.nz/damaged-vehicles/000000000007448133/2018-caravan-forest-river-catalin-caravan?referringPage=SearchResults
Toyota,Prius,2015,No,"$1,300",N/A,," Front Damage, Rear Damage, Structural Damage, Selling De-Registered","Automatic,",5,Hybrid,https://manheim.co.nz/damaged-vehicles/000000000007448134/2015-toyota-prius-hatch?referringPage=SearchResults
Toyota,Ipsum,2001,No,$750,"258,102",," Right Rear Damage, Structural Damage, Selling De-Registered","Automatic,",6,Petrol,https://manheim.co.nz/damaged-vehicles/000000000007448186/2001-toyota-ipsum-station-wagon?referringPage=SearchResults
Toyota,Prius,2015,No,$850,N/A,," Front Damage, Glass Broken, Right Front Damage, Structural Damage, Selling De-Registered","5spd Automatic,",5,Hybrid,https://manheim.co.nz/damaged-vehicles/000000000007438197/2015-toyota-prius-hybrid-hatch?referringPage=SearchResults
Toyota,Prius,2014,No,"$1,300",N/A,," Left Side Damage, Airbags Deployed, Structural Damage, Selling De-Registered","Automatic,",5,Hybrid,https://manheim.co.nz/damaged-vehicles/000000000007448204/2014-toyota-prius-hatch?referringPage=SearchResults
Toyota,Vitz,2008,Yes,"$1,650","142,799",," Right Side Damage, Stolen & Recovered, Selling Registered","Automatic,",5,Petrol,https://manheim.co.nz/damaged-vehicles/000000000007448213/2008-toyota-vitz-hatch?referringPage=SearchResults
Toyota,Prius,2014,No,"$1,300","100,789",," Front Damage, Left Front Damage, Left Side Damage, Structural Damage, Selling De-Registered","CVT,",5,Hybrid,https://manheim.co.nz/damaged-vehicles/000000000007448266/2014-toyota-prius-hatch?referringPage=SearchResults
Honda,fit,2012,No,$500,N/A,," Front Damage, Rear Damage, Structural Damage, Selling De-Registered","Automatic,",5,Hybrid,https://manheim.co.nz/damaged-vehicles/000000000007448271/2012-honda-fit-station-wagon?referringPage=SearchResults
Vespa,GTS,2022,No,$600,"25,177",," Left Front Damage, Left Side Damage, Right Front Damage, Right Side Damage, Structural Damage, Selling De-Registered","Automatic,",N/A,Petrol,https://manheim.co.nz/damaged-vehicles/000000000007438275/2022-vespa-gts-300-supersport-hpe-scooter?referringPage=SearchResults
Suzuki,Swift,2024,No,"$1,550","24,767",," Chassis Damage, Front Damage, Structural Damage, Selling De-Registered","Automatic,",5,Petrol,https://manheim.co.nz/damaged-vehicles/000000000007448285/2024-suzuki-swift-hatch?referringPage=SearchResults
Holden,Barina,2006,No,$600,"35,969",," Left Front Damage, Roof Damage, Right Front Damage, Right Rear Damage, Right Side Damage, Airbags Deployed, Selling De-Registered","Automatic,",5,Petrol,https://manheim.co.nz/damaged-vehicles/000000000007418366/2006-holden-barina-5dr-hatch-auto-hatch?referringPage=SearchResults
Nissan,March,2005,No,$600,"183,120",," Front Damage, Left Rear Damage, Structural Damage, Selling De-Registered","Automatic,",5,Petrol,https://manheim.co.nz/damaged-vehicles/000000000007448391/2005-nissan-march-hatch?referringPage=SearchResults
Toyota,Aqua,2014,Yes,N/A,N/A,," Ignition Damage, Left Front Damage, Left Side Damage, Vandalised - Interior, Stolen & Recovered, Selling Registered","Automatic,",5,Hybrid,https://manheim.co.nz/damaged-vehicles/000000000007448432/2014-toyota-aqua-hybrid-hatch?referringPage=SearchResults
Toyota,Estima,2006,No,$750,N/A,," Rear Damage, Right Rear Damage, Structural Damage, Selling De-Registered","Automatic,",7,Petrol,https://manheim.co.nz/damaged-vehicles/000000000007448435/2006-toyota-estima-station-wagon?referringPage=SearchResults
Toyota,Corolla,2004,No,$750,N/A,," Front Damage, Structural Damage, Selling De-Registered","Automatic,",5,Petrol,https://manheim.co.nz/damaged-vehicles/000000000007448460/2004-toyota-corolla-x-sedan?referringPage=SearchResults
Mazda,MAZDA2,2009,No,$850,"132,063",," Rear Damage, Right Rear Damage, Right Side Damage, Structural Damage, Selling De-Registered","Automatic,",5,Petrol,https://manheim.co.nz/damaged-vehicles/000000000007448489/2009-mazda-mazda2-sport-5-dr-1-5-4at-hatch?referringPage=SearchResults
Suzuki,Swift,2026,No,$0,N/A,," Airbags Deployed, Front Damage, Hard Hit, Rear Damage, Structural Damage, Selling De-Registered","Automatic,",5,Hybrid,https://manheim.co.nz/damaged-vehicles/000000000007458491/2026-suzuki-swift-rscb-1-2pmh-cvt-hatch?referringPage=SearchResults
Honda,CRV,2006,No,$500,"349,088",," Left Rear Damage, Structural Damage, Selling De-Registered","Automatic,",5,Petrol,https://manheim.co.nz/damaged-vehicles/000000000007448501/2006-honda-crv-van?referringPage=SearchResults
Nissan,Tiida,2010,No,$600,N/A,," Rear Damage, Structural Damage, Selling De-Registered",N/A,5,Petrol,https://manheim.co.nz/damaged-vehicles/000000000007448508/2010-nissan-tiida-hatch?referringPage=SearchResults
Mazda,MAZDA6,2013,No,$0,N/A,," Rear Damage, Structural Damage, Selling De-Registered",N/A,5,Diesel,https://manheim.co.nz/damaged-vehicles/000000000007428515/2013-mazda-mazda6-wagon-ltd-2-2-6at-d-station-wagon?referringPage=SearchResults
Volkswagen,Golf,2005,No,$600,N/A,," Right Side Damage, Selling De-Registered","Automatic,",5,Petrol,https://manheim.co.nz/damaged-vehicles/000000000007448522/2005-volkswagen-golf-gti-hatch?referringPage=SearchResults
Mazda,Axela,2006,No,$200,"198,885",," Chassis Damage, Front Damage, Right Front Damage, Structural Damage, Selling De-Registered","5spd Manual,",5,Petrol,https://manheim.co.nz/damaged-vehicles/000000000007448550/2006-mazda-axela-hatch?referringPage=SearchResults
Toyota,Yaris,2007,No,$750,"170,006",," Glass Broken, Has Key, Left Rear Damage, Rear Damage, Structural Damage, Selling De-Registered",N/A,5,Petrol,https://manheim.co.nz/damaged-vehicles/000000000007448551/2007-toyota-yaris-1-5p-sedan-5m-sedan?referringPage=SearchResults
Ford,Explorer,2004,Yes,"$1,650","175,050",, Selling Registered,"Automatic,",7,Petrol,https://manheim.co.nz/damaged-vehicles/000000000007448581/2004-ford-explorer-xlt-station-wagon?referringPage=SearchResults
Toyota,Aqua,2013,No,$500,N/A,," Front Damage, Left Front Damage, Right Front Damage, Airbags Deployed, Structural Damage, Selling De-Registered","Automatic,",5,Hybrid,https://manheim.co.nz/damaged-vehicles/000000000007448593/2013-toyota-aqua-hatch?referringPage=SearchResults
JLG,Ecolift 70,N/A,No,$0,N/A,N/A, Selling De-Registered,N/A,N/A,N/A,https://manheim.co.nz/damaged-vehicles/000000000007458614/jlg-ecolift-70-scissor-lift-lift?referringPage=SearchResults
JLG,Ecolift 70,N/A,No,$0,N/A,N/A, Selling De-Registered,N/A,N/A,N/A,https://manheim.co.nz/damaged-vehicles/000000000007458615/jlg-ecolift-70-scissor-lift-lift?referringPage=SearchResults
Ford,Falcon UTE,2004,No,N/A,N/A,," Left Front Damage, Left Side Damage, Right Front Damage, Right Side Damage, Airbags Deployed, Selling De-Registered","Automatic,",2,Petrol,https://manheim.co.nz/damaged-vehicles/000000000007418688/2004-ford-falcon-ute-ba-xr8-pick-up-fa-utility?referringPage=SearchResults
Toyota,Aqua,2018,No,"$1,550","138,334",," Front Damage, Right Front Damage, Structural Damage, Suspension Damage, Selling De-Registered","Automatic,",5,Hybrid,https://manheim.co.nz/damaged-vehicles/000000000007438805/2018-toyota-aqua-hybrid-hatch?referringPage=SearchResults
Volkswagen,Golf,2011,No,$500,N/A,," Left Front Damage, Left Rear Damage, Front Damage, Structural Damage, Selling De-Registered","Automatic,",5,Petrol,https://manheim.co.nz/damaged-vehicles/000000000007398814/2011-volkswagen-golf-station-wagon?referringPage=SearchResults
Mazda,Biante,2011,No,$500,N/A,," Front Damage, Structural Damage, Selling De-Registered","Automatic,",8,Petrol,https://manheim.co.nz/damaged-vehicles/000000000007448826/2011-mazda-biante-station-wagon?referringPage=SearchResults
Mazda,Atenza,2008,No,$750,"170,745",," Front Damage, Structural Damage, Selling De-Registered","Automatic,",5,Petrol,https://manheim.co.nz/damaged-vehicles/000000000007448829/2008-mazda-atenza-station-wagon?referringPage=SearchResults
Suzuki,Landy,2014,Yes,$850,"153,056",," Left Rear Damage, Right Front Damage, Right Side Damage, Selling Registered","Automatic,",8,Petrol,https://manheim.co.nz/damaged-vehicles/000000000007448832/2014-suzuki-landy-station-wagon?referringPage=SearchResults
Mazda,Demio,2012,No,$600,N/A,," Front Damage, Structural Damage, Selling De-Registered","Automatic,",5,Petrol,https://manheim.co.nz/damaged-vehicles/000000000007448841/2012-mazda-demio-hatch?referringPage=SearchResults
Mazda,CX-7,2006,Yes,$500,"236,805",," Front Damage, Glass Broken, Left Front Damage, Selling Registered",N/A,5,Petrol,https://manheim.co.nz/damaged-vehicles/000000000007448842/2006-mazda-cx-7-station-wagon?referringPage=SearchResults
Toyota,Corolla,1994,No,$1,"307,838",," Structural Damage, Stolen & Recovered, Selling De-Registered","Automatic,",5,Petrol,https://manheim.co.nz/damaged-vehicles/000000000007448843/1994-toyota-corolla-sedan?referringPage=SearchResults
Audi,A3,2009,Yes,$500,"90,879",," Front Damage, Selling Registered","Automatic,",5,Petrol,https://manheim.co.nz/damaged-vehicles/000000000007448847/2009-audi-a3-station-wagon?referringPage=SearchResults
Mitsubishi,Lancer,2008,No,$600,N/A,," Front Damage, Structural Damage, Selling De-Registered",N/A,5,Petrol,https://manheim.co.nz/damaged-vehicles/000000000007448849/2008-mitsubishi-lancer-sedan?referringPage=SearchResults
Honda,Civic,2007,No,$750,"216,540",," Rear Damage, Right Rear Damage, Structural Damage, Selling De-Registered","Automatic,",5,Petrol,https://manheim.co.nz/damaged-vehicles/000000000007448860/2007-honda-civic-1-8s-sedan?referringPage=SearchResults
Ford,Mondeo,2011,Yes,$500,"323,746",," Front Damage, Selling Registered","Automatic,",5,Diesel,https://manheim.co.nz/damaged-vehicles/000000000007448866/2011-ford-mondeo-2-0td-a-hatch?referringPage=SearchResults
Honda,Accord,2013,No,$850,"148,694",," Right Front Damage, Right Side Damage, Underbody Damage, Structural Damage, Suspension Damage, Selling De-Registered",N/A,5,Hybrid,https://manheim.co.nz/damaged-vehicles/000000000007448879/2013-honda-accord-hybrid-sedan?referringPage=SearchResults
Mazda,Demio,2015,No,$850,"103,124",," Rear Damage, Structural Damage, Selling De-Registered","Automatic,",5,Petrol,https://manheim.co.nz/damaged-vehicles/000000000007438871/2015-mazda-demio-hatch?referringPage=SearchResults
Nissan,NV200,2017,No,"$1,300",N/A,," Front Damage, Airbags Deployed, Structural Damage, Selling De-Registered","Automatic,",5,Petrol,https://manheim.co.nz/damaged-vehicles/000000000007438873/2017-nissan-nv200-vanette-panel-van?referringPage=SearchResults
Volkswagen,Golf,2006,No,$500,"208,902",," Left Front Damage, Structural Damage, Suspension Damage, Selling De-Registered",N/A,5,Petrol,https://manheim.co.nz/damaged-vehicles/000000000007448880/2006-volkswagen-golf-gti-hatch?referringPage=SearchResults
Honda,CRV,2015,No,"$1,500",N/A,," Right Rear Damage, Structural Damage, Selling De-Registered","Automatic,",5,Petrol,https://manheim.co.nz/damaged-vehicles/000000000007448913/2015-honda-crv-station-wagon?referringPage=SearchResults
Mazda,Axela,2005,Yes,"$1,300","230,242",, Selling Registered,"4spd Automatic,",5,Petrol,https://manheim.co.nz/damaged-vehicles/000000000007448925/2005-mazda-axela-station-wagon?referringPage=SearchResults
Mercedes-Benz,E350,2010,Yes,"$2,450",1,, Selling Registered,"7spd Automatic,",5,Petrol,https://manheim.co.nz/damaged-vehicles/000000000007448927/2010-mercedes-benz-e350-sedan?referringPage=SearchResults
Mazda,Demio,2011,Yes,"$1,650","196,277",," Glass Broken, Ignition Damage, Stolen & Recovered, Selling Registered",N/A,N/A,Petrol,https://manheim.co.nz/damaged-vehicles/000000000007448930/2011-mazda-demio-hatch?referringPage=SearchResults
Nissan,Note,2017,No,$850,N/A,," Front Damage, Right Side Damage, Structural Damage, Selling De-Registered","Automatic,",5,Petrol,https://manheim.co.nz/damaged-vehicles/000000000007438949/2017-nissan-note-hatch?referringPage=SearchResults
Lexus,IS300H,2017,No,"$1,400",N/A,," Front Damage, Rear Damage, Airbags Deployed, Structural Damage, Selling De-Registered","Automatic,",4,Hybrid,https://manheim.co.nz/damaged-vehicles/000000000007448967/2017-lexus-is300h-sedan?referringPage=SearchResults
Suzuki,Swift,2017,No,"$1,400","83,662",," Right Side Damage, Structural Damage, Selling De-Registered","Automatic,",5,Petrol,https://manheim.co.nz/damaged-vehicles/000000000007449012/2017-suzuki-swift-hatch?referringPage=SearchResults
Suzuki,Swift,2009,No,$500,"179,248",," Left Front Damage, Left Rear Damage, Structural Damage, Selling De-Registered",N/A,5,Petrol,https://manheim.co.nz/damaged-vehicles/000000000007449049/2009-suzuki-swift-hatch-1-6-5dr-sport-hatch?referringPage=SearchResults
Suzuki,Swift,2005,No,$600,"173,304",," Rear Damage, Structural Damage, Suspension Damage, Selling De-Registered","Automatic,",5,Petrol,https://manheim.co.nz/damaged-vehicles/000000000007449095/2005-suzuki-swift-hatch?referringPage=SearchResults
Ford,Fiesta,2014,No,$600,"137,301",," Front Damage, Right Front Damage, Right Rear Damage, Right Side Damage, Structural Damage, Selling De-Registered","5spd Manual,",5,Petrol,https://manheim.co.nz/damaged-vehicles/000000000007449144/2014-ford-fiesta-trend-1-5p5m-ha5d5s-hatch?referringPage=SearchResults
Mazda,Demio,2004,Yes,$400,"145,291",," Front Damage, Left Front Damage, Right Front Damage, Selling Registered","Automatic,",5,Petrol,https://manheim.co.nz/damaged-vehicles/000000000007449192/2004-mazda-demio-hatch?referringPage=SearchResults
Nissan,March,2012,Yes,"$1,450","128,000",," Glass Broken, Ignition Damage, Stolen & Recovered, Selling Registered",N/A,5,Petrol,https://manheim.co.nz/damaged-vehicles/000000000007449220/2012-nissan-march-hatch?referringPage=SearchResults
Toyota,Corolla,2008,No,$750,N/A,," Rear Damage, Structural Damage, Selling De-Registered","Automatic,",5,Petrol,https://manheim.co.nz/damaged-vehicles/000000000007449236/2008-toyota-corolla-1-8p-gx-hatch-5-4a-hatch?referringPage=SearchResults
Mitsubishi,Outlander,2008,Yes,$750,"296,466",," Engine Damage, Glass Broken, Interior Damage, Stolen & Recovered, Selling Registered","Automatic,",5,Petrol,https://manheim.co.nz/damaged-vehicles/000000000007449241/2008-mitsubishi-outlander-station-wagon?referringPage=SearchResults
Toyota,Passo,2007,No,$600,"126,981",," Engine Damage, Fire Damage, Fire - Engine, Selling De-Registered","Automatic,",5,Petrol,https://manheim.co.nz/damaged-vehicles/000000000007449269/2007-toyota-passo-hatch?referringPage=SearchResults
Toyota,Spacio,1998,No,$0,"192,725",," Right Side Damage, Structural Damage, Selling De-Registered","Automatic,",5,Petrol,https://manheim.co.nz/damaged-vehicles/000000000007449274/1998-toyota-spacio-hatch?referringPage=SearchResults
Ford,Focus,2007,No,$100,"147,557",," Right Side Damage, Structural Damage, Selling De-Registered","Automatic,",5,Petrol,https://manheim.co.nz/damaged-vehicles/000000000007449281/2007-ford-focus-hatch?referringPage=SearchResults
Lexus,IS300H,2018,No,$500,N/A,," Structural Damage, Selling De-Registered",N/A,5,Hybrid,https://manheim.co.nz/damaged-vehicles/000000000007449331/2018-lexus-is300h-2-5ph-hd-sedan?referringPage=SearchResults
Toyota,Markx,2007,Yes,$500,"324,817",," Front Damage, Selling Registered","Automatic,",6,Petrol,https://manheim.co.nz/damaged-vehicles/000000000007449342/2007-toyota-markx-zio-sedan?referringPage=SearchResults
Ford,Kuga,2011,No,$400,"140,884",," Front Damage, Airbags Deployed, Structural Damage, Selling De-Registered","4spd Automatic,",5,Petrol,https://manheim.co.nz/damaged-vehicles/000000000007449344/2011-ford-kuga-station-wagon?referringPage=SearchResults
Toyota,RAV4,2013,No,"$1,400",1,," Front Damage, Airbags Deployed, Structural Damage, Selling De-Registered","Automatic,",5,Petrol,https://manheim.co.nz/damaged-vehicles/000000000007449347/2013-toyota-rav4-station-wagon?referringPage=SearchResults
FACTORY BUILT,Commercial,2002,No,$500,1,0," Front Damage, Structural Damage, Selling De-Registered",N/A,N/A,N/A,https://manheim.co.nz/damaged-vehicles/000000000007419414/2002-factory-built-commercial-trailer?referringPage=SearchResults
FACTORY BUILT,Sterline SE 510,2005,No,"$1,500",N/A,0," Front Damage, Rear Damage, Structural Damage, Selling De-Registered",N/A,N/A,N/A,https://manheim.co.nz/damaged-vehicles/000000000007449521/2005-factory-built-sterline-se-510-caravan?referringPage=SearchResults
Mitsubishi,Triton,2009,No,$0,"247,183",," Rolled, Structural Damage, Selling De-Registered","Automatic,",5,Diesel,https://manheim.co.nz/damaged-vehicles/000000000007449525/2009-mitsubishi-triton-2wd-2-5d-dcab-glx-m-utility?referringPage=SearchResults
Holden,Astra,2017,No,$850,"130,814",," Right Rear Damage, Structural Damage, Selling De-Registered","Automatic,",5,Petrol,https://manheim.co.nz/damaged-vehicles/000000000007449534/2017-holden-astra-sedan-ls-at-1-4p-6a-sedan?referringPage=SearchResults
Toyota,Prius,2015,No,"$1,400",N/A,," Rear Damage, Structural Damage, Selling De-Registered","Automatic,",5,Hybrid,https://manheim.co.nz/damaged-vehicles/000000000007449536/2015-toyota-prius-station-wagon?referringPage=SearchResults
Subaru,Impreza,2013,No,$400,"65,132",," Airbags Deployed, Front Damage, Airbags Deployed, Structural Damage, Selling De-Registered","Automatic,",5,Petrol,https://manheim.co.nz/damaged-vehicles/000000000007449542/2013-subaru-impreza-g4-station-wagon?referringPage=SearchResults
Nissan,Wingroad,2011,No,$500,N/A,," Front Damage, Left Rear Damage, Structural Damage, Selling De-Registered","Automatic,",5,Petrol,https://manheim.co.nz/damaged-vehicles/000000000007449544/2011-nissan-wingroad-1-8-petrol-wagon-station-wagon?referringPage=SearchResults
Mazda,Demio,2008,No,$500,N/A,," Rear Damage, Structural Damage, Selling De-Registered",N/A,5,Petrol,https://manheim.co.nz/damaged-vehicles/000000000007449551/2008-mazda-demio-hatch?referringPage=SearchResults
Honda,GLC,2021,No,$75,"9,210",," Structural Damage, Stolen & Recovered, Selling De-Registered","Automatic,",N/A,Petrol,https://manheim.co.nz/damaged-vehicles/000000000007449552/2021-honda-glc-150sh-motorcycle?referringPage=SearchResults
Toyota,Yaris,2008,No,"$1,300","95,913",," Front Damage, Left Rear Damage, Structural Damage, Selling De-Registered","Automatic,",5,Petrol,https://manheim.co.nz/damaged-vehicles/000000000007449553/2008-toyota-yaris-hatch?referringPage=SearchResults
Nissan,Teana,2006,No,$600,"246,795",," Right Side Damage, Structural Damage, Selling De-Registered","Automatic,",5,Petrol,https://manheim.co.nz/damaged-vehicles/000000000007449554/2006-nissan-teana-sedan?referringPage=SearchResults
Mazda,Axela,2005,No,$500,N/A,," Front Damage, Rear Damage, Structural Damage, Selling De-Registered","Automatic,",5,Petrol,https://manheim.co.nz/damaged-vehicles/000000000007449556/2005-mazda-axela-sedan?referringPage=SearchResults
Toyota,RAV4,2001,No,$500,N/A,," Rear Damage, Right Rear Damage, Right Side Damage, Structural Damage, Selling De-Registered","Automatic,",5,Petrol,https://manheim.co.nz/damaged-vehicles/000000000007449558/2001-toyota-rav4-station-wagon?referringPage=SearchResults
Suzuki,SX4 S-cross,2014,No,$850,"136,083",," Front Damage, Right Front Damage, Structural Damage, Selling De-Registered","Automatic,",5,Petrol,https://manheim.co.nz/damaged-vehicles/000000000007449560/2014-suzuki-sx4-s-cross-glxfc-1-6p-7cvt-ha--hatch?referringPage=SearchResults
Audi,A5,2012,No,"$1,400","116,398",," Right Side Damage, Structural Damage, Selling De-Registered",N/A,4,Petrol,https://manheim.co.nz/damaged-vehicles/000000000007449561/2012-audi-a5-coup%C3%A9?referringPage=SearchResults
Volkswagen,Golf,2003,No,$500,N/A,," Front Damage, Structural Damage, Selling De-Registered",N/A,5,Petrol,https://manheim.co.nz/damaged-vehicles/000000000007449562/2003-volkswagen-golf-station-wagon?referringPage=SearchResults
Subaru,Forester,2017,No,N/A,"206,230",," Front Damage, Structural Damage, Selling De-Registered",N/A,5,Petrol,https://manheim.co.nz/damaged-vehicles/000000000007449572/2017-subaru-forester-i-sport-2-5p-4wd-cv-station-wagon?referringPage=SearchResults
Suzuki,Swift,2008,No,$525,"117,068",," Left Side Damage, Structural Damage, Selling De-Registered",N/A,5,Petrol,https://manheim.co.nz/damaged-vehicles/000000000007449576/2008-suzuki-swift-hatch?referringPage=SearchResults
Toyota,Aqua,2014,No,$500,N/A,," Left Front Damage, Left Side Damage, Structural Damage, Stolen & Recovered, Suspension Damage, Selling De-Registered",N/A,5,Hybrid,https://manheim.co.nz/damaged-vehicles/000000000007449580/2014-toyota-aqua-hatch?referringPage=SearchResults
Alfa Romeo,MiTo,2014,No,$500,"96,008",," Rear Damage, Structural Damage, Selling De-Registered",N/A,5,Petrol,https://manheim.co.nz/damaged-vehicles/000000000007449587/2014-alfa-romeo-mito-1-4p-3d-tct-6a-hatch?referringPage=SearchResults
Holden,Astra,2008,No,$600,"136,902",," Front Damage, Structural Damage, Selling De-Registered",N/A,5,Petrol,https://manheim.co.nz/damaged-vehicles/000000000007449589/2008-holden-astra-my8-5-cd-hatch-auto-hatch?referringPage=SearchResults
Ford,Territory,2007,No,$850,N/A,," Front Damage, Structural Damage, Selling De-Registered",N/A,7,Petrol,https://manheim.co.nz/damaged-vehicles/000000000007399588/2007-ford-territory-sy-gh-t-aw-station-wagon?referringPage=SearchResults
Audi,A7,2011,No,"$1,900","63,383",," Left Front Damage, Structural Damage, Selling De-Registered",N/A,4,Petrol,https://manheim.co.nz/damaged-vehicles/000000000007449603/2011-audi-a7-3-0t-quattro-sedan?referringPage=SearchResults
Honda,fit,2004,No,$625,"202,198",," Left Front Damage, Rear Damage, Structural Damage, Selling De-Registered","Automatic,",5,Petrol,https://manheim.co.nz/damaged-vehicles/000000000007449615/2004-honda-fit-hatch?referringPage=SearchResults
Toyota,Aqua,2015,No,"$1,400","208,242",," Left Front Damage, Structural Damage, Selling De-Registered","Automatic,",5,Hybrid,https://manheim.co.nz/damaged-vehicles/000000000007449621/2015-toyota-aqua-hatch?referringPage=SearchResults
Toyota,Corolla,2007,No,$750,"201,349",," Right Side Damage, Structural Damage, Selling De-Registered",N/A,5,Petrol,https://manheim.co.nz/damaged-vehicles/000000000007449623/2007-toyota-corolla-fielder-station-wagon?referringPage=SearchResults
Suzuki,SX4,2008,Yes,$500,"74,414",," Front Damage, Selling Registered","Automatic,",5,Petrol,https://manheim.co.nz/damaged-vehicles/000000000007449634/2008-suzuki-sx4-hatch?referringPage=SearchResults
Toyota,Crown,2009,No,"$1,300","200,649",," Left Rear Damage, Rear Damage, Structural Damage, Selling De-Registered","Automatic,",5,Petrol,https://manheim.co.nz/damaged-vehicles/000000000007409639/2009-toyota-crown-sedan?referringPage=SearchResults
Nissan,Serena,2014,No,"$1,300",N/A,," Front Damage, Right Front Damage, Structural Damage, Selling De-Registered","Automatic,",8,Hybrid,https://manheim.co.nz/damaged-vehicles/000000000007449644/2014-nissan-serena-rider-station-wagon?referringPage=SearchResults
Mazda,Atenza,2005,No,$500,N/A,," Rear Damage, Structural Damage, Selling De-Registered","Automatic,",5,Petrol,https://manheim.co.nz/damaged-vehicles/000000000007449650/2005-mazda-atenza-sedan?referringPage=SearchResults
Honda,Insight,2011,No,$500,N/A,," Airbags Deployed, Chassis Damage, Front Damage, Right Front Damage, Airbags Deployed, Structural Damage, Suspension Damage, Selling De-Registered","Automatic,",5,Hybrid,https://manheim.co.nz/damaged-vehicles/000000000007449658/2011-honda-insight-sx-1-3ph-cvt-sedan?referringPage=SearchResults
Toyota,Carib,1996,No,$550,N/A,," Airbags Deployed, Front Damage, Structural Damage, Selling De-Registered",N/A,5,Petrol,https://manheim.co.nz/damaged-vehicles/000000000007449676/1996-toyota-carib-station-wagon?referringPage=SearchResults
Toyota,Corolla,2004,No,$750,N/A,," Structural Damage, Selling De-Registered","Automatic,",5,Petrol,https://manheim.co.nz/damaged-vehicles/000000000007449690/2004-toyota-corolla-sedan?referringPage=SearchResults
Honda,CRZ,2010,No,$750,"215,619",," Right Side Damage, Structural Damage, Selling De-Registered","Automatic,",4,Hybrid,https://manheim.co.nz/damaged-vehicles/000000000007449698/2010-honda-crz-hatch?referringPage=SearchResults
Toyota,Prius,2011,No,$550,"140,106",," Front Damage, Structural Damage, Selling De-Registered",N/A,5,Hybrid,https://manheim.co.nz/damaged-vehicles/000000000007449701/2011-toyota-prius-hatch?referringPage=SearchResults
Mazda,Premacy,2013,No,$850,"137,507",," Front Damage, Rear Damage, Structural Damage, Selling De-Registered","Automatic,",7,Petrol,https://manheim.co.nz/damaged-vehicles/000000000007449731/2013-mazda-premacy-station-wagon?referringPage=SearchResults
Kia,RIO,2013,No,$500,"122,897",," Left Rear Damage, Rear Damage, Structural Damage, Selling De-Registered","Manual,",5,Diesel,https://manheim.co.nz/damaged-vehicles/000000000007449810/2013-kia-rio-1-4-diesel-lx-my13-hatch?referringPage=SearchResults
Mercedes-Benz,C200,2008,No,$850,"112,184",," Front Damage, Structural Damage, Selling De-Registered","Automatic,",5,Petrol,https://manheim.co.nz/damaged-vehicles/000000000007449841/2008-mercedes-benz-c200-kompressor-sedan?referringPage=SearchResults
Suzuki,GSX150,2019,No,$400,N/A,," Front Damage, Structural Damage, Selling De-Registered","Automatic,",N/A,Petrol,https://manheim.co.nz/damaged-vehicles/000000000007419860/2019-suzuki-gsx150-dxa-gixxer-motorcycle?referringPage=SearchResults
Toyota,Aqua,2014,Yes,N/A,"220,631",," Front Damage, Glass Broken, Ignition Damage, Left Side Damage, Rear Damage, Stolen & Recovered, Selling Registered","5spd Automatic,",5,Hybrid,https://manheim.co.nz/damaged-vehicles/000000000007439890/2014-toyota-aqua-hybrid-hatch?referringPage=SearchResults
Holden,Commodore,2019,No,"$1,400","267,694",," Front Damage, Left Side Damage, Selling De-Registered","Automatic,",5,Petrol,https://manheim.co.nz/damaged-vehicles/000000000007439911/2019-holden-commodore-lt-2-0pt-9at-sedan?referringPage=SearchResults
Toyota,Prius,2014,No,$500,N/A,," Chassis Damage, Front Damage, Glass Broken, Structural Damage, Selling De-Registered",N/A,5,Hybrid,https://manheim.co.nz/damaged-vehicles/000000000007449927/2014-toyota-prius-station-wagon?referringPage=SearchResults
Suzuki,Swift,2019,No,"$2,300","81,289",," Front Damage, Glass Broken, Left Rear Damage, Rear Damage, Structural Damage, Selling De-Registered","Automatic,",5,Petrol,https://manheim.co.nz/damaged-vehicles/000000000007449942/2019-suzuki-swift-gl-1-2p-5mt-hatch?referringPage=SearchResults
Subaru,Forester,2009,No,$550,"216,401",," Rear Damage, Structural Damage, Selling De-Registered",N/A,5,Petrol,https://manheim.co.nz/damaged-vehicles/000000000007449962/2009-subaru-forester-station-wagon?referringPage=SearchResults
Ford,Telstar 2.0GL Auto,1989,No,$150,"330,400",," Front Damage, Structural Damage, Selling De-Registered",N/A,5,Petrol,https://manheim.co.nz/damaged-vehicles/000000000007449964/1989-ford-telstar-2-0gl-auto-sedan?referringPage=SearchResults
Suzuki,Swift,2011,No,$500,"103,515",," Left Rear Damage, Rear Damage, Structural Damage, Selling De-Registered","Automatic,",5,Petrol,https://manheim.co.nz/damaged-vehicles/000000000007449967/2011-suzuki-swift-hatch?referringPage=SearchResults
Honda,Jazz,2007,No,$500,"134,131",," Front Damage, Left Front Damage, Right Front Damage, Structural Damage, Selling De-Registered","5spd Automatic,",5,Petrol,https://manheim.co.nz/damaged-vehicles/000000000007449970/2007-honda-jazz-sport-hatch?referringPage=SearchResults
Daihatsu,Sirion,2005,No,$600,"442,366",," Front Damage, Left Front Damage, Right Front Damage, Airbags Deployed, Structural Damage, Selling De-Registered","5spd Manual,",5,Petrol,https://manheim.co.nz/damaged-vehicles/000000000007449998/2005-daihatsu-sirion-1-3p-hatch-5m-hatch?referringPage=SearchResults
