Manufacturer,Model,Year,Registration Status,Price,Mileage,Keys,Damage description,Transmission,Seats,Fuel Type,Link
Mitsubishi,Pajero,2005,Yes,N/A,"285,698",," Right Side Damage, Selling Registered",N/A,7,Petrol,https://manheim.co.nz/damaged-vehicles/000000000007450005/2005-mitsubishi-pajero-4wd-3-8p-exceed-lwb-station-wagon?referringPage=SearchResults
Mazda,Axela,2004,No,$0,"297,888",," Rear Damage, Structural Damage, Selling De-Registered","4spd,",5,Petrol,https://manheim.co.nz/damaged-vehicles/000000000007450033/2004-mazda-axela-hatch?referringPage=SearchResults
Holden,Commodore,2018,No,$0,N/A,," Airbags Deployed, Left Front Damage, Left Rear Damage, Right Front Damage, Airbags Deployed, Structural Damage, Selling De-Registered","Automatic,",5,Petrol,https://manheim.co.nz/damaged-vehicles/000000000007450034/2018-holden-commodore-sedan?referringPage=SearchResults
Toyota,Mark,2009,No,$0,"160,202",," Front Damage, Structural Damage, Suspension Damage, Selling De-Registered","Automatic,",5,Petrol,https://manheim.co.nz/damaged-vehicles/000000000007450035/2009-toyota-mark-sedan?referringPage=SearchResults
Toyota,Corolla,2013,No,$0,"264,821",," Right Side Damage, Structural Damage, Selling De-Registered","Automatic,",5,Petrol,https://manheim.co.nz/damaged-vehicles/000000000007450036/2013-toyota-corolla-gx-1-8p-hatch-cv-hatch?referringPage=SearchResults
Toyota,Aqua,2013,No,$0,"121,380",," Left Rear Damage, Rear Damage, Structural Damage, Selling De-Registered","Automatic,",5,Hybrid,https://manheim.co.nz/damaged-vehicles/000000000007430080/2013-toyota-aqua-hatch?referringPage=SearchResults
Renault,Koleos,2015,No,$0,"101,429",," Right Front Damage, Structural Damage, Selling De-Registered","Automatic,",5,Diesel,https://manheim.co.nz/damaged-vehicles/000000000007430085/2015-renault-koleos-2-0-4x4-2-0d-4wd-6a-station-wagon?referringPage=SearchResults
Suzuki,Swift,2020,No,$0,N/A,," Front Damage, Airbags Deployed, Structural Damage, Selling De-Registered",N/A,5,Petrol,https://manheim.co.nz/damaged-vehicles/000000000007430096/2020-suzuki-swift-glc-1-2p-cvt-hatch?referringPage=SearchResults
Mitsubishi,ASX,2018,No,$0,"66,372",," Rear Damage, Structural Damage, Selling De-Registered","Automatic,",5,Petrol,https://manheim.co.nz/damaged-vehicles/000000000007450090/2018-mitsubishi-asx-xls-2-0p-cvt-station-wagon?referringPage=SearchResults
Volkswagen,Golf,2008,No,$0,N/A,," Rolled, Structural Damage, Stolen & Stripped, Selling De-Registered","Automatic,",5,Petrol,https://manheim.co.nz/damaged-vehicles/000000000007450096/2008-volkswagen-golf-hatch?referringPage=SearchResults
Mazda,Axela,2007,No,$0,"237,055",," Left Side Damage, Selling De-Registered","Automatic,",5,Petrol,https://manheim.co.nz/damaged-vehicles/000000000007430106/2007-mazda-axela-hatch?referringPage=SearchResults
Ford,Ranger,2007,No,$0,"205,397",," Front Damage, Structural Damage, Selling De-Registered","Automatic,",5,Diesel,https://manheim.co.nz/damaged-vehicles/000000000007450105/2007-ford-ranger-3-0td-xlt-dc-w-s-4x-dual-cab-utility?referringPage=SearchResults
Nissan,Navara,2002,No,$0,N/A,," Rear Damage, Right Front Damage, Vandalised - Interior, Structural Damage, Selling De-Registered",N/A,3,Diesel,https://manheim.co.nz/damaged-vehicles/000000000007450107/2002-nissan-navara-3-0-4wd-s-c-c-s-die-dual-cab-chassis?referringPage=SearchResults
Ford,Territory,2011,No,$0,"155,651",," Left Side Damage, Airbags Deployed, Structural Damage, Selling De-Registered","Automatic,",7,Petrol,https://manheim.co.nz/damaged-vehicles/000000000007440162/2011-ford-territory-station-wagon?referringPage=SearchResults
Mazda,Atenza,2011,No,$0,"217,901",," Left Side Damage, Structural Damage, Selling De-Registered",N/A,5,Petrol,https://manheim.co.nz/damaged-vehicles/000000000007440197/2011-mazda-atenza-sedan?referringPage=SearchResults
Holden,Captiva,2010,No,$0,"1,234",," Fire Damage, Selling De-Registered","5spd Automatic,",7,Petrol,https://manheim.co.nz/damaged-vehicles/000000000007430205/2010-holden-captiva-lx-awd-v6-at-station-wagon?referringPage=SearchResults
Mazda,Demio,2009,No,$0,"125,891",," Chassis Damage, Front Damage, Structural Damage, Selling De-Registered","4spd,",5,Petrol,https://manheim.co.nz/damaged-vehicles/000000000007430210/2009-mazda-demio-hatch?referringPage=SearchResults
Nissan,Urvan,2010,No,$0,N/A,," Front Damage, Structural Damage, Selling De-Registered",N/A,3,Diesel,https://manheim.co.nz/damaged-vehicles/000000000007440233/2010-nissan-urvan-3-0-diesel-manual-van?referringPage=SearchResults
Audi,A5,2014,No,$0,N/A,," Front Damage, Airbags Deployed, Structural Damage, Selling De-Registered","Automatic,",4,Petrol,https://manheim.co.nz/damaged-vehicles/000000000007430253/2014-audi-a5-2-0t-hatch?referringPage=SearchResults
Mazda,Axela,2006,No,$0,N/A,," Front Damage, Rear Damage, Structural Damage, Selling De-Registered",N/A,5,Petrol,https://manheim.co.nz/damaged-vehicles/000000000007430254/2006-mazda-axela-hatch?referringPage=SearchResults
Volkswagen,Golf,2015,No,$0,N/A,," Front Damage, Airbags Deployed, Structural Damage, Selling De-Registered","Automatic,",5,Petrol,https://manheim.co.nz/damaged-vehicles/000000000007430284/2015-volkswagen-golf-highline-hatch?referringPage=SearchResults
Ford,Endura,2018,No,$0,"64,003",," Left Side Damage, Right Side Damage, Structural Damage, Selling De-Registered","Automatic,",5,Diesel,https://manheim.co.nz/damaged-vehicles/000000000007450296/2018-ford-endura-st-line-2-0d-4wd-6a-station-wagon?referringPage=SearchResults
Ford,Mondeo,2005,No,$0,N/A,," Left Front Damage, Left Rear Damage, Right Front Damage, Right Rear Damage, Airbags Deployed, Selling De-Registered","Automatic,",5,Petrol,https://manheim.co.nz/damaged-vehicles/000000000007450305/2005-ford-mondeo-2-0-sedan-aut0-sedan?referringPage=SearchResults
Mazda,Demio,2007,Yes,$0,"178,997",," Front Damage, Glass Broken, Right Rear Damage, Vandalised - Interior, Stolen & Recovered, Selling Registered","Automatic,",5,Petrol,https://manheim.co.nz/damaged-vehicles/000000000007450316/2007-mazda-demio-hatch?referringPage=SearchResults
Toyota,Previa,2005,No,$0,N/A,," Front Damage, Structural Damage, Selling De-Registered",N/A,8,Petrol,https://manheim.co.nz/damaged-vehicles/000000000007450317/2005-toyota-previa-2-4p-wagon-4a-station-wagon?referringPage=SearchResults
Nissan,Tiida,2006,No,$0,"190,508",," Front Damage, Left Front Damage, Left Rear Damage, Right Front Damage, Airbags Deployed, Structural Damage, Selling De-Registered","Automatic,",5,Petrol,https://manheim.co.nz/damaged-vehicles/000000000007450320/2006-nissan-tiida-hatch?referringPage=SearchResults
Nissan,Tiida,2007,Yes,$0,N/A,," Interior Damage, Ignition Damage, Left Side Damage, Right Side Damage, Vandalised - Interior, Stolen & Recovered, Selling Registered",N/A,5,Petrol,https://manheim.co.nz/damaged-vehicles/000000000007440389/2007-nissan-tiida-latio-hatch?referringPage=SearchResults
Honda,Civic,2004,No,$0,N/A,," Left Side Damage, Structural Damage, Selling De-Registered",N/A,5,Petrol,https://manheim.co.nz/damaged-vehicles/000000000007450391/2004-honda-civic-sedan?referringPage=SearchResults
Suzuki,Swift,2009,No,$0,"91,596",," Front Damage, Structural Damage, Selling De-Registered","5spd Automatic,",5,Petrol,https://manheim.co.nz/damaged-vehicles/000000000007450418/2009-suzuki-swift-glxha2-1-5-5dr-hatch?referringPage=SearchResults
Mazda,Premacy,2008,No,$0,N/A,," Airbags Deployed, Front Damage, Airbags Deployed, Structural Damage, Selling De-Registered",N/A,7,Petrol,https://manheim.co.nz/damaged-vehicles/000000000007450422/2008-mazda-premacy-2000-station-wagon?referringPage=SearchResults
Nissan,Note,2017,No,$0,"102,646",," Left Front Damage, Left Rear Damage, Right Front Damage, Selling De-Registered","Automatic,",5,Petrol,https://manheim.co.nz/damaged-vehicles/000000000007430464/2017-nissan-note-hatch?referringPage=SearchResults
Mitsubishi,Mirage,2012,No,$0,"206,706",," Rear Damage, Structural Damage, Selling De-Registered",N/A,5,Petrol,https://manheim.co.nz/damaged-vehicles/000000000007450466/2012-mitsubishi-mirage-hatch?referringPage=SearchResults
Mazda,Demio,1997,No,$0,"358,567",," Left Rear Damage, Right Rear Damage, Selling De-Registered","Automatic,",5,Petrol,https://manheim.co.nz/damaged-vehicles/000000000007450467/1997-mazda-demio-hatch?referringPage=SearchResults
Nissan,Tiida,2007,No,$0,N/A,," Left Side Damage, Right Rear Damage, Structural Damage, Selling De-Registered",N/A,5,Petrol,https://manheim.co.nz/damaged-vehicles/000000000007440481/2007-nissan-tiida-hatch?referringPage=SearchResults
Holden,Trax,2014,No,$0,"72,150",," Left Front Damage, Right Front Damage, Selling De-Registered","Automatic,",5,Petrol,https://manheim.co.nz/damaged-vehicles/000000000007390544/2014-holden-trax-ltz-1-8p-6at-sw-4dr-station-wagon?referringPage=SearchResults
Mazda,BT-50,2006,No,$0,"302,560",," Chassis Damage, Front Damage, Structural Damage, Selling De-Registered","Automatic,",5,Diesel,https://manheim.co.nz/damaged-vehicles/000000000007440550/2006-mazda-bt-50-d-cab-w-s-4wd-sdx-a-dual-cab-chassis?referringPage=SearchResults
Toyota,Corolla,2012,Yes,$0,"89,981",," Glass Broken, Ignition Damage, Left Front Damage, Left Rear Damage, Left Side Damage, Vandalised - Interior, Stolen & Recovered, Selling Registered","Automatic,",5,Petrol,https://manheim.co.nz/damaged-vehicles/000000000007450559/2012-toyota-corolla-fielder-station-wagon?referringPage=SearchResults
Honda,CRV,2004,No,$0,N/A,," Front Damage, Structural Damage, Selling De-Registered",N/A,5,Petrol,https://manheim.co.nz/damaged-vehicles/000000000007450561/2004-honda-crv-2-4l-4wd-station-wagon?referringPage=SearchResults
Hyundai,I20,2013,No,$0,N/A,," Front Damage, Rear Damage, Selling De-Registered","Automatic,",5,Petrol,https://manheim.co.nz/damaged-vehicles/000000000007440571/2013-hyundai-i20-pb-1-4-a4-hatch?referringPage=SearchResults
Ford,Kuga,2014,Yes,$0,N/A,," Left Front Damage, Dismantled - Engine, Selling Registered","Automatic,",5,Diesel,https://manheim.co.nz/damaged-vehicles/000000000007410589/2014-ford-kuga-awd-2-0-diesel-auto-station-wagon?referringPage=SearchResults
Ford,Escape,2017,No,$0,N/A,," Right Rear Damage, Right Side Damage, Airbags Deployed, Underbody Damage, Selling De-Registered","Automatic,",5,Petrol,https://manheim.co.nz/damaged-vehicles/000000000007430607/2017-ford-escape-ambiente-fwd-petrol-station-wagon?referringPage=SearchResults
Mazda,Demio,2008,Yes,$0,N/A,," Right Side Damage, Vandalised - Interior, Stolen & Recovered, Selling Registered",N/A,5,Petrol,https://manheim.co.nz/damaged-vehicles/000000000007450609/2008-mazda-demio-hatch?referringPage=SearchResults
Honda,CRV Sport,2002,No,$0,N/A,," Front Damage, Structural Damage, Selling De-Registered",N/A,N/A,Petrol,https://manheim.co.nz/damaged-vehicles/000000000007450610/2002-honda-crv-sport-van?referringPage=SearchResults
Nissan,March,2000,No,$0,N/A,," Front Damage, Light Dmg, Structural Damage, Selling De-Registered","4spd Automatic,",5,Petrol,https://manheim.co.nz/damaged-vehicles/000000000007450611/2000-nissan-march-hatch?referringPage=SearchResults
Suzuki,Swift,2002,No,$0,"168,778",," Left Rear Damage, Rear Damage, Right Rear Damage, Structural Damage, Selling De-Registered","4spd Automatic,",5,Petrol,https://manheim.co.nz/damaged-vehicles/000000000007450637/2002-suzuki-swift-hatch?referringPage=SearchResults
Mazda,Demio,2007,Yes,$0,"110,561",," Ignition Damage, Stolen & Recovered, Selling Registered",N/A,5,Petrol,https://manheim.co.nz/damaged-vehicles/000000000007450679/2007-mazda-demio-hatch?referringPage=SearchResults
Lexus,IS300H,2014,No,N/A,"110,842",," Structural Damage, Selling De-Registered",N/A,5,Hybrid,https://manheim.co.nz/damaged-vehicles/000000000007440684/2014-lexus-is300h-sedan?referringPage=SearchResults
Holden,Adventra,2005,No,$0,N/A,," Right Rear Damage, Selling De-Registered","Automatic,",5,Petrol,https://manheim.co.nz/damaged-vehicles/000000000007430755/2005-holden-adventra-cx6-station-wagon?referringPage=SearchResults
Suzuki,Swift,2008,No,$0,N/A,," Front Damage, Structural Damage, Selling De-Registered",N/A,5,Petrol,https://manheim.co.nz/damaged-vehicles/000000000007430757/2008-suzuki-swift-sport-1-6l-hatch?referringPage=SearchResults
Honda,CBR,2021,No,$0,1,," Front Fork Damaged, Structural Damage, Selling De-Registered","Automatic,",N/A,Petrol,https://manheim.co.nz/damaged-vehicles/000000000007390754/2021-honda-cbr-650-p-motorcycle?referringPage=SearchResults
Toyota,Prius,2012,No,$0,"362,907",," Front Damage, Structural Damage, Selling De-Registered","Automatic,",5,Hybrid,https://manheim.co.nz/damaged-vehicles/000000000007440815/2012-toyota-prius-hatch?referringPage=SearchResults
Toyota,Passo,2008,No,$0,N/A,," Left Rear Damage, Rear Damage, Right Rear Damage, Structural Damage, Selling De-Registered","Automatic,",5,Petrol,https://manheim.co.nz/damaged-vehicles/000000000007440849/2008-toyota-passo-hatch?referringPage=SearchResults
Holden,Cruze,2011,No,$0,"94,710",," Left Front Damage, Left Rear Damage, Right Rear Damage, Underbody Damage, Selling De-Registered","Automatic,",5,Petrol,https://manheim.co.nz/damaged-vehicles/000000000007440862/2011-holden-cruze-sedan?referringPage=SearchResults
Mercedes-Benz,A180,2013,No,$0,"128,276",," Front Damage, Left Side Damage, Structural Damage, Under Body Damage, Selling De-Registered","5spd Automatic,",5,Petrol,https://manheim.co.nz/damaged-vehicles/000000000007450870/2013-mercedes-benz-a180-hatch?referringPage=SearchResults
Hyundai,Sonata,2005,No,$0,"95,731",," Front Damage, Rear Damage, Structural Damage, Selling De-Registered","Automatic,",5,Petrol,https://manheim.co.nz/damaged-vehicles/000000000007450885/2005-hyundai-sonata-sedan?referringPage=SearchResults
Nissan,Elgrand,2013,No,$0,"145,578",," Rear Damage, Structural Damage, Selling De-Registered","Automatic,",8,Petrol,https://manheim.co.nz/damaged-vehicles/000000000007440892/2013-nissan-elgrand-station-wagon?referringPage=SearchResults
Kia,Sorento,2022,No,N/A,N/A,," Left Side Damage, Airbags Deployed, Structural Damage, Water Damage, Selling De-Registered",N/A,7,Diesel,https://manheim.co.nz/damaged-vehicles/000000000007440957/2022-kia-sorento-lx-2-2dt-4wd-8am-station-wagon?referringPage=SearchResults
Ford,Escape,2008,No,$0,"188,958",," Left Front Damage, Roof Damage, Right Front Damage, Vandalised - Interior, Selling De-Registered","Automatic,",5,Petrol,https://manheim.co.nz/damaged-vehicles/000000000007400969/2008-ford-escape-xlt-v6-sport-station-wagon?referringPage=SearchResults
BMW,640i,2015,No,$0,"88,991",," Front Damage, Structural Damage, Selling De-Registered",N/A,5,Petrol,https://manheim.co.nz/damaged-vehicles/000000000007440992/2015-bmw-640i-sedan?referringPage=SearchResults
Ford,Fiesta,2012,No,$0,"17,000",," Left Front Damage, Left Side Damage, Right Front Damage, Right Side Damage, Airbags Deployed, Selling De-Registered","5spd Manual,",5,Petrol,https://manheim.co.nz/damaged-vehicles/000000000007401004/2012-ford-fiesta-5dr-1-6-m-zetec-hatch?referringPage=SearchResults
Toyota,Regius,2000,No,$0,N/A,," Front Damage, Glass Broken, Roof Damage, Structural Damage, Selling De-Registered","Automatic,",3,Diesel,https://manheim.co.nz/damaged-vehicles/000000000007441040/2000-toyota-regius-van?referringPage=SearchResults
Nissan,Bluebird,2009,No,$0,"208,078",," Front Damage, Rear Damage, Structural Damage, Selling De-Registered",N/A,5,Petrol,https://manheim.co.nz/damaged-vehicles/000000000007451042/2009-nissan-bluebird-slyphy-sedan?referringPage=SearchResults
Yamaha,YZF-R3A,2022,No,$0,N/A,," Front Damage, Left Side Damage, Right Side Damage, Structural Damage, Selling De-Registered","Manual,",N/A,Petrol,https://manheim.co.nz/damaged-vehicles/000000000007441095/2022-yamaha-yzf-r3a-m-motorcycle?referringPage=SearchResults
Mazda,Bongo,2013,No,$0,"230,414",," Structural Damage, Stolen & Recovered, Selling De-Registered","Automatic,",5,Petrol,https://manheim.co.nz/damaged-vehicles/000000000007441099/2013-mazda-bongo-van?referringPage=SearchResults
Toyota,Belta,2005,Yes,$0,"134,446",," Front Damage, Glass Broken, Ignition Damage, Left Rear Damage, Right Rear Damage, Vandalised - Interior, Stolen & Recovered, Selling Registered","Automatic,",5,Petrol,https://manheim.co.nz/damaged-vehicles/000000000007451112/2005-toyota-belta-sedan?referringPage=SearchResults
Mazda,Axela,2005,No,$0,N/A,," Front Damage, Structural Damage, Selling De-Registered",N/A,5,Petrol,https://manheim.co.nz/damaged-vehicles/000000000007431129/2005-mazda-axela-station-wagon?referringPage=SearchResults
Subaru,Impreza,2001,Yes,$0,"237,440",, Selling Registered,"4spd Automatic,",5,Petrol,https://manheim.co.nz/damaged-vehicles/000000000007431136/2001-subaru-impreza-20-n-station-wagon?referringPage=SearchResults
Nissan,Cube,2005,No,$0,"259,900",," Rear Damage, Structural Damage, Selling De-Registered",N/A,5,Petrol,https://manheim.co.nz/damaged-vehicles/000000000007431188/2005-nissan-cube-hatch?referringPage=SearchResults
Volkswagen,Polo,2012,No,$0,"117,475",," Left Rear Damage, Rear Damage, Right Front Damage, Right Rear Damage, Structural Damage, Selling De-Registered","Automatic,",5,Petrol,https://manheim.co.nz/damaged-vehicles/000000000007431202/2012-volkswagen-polo-77kw-tsi-7dsg-hatch?referringPage=SearchResults
Mazda,Axela,2004,No,$0,"237,246",," Left Front Damage, Left Rear Damage, Right Front Damage, Structural Damage, Selling De-Registered","Automatic,",5,Petrol,https://manheim.co.nz/damaged-vehicles/000000000007441235/2004-mazda-axela-hatch?referringPage=SearchResults
Volkswagen,Golf,2013,Yes,$0,"161,410",," Left Side Damage, Right Front Damage, Selling Registered","Automatic,",5,Petrol,https://manheim.co.nz/damaged-vehicles/000000000007441263/2013-volkswagen-golf-hatch?referringPage=SearchResults
Suzuki,GSX250FRLL9,2021,No,$0,N/A,, Selling De-Registered,"Automatic,",N/A,Petrol,https://manheim.co.nz/damaged-vehicles/000000000007411314/2021-suzuki-gsx250frll9-motorcycle?referringPage=SearchResults
LDV,T60,2019,No,$0,"170,047",," Right Front Damage, Structural Damage, Selling De-Registered",N/A,5,Diesel,https://manheim.co.nz/damaged-vehicles/000000000007441402/2019-ldv-t60-4wd-mt-2-8dt-4wd-6m-dual-cab-utility?referringPage=SearchResults
Toyota,Corolla,2006,Yes,$0,N/A,," Stolen & Recovered, Selling Registered","Automatic,",5,Petrol,https://manheim.co.nz/damaged-vehicles/000000000007411437/2006-toyota-corolla-1-8p-gl-hatch5-4a-hatch?referringPage=SearchResults
Holden,Commodore,2017,No,$0,"306,206",," Front Damage, Left Front Damage, Right Front Damage, Structural Damage, Selling De-Registered","Automatic,",5,Petrol,https://manheim.co.nz/damaged-vehicles/000000000007431446/2017-holden-commodore-vf2-sv6-3-6p-6at-sedan?referringPage=SearchResults
Hyundai,Tucson,2017,No,$0,N/A,," Fire Damage, Interior Damage, Selling De-Registered","Automatic,",5,Petrol,https://manheim.co.nz/damaged-vehicles/000000000007441453/2017-hyundai-tucson-gdi-elite-2-0p-6at--station-wagon?referringPage=SearchResults
Land Rover,Discovery,2007,No,$0,"193,190",," Roof Damage, Structural Damage, Water Damage, Selling De-Registered","Automatic,",7,Petrol,https://manheim.co.nz/damaged-vehicles/000000000007421498/2007-landrover-discovery-station-wagon?referringPage=SearchResults
Toyota,Aqua,2014,Yes,N/A,"44,519",," Stolen & Recovered, Selling Registered",N/A,5,Hybrid,https://manheim.co.nz/damaged-vehicles/000000000007441504/2014-toyota-aqua-hatch?referringPage=SearchResults
Kawasaki,KLX,2018,No,$0,N/A,," Interior Damage, Ignition Damage, Tank Damage, Structural Damage, Selling De-Registered",N/A,N/A,Petrol,https://manheim.co.nz/damaged-vehicles/000000000007421512/2018-kawasaki-klx-250s-motorcycle?referringPage=SearchResults
Toyota,Aqua,2016,No,$0,N/A,," Front Damage, Ignition Damage, Rear Damage, Structural Damage, Stolen & Recovered, Selling De-Registered","Automatic,",5,Hybrid,https://manheim.co.nz/damaged-vehicles/000000000007441557/2016-toyota-aqua-hybrid-hatch?referringPage=SearchResults
Mitsubishi,ASX,2021,No,$0,"66,819",," Front Damage, Airbags Deployed, Structural Damage, Selling De-Registered","Automatic,",5,Petrol,https://manheim.co.nz/damaged-vehicles/000000000007441570/2021-mitsubishi-asx-station-wagon?referringPage=SearchResults
Nissan,Wingroad,2006,No,$0,"179,102",," Left Front Damage, Left Side Damage, Structural Damage, Suspension Damage, Selling De-Registered",N/A,5,Petrol,https://manheim.co.nz/damaged-vehicles/000000000007431619/2006-nissan-wingroad-station-wagon?referringPage=SearchResults
Nissan,Cube,2010,No,$0,N/A,," Front Damage, Left Front Damage, Structural Damage, Accident Damage, Selling De-Registered",N/A,5,Petrol,https://manheim.co.nz/damaged-vehicles/000000000007421769/2010-nissan-cube-hatch?referringPage=SearchResults
Nissan,Vanette,2018,No,$0,N/A,," Structural Damage, Stolen & Recovered, Selling De-Registered","Automatic,",5,Petrol,https://manheim.co.nz/damaged-vehicles/000000000007441857/2018-nissan-vanette-utility?referringPage=SearchResults
Mazda,Premacy,2013,No,$0,N/A,," Right Side Damage, Structural Damage, Selling De-Registered","Automatic,",7,Petrol,https://manheim.co.nz/damaged-vehicles/000000000007441858/2013-mazda-premacy-station-wagon?referringPage=SearchResults
Toyota,Aqua,2015,No,$0,N/A,," Rear Damage, Structural Damage, Selling De-Registered",N/A,5,Hybrid,https://manheim.co.nz/damaged-vehicles/000000000007411869/2015-toyota-aqua-hatch?referringPage=SearchResults
Mitsubishi,ASX,2025,No,$0,"8,514",," Front Damage, Airbags Deployed, Structural Damage, Selling De-Registered","Automatic,",5,Petrol,https://manheim.co.nz/damaged-vehicles/000000000007431891/2025-mitsubishi-asx-ls-2-0p-cvt-station-wagon?referringPage=SearchResults
Toyota,Corolla,2009,No,$0,N/A,," Front Damage, Structural Damage, Selling De-Registered","Automatic,",5,Petrol,https://manheim.co.nz/damaged-vehicles/000000000007431915/2009-toyota-corolla-1-8p-gx-sedan-4-4a-sedan?referringPage=SearchResults
Nissan,Terrano,1998,No,$0,N/A,," Fire Damage, Structural Damage, Stolen & Recovered, Selling De-Registered","5spd,",5,Diesel,https://manheim.co.nz/damaged-vehicles/000000000007431952/1998-nissan-terrano-g3mr-station-wagon?referringPage=SearchResults
Mazda,626,1996,Yes,$0,"322,344",," Glass Broken, Ignition Damage, Left Front Damage, Left Rear Damage, Vandalised - Interior, Stolen & Recovered, Selling Registered","Automatic,",5,Petrol,https://manheim.co.nz/damaged-vehicles/000000000007422018/1996-mazda-626-sedan-glx-2-0-m5-sedan?referringPage=SearchResults
Ford,Falcon,2016,No,$0,N/A,," Left Front Damage, Left Rear Damage, Left Side Damage, Selling De-Registered","Automatic,",5,Petrol,https://manheim.co.nz/damaged-vehicles/000000000007392021/2016-ford-falcon-xr6-sedan-auto-4-0p-sedan?referringPage=SearchResults
Honda,Civic,2000,No,$0,"217,613",," Front Damage, Structural Damage, Selling De-Registered","Automatic,",5,Petrol,https://manheim.co.nz/damaged-vehicles/000000000007422096/2000-honda-civic-gli-sedan?referringPage=SearchResults
Mercedes-Benz,GLA180,2015,No,$0,N/A,," Left Front Damage, Left Side Damage, Structural Damage, Suspension Damage, Selling De-Registered","Automatic,",5,Petrol,https://manheim.co.nz/damaged-vehicles/000000000007442123/2015-mercedes-benz-gla180-station-wagon?referringPage=SearchResults
Subaru,Legacy,2009,No,$0,N/A,," Front Damage, Right Front Damage, Structural Damage, Selling De-Registered","5spd Automatic,",5,Petrol,https://manheim.co.nz/damaged-vehicles/000000000007432162/2009-subaru-legacy-station-wagon?referringPage=SearchResults
Audi,A3,2015,No,$0,"108,006",," Left Rear Damage, Right Front Damage, Right Rear Damage, Right Side Damage, Airbags Deployed, Structural Damage, Selling De-Registered","Automatic,",5,Petrol,https://manheim.co.nz/damaged-vehicles/000000000007442170/2015-audi-a3-station-wagon?referringPage=SearchResults
Ford,Mondeo,2010,No,$0,"141,221",," Left Front Damage, Left Rear Damage, Right Front Damage, Airbags Deployed, Selling De-Registered","Automatic,",5,Diesel,https://manheim.co.nz/damaged-vehicles/000000000007442252/2010-ford-mondeo-2-0td-sedan-a-sedan?referringPage=SearchResults
Volvo,XC60,2013,Yes,$0,"184,514",, Selling Registered,"6spd Automatic,",5,Petrol,https://manheim.co.nz/damaged-vehicles/000000000007432302/2013-volvo-xc60-hatch?referringPage=SearchResults
Audi,S3,2009,No,$0,"137,312",," Water Damage, Selling De-Registered","Automatic,",5,Petrol,https://manheim.co.nz/damaged-vehicles/000000000007432306/2009-audi-s3-hatch?referringPage=SearchResults
Toyota,Aqua,2015,No,$0,"181,538",," Front Damage, Glass Broken, Ignition Damage, Rear Damage, Structural Damage, Stolen & Recovered, Selling De-Registered","Automatic,",5,Hybrid,https://manheim.co.nz/damaged-vehicles/000000000007442356/2015-toyota-aqua-hybrid-hatch?referringPage=SearchResults
Mazda,MAZDA2,2017,No,$0,N/A,," Front Damage, Left Front Damage, Roof Damage, Right Front Damage, Structural Damage, Selling De-Registered","Automatic,",5,Petrol,https://manheim.co.nz/damaged-vehicles/000000000007442388/2017-mazda-mazda2-gsx-1-5p-6at-hatch?referringPage=SearchResults
Nissan,Bluebird,2006,No,$0,"200,040",," Front Damage, Left Front Damage, Left Rear Damage, Rear Damage, Right Rear Damage, Vandalised - Interior, Structural Damage, Stolen & Recovered, Selling De-Registered","Automatic,",5,Petrol,https://manheim.co.nz/damaged-vehicles/000000000007442532/2006-nissan-bluebird-sylphy-sedan?referringPage=SearchResults
Ford,Falcon UTE,2003,No,$0,N/A,," Left Front Damage, Left Rear Damage, Right Front Damage, Right Rear Damage, Vandalised - Interior, Selling De-Registered","Automatic,",2,Petrol,https://manheim.co.nz/damaged-vehicles/000000000007442543/2003-ford-falcon-ute-ba-xr8-pick-up-fa-utility?referringPage=SearchResults
Holden,Commodore,2005,No,$0,N/A,," Left Front Damage, Right Front Damage, Right Rear Damage, Airbags Deployed, Selling De-Registered","Automatic,",5,Petrol,https://manheim.co.nz/damaged-vehicles/000000000007442558/2005-holden-commodore-s-v6-auto-sedan?referringPage=SearchResults
Toyota,Aqua,2016,No,$0,"186,385",," Left Side Damage, Structural Damage, Suspension Damage, Selling De-Registered",N/A,5,Hybrid,https://manheim.co.nz/damaged-vehicles/000000000007442565/2016-toyota-aqua-hatch?referringPage=SearchResults
Toyota,Aqua,2014,No,$0,N/A,," Front Damage, Right Front Damage, Airbags Deployed, Structural Damage, Suspension Damage, Selling De-Registered","Automatic,",5,Hybrid,https://manheim.co.nz/damaged-vehicles/000000000007422565/2014-toyota-aqua-hybrid-hatch?referringPage=SearchResults
Holden,VT Commodore,1999,No,$0,N/A,," Dismantled - Entire Vehicle, Selling De-Registered","Automatic,",5,Petrol,https://manheim.co.nz/damaged-vehicles/000000000007442583/1999-holden-vt-commodore-5-7-ss-sed-aut-sedan?referringPage=SearchResults
Ford,Falcon,2007,No,$0,"83,597",," Dismantled - Entire Vehicle, Selling De-Registered","Automatic,",5,Petrol,https://manheim.co.nz/damaged-vehicles/000000000007442595/2007-ford-falcon-bf2-xr6-sedan-a-sedan?referringPage=SearchResults
Nissan,Bluebird,2008,Yes,$0,N/A,," Right Side Damage, Selling Registered","Automatic,",5,Petrol,https://manheim.co.nz/damaged-vehicles/000000000007432590/2008-nissan-bluebird-sylphy-sedan?referringPage=SearchResults
Toyota,Prius,2012,No,$0,N/A,," Right Front Damage, Structural Damage, Selling De-Registered","Automatic,",5,Hybrid,https://manheim.co.nz/damaged-vehicles/000000000007412650/2012-toyota-prius-hatch?referringPage=SearchResults
Holden,Barina,2017,No,$0,11,," Left Front Damage, Left Rear Damage, Right Rear Damage, Airbags Deployed, Selling De-Registered","Automatic,",5,Petrol,https://manheim.co.nz/damaged-vehicles/000000000007452651/2017-holden-barina-ls-1-6p-6at-hatch?referringPage=SearchResults
Toyota,Aqua,2014,Yes,N/A,N/A,," Ignition Damage, Right Front Damage, Vandalised - Interior, Stolen & Recovered, Selling Registered","Automatic,",5,Hybrid,https://manheim.co.nz/damaged-vehicles/000000000007422775/2014-toyota-aqua-hatch?referringPage=SearchResults
Toyota,Crown,2013,No,$0,N/A,," Right Front Damage, Right Side Damage, Structural Damage, Suspension Damage, Selling De-Registered","Automatic,",5,Hybrid,https://manheim.co.nz/damaged-vehicles/000000000007412796/2013-toyota-crown-sedan?referringPage=SearchResults
Subaru,Impreza,2011,No,$0,"171,403",," Rear Damage, Structural Damage, Selling De-Registered",N/A,5,Petrol,https://manheim.co.nz/damaged-vehicles/000000000007442836/2011-subaru-impreza-sedan-wrx-2-5-man-sedan?referringPage=SearchResults
Mazda,Capella,2001,Yes,$0,"116,434",," Glass Broken, Ignition Damage, Structural Damage, Stolen & Recovered, Selling Registered",N/A,5,Petrol,https://manheim.co.nz/damaged-vehicles/000000000007442839/2001-mazda-capella-sedan?referringPage=SearchResults
Porsche,944,1984,No,$0,"40,049",," Front Damage, Roof Damage, Structural Damage, Selling De-Registered","5spd Manual,",4,Petrol,https://manheim.co.nz/damaged-vehicles/000000000007432848/1984-porsche-944-hatch?referringPage=SearchResults
Holden,Equinox,2020,No,$0,"33,461",," Front Damage, Structural Damage, Selling De-Registered","Automatic,",5,Petrol,https://manheim.co.nz/damaged-vehicles/000000000007442868/2020-holden-equinox-ltz-2-0p-9at-2-0l-station-wagon?referringPage=SearchResults
Holden,Astra,2002,No,$0,N/A,," Left Front Damage, Left Rear Damage, Right Front Damage, Selling De-Registered","Automatic,",5,Petrol,https://manheim.co.nz/damaged-vehicles/000000000007452860/2002-holden-astra-city-hatch-1-8l-aut-hatch?referringPage=SearchResults
Audi,A5,2010,No,$0,"90,066",," Left Side Damage, Structural Damage, Selling De-Registered","Automatic,",4,Petrol,https://manheim.co.nz/damaged-vehicles/000000000007442875/2010-audi-a5-cabriolet-coup%C3%A9?referringPage=SearchResults
Holden,Barina Spark,2011,No,$0,N/A,," Left Front Damage, Left Rear Damage, Right Front Damage, Right Rear Damage, Airbags Deployed, Selling De-Registered","5spd Manual,",5,Petrol,https://manheim.co.nz/damaged-vehicles/000000000007452876/2011-holden-barina-spark-cdx-mt-hatch?referringPage=SearchResults
Suzuki,Swift,2020,No,$0,N/A,," Airbags Deployed, Front Damage, Left Side Damage, Right Side Damage, Airbags Deployed, Structural Damage, Selling De-Registered","Automatic,",5,Petrol,https://manheim.co.nz/damaged-vehicles/000000000007442883/2020-suzuki-swift-gl-1-2p-cvt-hatch?referringPage=SearchResults
Nissan,Leaf,2016,Yes,$0,"164,814",, Selling Registered,"Automatic, Drive Type, Front Wheel Drive, Fuel Type, Electri",5,Electric,https://manheim.co.nz/damaged-vehicles/000000000007442888/2016-nissan-leaf-hatch?referringPage=SearchResults
Holden,Commodore,2004,No,$0,N/A,," Left Front Damage, Left Rear Damage, Right Rear Damage, Selling De-Registered","Automatic,",5,Petrol,https://manheim.co.nz/damaged-vehicles/000000000007452903/2004-holden-commodore-executive-wagon-v6-station-wagon?referringPage=SearchResults
Toyota,Vitz,2007,No,$0,"106,132",," Front Damage, Right Side Damage, Structural Damage, Selling De-Registered",N/A,5,Petrol,https://manheim.co.nz/damaged-vehicles/000000000007432911/2007-toyota-vitz-hatch?referringPage=SearchResults
Mazda,Axela,2008,No,$0,N/A,," Roof Damage, Right Side Damage, Structural Damage, Selling De-Registered",N/A,5,Petrol,https://manheim.co.nz/damaged-vehicles/000000000007442951/2008-mazda-axela-hatch?referringPage=SearchResults
Ssangyong,Actyon Sport,2014,Yes,$0,N/A,, Selling Registered,"6spd Automatic,",5,Diesel,https://manheim.co.nz/damaged-vehicles/000000000007442989/2014-ssangyong-actyon-sport-4x4-auto-diesel-dual-cab-chassis?referringPage=SearchResults
Nissan,March,2016,No,$0,N/A,," Front Damage, Rear Damage, Structural Damage, Selling De-Registered",N/A,5,Petrol,https://manheim.co.nz/damaged-vehicles/000000000007432993/2016-nissan-march-hatch?referringPage=SearchResults
BRIFORD,8X4 BBQ Shuttle,2015,No,$801,N/A,0," Structural Damage, Selling De-Registered",N/A,N/A,N/A,https://manheim.co.nz/damaged-vehicles/000000000007423005/2015-briford-8x4-bbq-shuttle-camper-trailer?referringPage=SearchResults
Holden,Commodore,2008,No,$0,"129,000",," Left Front Damage, Left Rear Damage, Right Front Damage, Right Rear Damage, Selling De-Registered","Automatic,",5,Petrol,https://manheim.co.nz/damaged-vehicles/000000000007453049/2008-holden-commodore-omega-sedan-auto-sedan?referringPage=SearchResults
Holden,Astra,2004,No,$0,N/A,," Left Front Damage, Right Front Damage, Right Rear Damage, Selling De-Registered","5spd Automatic,",5,Petrol,https://manheim.co.nz/damaged-vehicles/000000000007453064/2004-holden-astra-city-hatch-manual-hatch?referringPage=SearchResults
Subaru,Impreza,2008,No,$0,N/A,," Front Damage, Structural Damage, Selling De-Registered",N/A,5,Petrol,https://manheim.co.nz/damaged-vehicles/000000000007453078/2008-subaru-impreza-hatch-2-0r-sport-au-hatch?referringPage=SearchResults
Honda,fit,2013,No,$0,"173,849",," Right Side Damage, Structural Damage, Selling De-Registered",N/A,5,Hybrid,https://manheim.co.nz/damaged-vehicles/000000000007413109/2013-honda-fit-hatch?referringPage=SearchResults
Nissan,Skyline,2009,Yes,$0,"208,873",," Front Damage, Selling Registered","Automatic,",5,Petrol,https://manheim.co.nz/damaged-vehicles/000000000007443172/2009-nissan-skyline-sedan?referringPage=SearchResults
Volkswagen,Tiguan,2023,Yes,N/A,"61,733",," Engine Damage, Selling Registered","Automatic,",7,Petrol,https://manheim.co.nz/damaged-vehicles/000000000007413194/2023-volkswagen-tiguan-allspace-style-awd-station-wagon?referringPage=SearchResults
Toyota,SAI,2013,No,N/A,"90,741",," Front Damage, Left Side Damage, Structural Damage, Suspension Damage, Selling De-Registered","5spd Automatic,",5,Hybrid,https://manheim.co.nz/damaged-vehicles/000000000007433288/2013-toyota-sai-hybrid-sedan?referringPage=SearchResults
Ford,Transit,2016,No,"$8,000","199,318",," Left Front Damage, Left Side Damage, Right Front Damage, Right Side Damage, Dismantled - Interior","Manual,",3,N/A,https://manheim.co.nz/damaged-vehicles/000000000007433322/2016-ford-transit-350l-lwb-van-2-2d-6-van?referringPage=SearchResults
Audi,A3,2008,Yes,$0,"182,920",," Glass Broken, Right Rear Damage, Stolen & Recovered, Selling Registered","Automatic,",5,Petrol,https://manheim.co.nz/damaged-vehicles/000000000007443342/2008-audi-a3-1-8t-fsi-s-tronic-hatch?referringPage=SearchResults
Holden,VT Commodore,1997,No,$0,N/A,," Left Front Damage, Right Front Damage, Airbags Deployed, Selling De-Registered","Automatic,",5,Petrol,https://manheim.co.nz/damaged-vehicles/000000000007453353/1997-holden-vt-commodore-5-0-ss-sed-aut-sedan?referringPage=SearchResults
Ford,Utility,1997,No,$0,N/A,," Left Front Damage, Left Rear Damage, Right Front Damage, Dismantled - Interior, Selling De-Registered","Automatic,",2,Petrol,https://manheim.co.nz/damaged-vehicles/000000000007453354/1997-ford-utility-xr6-auto-ute-utility?referringPage=SearchResults
Ford,Focus,2007,No,$0,"70,000",," Left Front Damage, Left Rear Damage, Right Front Damage, Right Rear Damage, Airbags Deployed, Selling De-Registered","5spd Manual,",5,Petrol,https://manheim.co.nz/damaged-vehicles/000000000007453355/2007-ford-focus-2-0-m-hatch-hatch?referringPage=SearchResults
Holden,Commodore,2004,No,$0,"76,350",," Left Front Damage, Right Front Damage, Airbags Deployed, Selling De-Registered","Automatic,",5,Petrol,https://manheim.co.nz/damaged-vehicles/000000000007453365/2004-holden-commodore-s-v6-auto-sedan?referringPage=SearchResults
Toyota,Aqua,2012,No,$0,"43,756",," Right Front Damage, Structural Damage, Selling De-Registered",N/A,5,Hybrid,https://manheim.co.nz/damaged-vehicles/000000000007423492/2012-toyota-aqua-hatch?referringPage=SearchResults
Holden,Trax,2016,No,$0,"91,061",," Left Rear Damage, Structural Damage, Selling De-Registered","Automatic,",5,Petrol,https://manheim.co.nz/damaged-vehicles/000000000007433560/2016-holden-trax-ls-1-8p-6at-sw-4dr--station-wagon?referringPage=SearchResults
Honda,CRV,2006,No,$0,"223,939",," Left Side Damage, Structural Damage, Selling De-Registered",N/A,5,Petrol,https://manheim.co.nz/damaged-vehicles/000000000007443560/2006-honda-crv-zl-station-wagon?referringPage=SearchResults
Volkswagen,Tiguan,2012,Yes,$0,N/A,, Selling Registered,N/A,5,Diesel,https://manheim.co.nz/damaged-vehicles/000000000007443569/2012-volkswagen-tiguan-tdi-103kw-7dsg-hatch?referringPage=SearchResults
Toyota,Hilux,2016,No,N/A,N/A,," Chassis Damage, Left Side Damage, Rear Damage, Structural Damage, Selling De-Registered","Automatic,",5,Diesel,https://manheim.co.nz/damaged-vehicles/000000000007443578/2016-toyota-hilux-sr-td-dc-2-8d-4wd-6-dual-cab-utility?referringPage=SearchResults
Subaru,Legacy,2016,Yes,N/A,"140,180",," Glass Broken, Interior Damage, Left Side Damage, Right Side Damage, Selling Registered","CVT,",5,Petrol,https://manheim.co.nz/damaged-vehicles/000000000007443603/2016-subaru-legacy-sedan?referringPage=SearchResults
Holden,Barina,2013,No,$0,N/A,," Left Front Damage, Right Front Damage, Selling De-Registered","Automatic,",5,Petrol,https://manheim.co.nz/damaged-vehicles/000000000007433637/2013-holden-barina-cd-1-6p6a-ha5s-hatch?referringPage=SearchResults
Toyota,Corolla,2014,No,$0,N/A,," Front Damage, Structural Damage, Selling De-Registered","Automatic,",5,Hybrid,https://manheim.co.nz/damaged-vehicles/000000000007443660/2014-toyota-corolla-fielder-station-wagon?referringPage=SearchResults
Ford,Falcon UTE,2006,No,$0,N/A,," Left Front Damage, Left Rear Damage, Right Front Damage, Airbags Deployed, Dismantled - Interior, Selling De-Registered",N/A,2,Petrol,https://manheim.co.nz/damaged-vehicles/000000000007433725/2006-ford-falcon-ute-dual-cab-utility?referringPage=SearchResults
Volkswagen,Passat,2014,Yes,$0,"192,735",, Selling Registered,"6spd Automatic,",5,Diesel,https://manheim.co.nz/damaged-vehicles/000000000007443800/2014-volkswagen-passat-variant-tdi-103kw-t-station-wagon?referringPage=SearchResults
Suzuki,Swift,2016,No,$0,"101,704",," Left Front Damage, Left Rear Damage, Right Side Damage, Structural Damage, Selling De-Registered","Automatic,",5,Petrol,https://manheim.co.nz/damaged-vehicles/000000000007443802/2016-suzuki-swift-glxab-1-4p-4at-ha-5-hatch?referringPage=SearchResults
Toyota,Aqua,2013,No,$0,"172,307",," Front Damage, Left Front Damage, Left Side Damage, Right Front Damage, Right Side Damage, Structural Damage, Selling De-Registered","Automatic,",5,Hybrid,https://manheim.co.nz/damaged-vehicles/000000000007443808/2013-toyota-aqua-hybrid-hatch?referringPage=SearchResults
Renault,Koleos,2011,Yes,$0,"334,872",," Stolen & Recovered, Selling Registered","6spd Automatic,",5,Diesel,https://manheim.co.nz/damaged-vehicles/000000000007413811/2011-renault-koleos-2-0dci-4dr-4wd-suv-station-wagon?referringPage=SearchResults
Nissan,Tiida,2006,No,$0,"112,664",," Front Damage, Structural Damage, Selling De-Registered",N/A,5,Petrol,https://manheim.co.nz/damaged-vehicles/000000000007423821/2006-nissan-tiida-sedan?referringPage=SearchResults
Mitsubishi,Lancer,2003,No,$0,"199,479",," Front Damage, Structural Damage, Selling De-Registered","Automatic,",5,Petrol,https://manheim.co.nz/damaged-vehicles/000000000007433829/2003-mitsubishi-lancer-station-wagon?referringPage=SearchResults
BMW,Mini,2015,No,$0,"129,180",," Front Damage, Right Side Damage, Structural Damage, Selling De-Registered","Manual,",5,Petrol,https://manheim.co.nz/damaged-vehicles/000000000007433864/2015-bmw-mini-crossover-hatch?referringPage=SearchResults
Volkswagen,Golf,2015,Yes,$0,N/A,," Left Front Damage, Left Rear Damage, Selling Registered",N/A,4,Petrol,https://manheim.co.nz/damaged-vehicles/000000000007443925/2015-volkswagen-golf-cabriolet-tsi-90kw-coup%C3%A9?referringPage=SearchResults
Mitsubishi,Colt,2010,No,$0,N/A,," Front Damage, Structural Damage, Selling De-Registered",N/A,5,Petrol,https://manheim.co.nz/damaged-vehicles/000000000007433945/2010-mitsubishi-colt-hatch?referringPage=SearchResults
Ford,Falcon,2009,No,$0,"293,704",," Left Front Damage, Left Rear Damage, Right Front Damage, Right Rear Damage, Vandalised - Interior, Selling De-Registered","5spd Automatic,",5,Petrol,https://manheim.co.nz/damaged-vehicles/000000000007444089/2009-ford-falcon-fg-xt-sedan-fa-sedan?referringPage=SearchResults
Renault,Captur,2020,No,$0,"85,488",," Structural Damage, Selling De-Registered","Automatic,",5,Petrol,https://manheim.co.nz/damaged-vehicles/000000000007444126/2020-renault-captur-dynamique-1-2p-6am-hatch?referringPage=SearchResults
Suzuki,Swift Hatachback,2004,No,$0,N/A,," Right Front Damage, Structural Damage, Selling De-Registered","Automatic,",5,Petrol,https://manheim.co.nz/damaged-vehicles/000000000007444129/2004-suzuki-swift-hatachback-hatch?referringPage=SearchResults
Citroen,C3,2018,No,$0,"33,662",," Right Front Damage, Right Rear Damage, Right Side Damage, Dismantled - Interior, Structural Damage, Selling De-Registered","Automatic,",5,Petrol,https://manheim.co.nz/damaged-vehicles/000000000007434127/2018-citroen-c3-aircross-shine-1-2p-hatch?referringPage=SearchResults
Toyota,Yaris,2008,No,$0,"199,823",," Front Damage, Structural Damage, Selling De-Registered","Automatic,",5,Petrol,https://manheim.co.nz/damaged-vehicles/000000000007444132/2008-toyota-yaris-1-3p-hatch5-4a-hatch?referringPage=SearchResults
Nissan,Skyline,2008,No,$0,"111,760",," Rear Damage, Structural Damage, Selling De-Registered","Automatic,",5,Petrol,https://manheim.co.nz/damaged-vehicles/000000000007444133/2008-nissan-skyline-sedan?referringPage=SearchResults
Ford,Courier XLT Wellside,2004,No,$0,N/A,," Front Damage, Left Front Damage, Right Front Damage, Structural Damage, Selling De-Registered","Automatic,",4,Petrol,https://manheim.co.nz/damaged-vehicles/000000000007444134/2004-ford-courier-xlt-wellside-utility?referringPage=SearchResults
Toyota,Vanguard,2008,No,$0,"230,253",," Left Front Damage, Left Rear Damage, Left Side Damage, Structural Damage, Selling De-Registered","Automatic,",7,Petrol,https://manheim.co.nz/damaged-vehicles/000000000007444137/2008-toyota-vanguard-station-wagon?referringPage=SearchResults
Nissan,Vanette,2008,Yes,$0,N/A,," Right Front Damage, Selling Registered","4spd Automatic,",3,Petrol,https://manheim.co.nz/damaged-vehicles/000000000007444141/2008-nissan-vanette-van?referringPage=SearchResults
Mazda,Premacy,2007,No,$0,"256,706",," Rear Damage, Right Rear Damage, Structural Damage, Selling De-Registered","Automatic,",7,Petrol,https://manheim.co.nz/damaged-vehicles/000000000007434161/2007-mazda-premacy-station-wagon?referringPage=SearchResults
Honda,Integra,2005,No,N/A,"220,595",," Structural Damage, Selling De-Registered","Automatic,",4,Petrol,https://manheim.co.nz/damaged-vehicles/000000000007434195/2005-honda-integra-coup%C3%A9?referringPage=SearchResults
Suzuki,Swift,2008,No,$0,"175,372",," Right Rear Damage, Right Side Damage, Structural Damage, Selling De-Registered","Automatic,",5,Petrol,https://manheim.co.nz/damaged-vehicles/000000000007444196/2008-suzuki-swift-hatch?referringPage=SearchResults
Hyundai,I40,2016,No,$0,N/A,," Right Rear Damage, Structural Damage, Selling De-Registered",N/A,5,Petrol,https://manheim.co.nz/damaged-vehicles/000000000007444197/2016-hyundai-i40-wagon-2-0-a6-station-wagon?referringPage=SearchResults
Toyota,Corolla,1999,No,$0,"292,982",," Left Rear Damage, Structural Damage, Selling De-Registered","Automatic,",5,Petrol,https://manheim.co.nz/damaged-vehicles/000000000007444200/1999-toyota-corolla-xe-saloon-sedan?referringPage=SearchResults
Honda,fit,2005,No,$0,"194,332",," Front Damage, Structural Damage, Selling De-Registered",N/A,5,Petrol,https://manheim.co.nz/damaged-vehicles/000000000007444208/2005-honda-fit-hatch?referringPage=SearchResults
Hyundai,Lavita,2005,No,$0,"142,718",," Front Damage, Hard Hit, Structural Damage, Selling De-Registered",N/A,5,Petrol,https://manheim.co.nz/damaged-vehicles/000000000007444223/2005-hyundai-lavita-1-8-gls-5d-a4-hatch?referringPage=SearchResults
Toyota,Hilux,1995,No,$0,"361,160",," Rolled, Structural Damage, Selling De-Registered","Automatic,",5,Diesel,https://manheim.co.nz/damaged-vehicles/000000000007444227/1995-toyota-hilux-station-wagon?referringPage=SearchResults
Mazda,Axela,2014,No,$0,N/A,," Right Front Damage, Structural Damage, Selling De-Registered","Automatic,",5,Petrol,https://manheim.co.nz/damaged-vehicles/000000000007444233/2014-mazda-axela-hatch?referringPage=SearchResults
BMW,Mini Cooper,2007,No,$0,"119,522",," Left Side Damage, Airbags Deployed, Structural Damage, Selling De-Registered",N/A,4,Petrol,https://manheim.co.nz/damaged-vehicles/000000000007444234/2007-bmw-mini-cooper-s-hatch?referringPage=SearchResults
Mazda,MPV,2005,No,$0,1,," Fire Damage, Structural Damage, Stolen & Recovered, Selling De-Registered",N/A,7,Petrol,https://manheim.co.nz/damaged-vehicles/000000000007444238/2005-mazda-mpv-station-wagon?referringPage=SearchResults
Toyota,Aqua,2013,No,$0,N/A,," Front Damage, Right Side Damage, Structural Damage, Selling De-Registered","Automatic,",5,Hybrid,https://manheim.co.nz/damaged-vehicles/000000000007424237/2013-toyota-aqua-hatch?referringPage=SearchResults
Honda,Insight,2011,No,$0,N/A,," Front Damage, Structural Damage, Selling De-Registered",N/A,5,Petrol,https://manheim.co.nz/damaged-vehicles/000000000007444241/2011-honda-insight-s-1-3p-cvt-hatch?referringPage=SearchResults
Ssangyong,Korando,2014,No,$0,N/A,," Left Side Damage, Structural Damage, Selling De-Registered","Automatic,",5,Petrol,https://manheim.co.nz/damaged-vehicles/000000000007444244/2014-ssangyong-korando-petrol-auto-limited-station-wagon?referringPage=SearchResults
Toyota,Estima,2008,No,$0,"203,396",," Rear Damage, Structural Damage, Selling De-Registered","Automatic,",7,Hybrid,https://manheim.co.nz/damaged-vehicles/000000000007444259/2008-toyota-estima-e-four-g-station-wagon?referringPage=SearchResults
Nissan,Qashqai,2021,No,N/A,N/A,," Front Damage, Structural Damage, Selling De-Registered",N/A,5,Petrol,https://manheim.co.nz/damaged-vehicles/000000000007444265/2021-nissan-qashqai-ti-2-0p-cvt-station-wagon?referringPage=SearchResults
Mazda,Demio,2007,No,$0,"232,647",," Rear Damage, Structural Damage, Selling De-Registered","Automatic,",5,Petrol,https://manheim.co.nz/damaged-vehicles/000000000007444267/2007-mazda-demio-hatch?referringPage=SearchResults
BMW,Mini,2006,No,$0,N/A,," Chassis Damage, Front Damage, Structural Damage, Selling De-Registered",N/A,4,Petrol,https://manheim.co.nz/damaged-vehicles/000000000007444272/2006-bmw-mini-cooper-s-hatch?referringPage=SearchResults
Nissan,Note,2013,No,$0,N/A,," Chassis Damage, Front Damage, Glass Broken, Right Front Damage, Structural Damage, Selling De-Registered",N/A,5,Petrol,https://manheim.co.nz/damaged-vehicles/000000000007444277/2013-nissan-note-hatch?referringPage=SearchResults
Toyota,Blade,2007,No,$0,N/A,," Front Damage, Structural Damage, Selling De-Registered","Automatic,",5,Petrol,https://manheim.co.nz/damaged-vehicles/000000000007424279/2007-toyota-blade-hatch?referringPage=SearchResults
Honda,fit,2010,No,$0,"127,467",," Underbody Damage, Selling De-Registered","CVT,",5,Hybrid,https://manheim.co.nz/damaged-vehicles/000000000007424293/2010-honda-fit-hybrid-hatch?referringPage=SearchResults
BMW,320i,2011,No,$0,N/A,," Left Side Damage, Airbags Deployed, Structural Damage, Selling De-Registered","Automatic,",5,Petrol,https://manheim.co.nz/damaged-vehicles/000000000007434300/2011-bmw-320i-sedan?referringPage=SearchResults
Kawasaki,EN,2025,No,$0,N/A,, Selling De-Registered,"Manual,",N/A,Petrol,https://manheim.co.nz/damaged-vehicles/000000000007444303/2025-kawasaki-en-650d-lams-motorcycle?referringPage=SearchResults
Toyota,Aqua,2014,No,$0,"164,727",," Right Front Damage, Structural Damage, Selling De-Registered","CVT,",5,Hybrid,https://manheim.co.nz/damaged-vehicles/000000000007444310/2014-toyota-aqua-hatch?referringPage=SearchResults
Daihatsu,Boon,2006,No,$0,N/A,," Rear Damage, Structural Damage, Selling De-Registered",N/A,5,Petrol,https://manheim.co.nz/damaged-vehicles/000000000007444316/2006-daihatsu-boon-hatch?referringPage=SearchResults
TRAILER,Domestic Trailer,1999,No,$400,N/A,0," Structural Damage, Selling De-Registered",N/A,N/A,N/A,https://manheim.co.nz/damaged-vehicles/000000000007434315/1999-trailer-domestic-trailer-trailer--box-domestic-?referringPage=SearchResults
Ford,Falcon,2010,No,$0,"85,000",," Left Front Damage, Left Rear Damage, Left Side Damage, Roof Damage, Right Front Damage, Right Rear Damage, Dismantled - Entire Vehicle, Selling De-Registered","Automatic,",5,Petrol,https://manheim.co.nz/damaged-vehicles/000000000007414346/2010-ford-falcon-fg-xr6-sedan-a-sedan?referringPage=SearchResults
Mazda,Axela,2013,No,$0,"296,215",," Left Front Damage, Right Front Damage, Airbags Deployed, Structural Damage, Selling De-Registered","Automatic,",5,Hybrid,https://manheim.co.nz/damaged-vehicles/000000000007444343/2013-mazda-axela-sedan?referringPage=SearchResults
Suzuki,Solio,2015,No,$0,N/A,," Rolled, Dismantled - Entire Vehicle, Structural Damage, Selling De-Registered",N/A,4,Petrol,https://manheim.co.nz/damaged-vehicles/000000000007444361/2015-suzuki-solio-station-wagon?referringPage=SearchResults
Toyota,Aqua,2013,No,$0,"132,202",," Front Damage, Rear Damage, Structural Damage, Selling De-Registered",N/A,5,Hybrid,https://manheim.co.nz/damaged-vehicles/000000000007444371/2013-toyota-aqua-hatch?referringPage=SearchResults
Ford,Mondeo,2016,No,$0,"206,505",," Front Damage, Roof Damage, Structural Damage, Selling De-Registered",N/A,5,Petrol,https://manheim.co.nz/damaged-vehicles/000000000007444372/2016-ford-mondeo-titanium-5dr-petrol-hatch?referringPage=SearchResults
Alfa Romeo,156,2004,No,$0,"113,397",," Front Damage, Structural Damage, Selling De-Registered",N/A,5,Petrol,https://manheim.co.nz/damaged-vehicles/000000000007444381/2004-alfa-romeo-156-2-5-v6-q-system-sedan?referringPage=SearchResults
Toyota,Aqua,2016,No,$0,N/A,," Airbags Deployed, Front Damage, Right Side Damage, Structural Damage, Selling De-Registered","Automatic,",5,Hybrid,https://manheim.co.nz/damaged-vehicles/000000000007444385/2016-toyota-aqua-hatch?referringPage=SearchResults
Mitsubishi,Colt,2010,No,$0,N/A,," Airbags Deployed, Front Damage, Left Front Damage, Right Front Damage, Airbags Deployed, Structural Damage, Selling De-Registered","Automatic,",5,Petrol,https://manheim.co.nz/damaged-vehicles/000000000007444472/2010-mitsubishi-colt-plus-hatch?referringPage=SearchResults
MINI,Cooper,2010,No,$0,N/A,," Right Rear Damage, Structural Damage, Suspension Damage, Selling De-Registered","Automatic,",4,Petrol,https://manheim.co.nz/damaged-vehicles/000000000007444475/2010-mini-cooper-hatch?referringPage=SearchResults
BMW,325i,2007,No,$0,N/A,," Engine Damage, Interior Damage, Water Damage, Selling De-Registered","Automatic,",5,Petrol,https://manheim.co.nz/damaged-vehicles/000000000007444476/2007-bmw-325i-touring?referringPage=SearchResults
Toyota,Vitz,2008,No,$0,N/A,," Ignition Damage, Left Front Damage, Right Rear Damage, Vandalised - Interior, Stolen & Recovered, Selling De-Registered","Automatic,",5,Petrol,https://manheim.co.nz/damaged-vehicles/000000000007444477/2008-toyota-vitz-hatch?referringPage=SearchResults
Isuzu,Bighorn,1997,No,$0,"226,432",," Left Front Damage, Left Rear Damage, Left Side Damage, Right Front Damage, Structural Damage, Selling De-Registered","Automatic,",7,Diesel,https://manheim.co.nz/damaged-vehicles/000000000007444479/1997-isuzu-bighorn-station-wagon?referringPage=SearchResults
Toyota,Aqua,2017,No,$0,N/A,," Front Damage, Right Rear Damage, Structural Damage, Selling De-Registered","CVT,",5,Hybrid,https://manheim.co.nz/damaged-vehicles/000000000007444500/2017-toyota-aqua-hatch?referringPage=SearchResults
Mazda,Demio,2016,No,$0,N/A,," Front Damage, Rear Damage, Right Front Damage, Structural Damage, Selling De-Registered","Automatic,",5,Petrol,https://manheim.co.nz/damaged-vehicles/000000000007444505/2016-mazda-demio-hatch?referringPage=SearchResults
Holden,UTE,2004,No,$0,N/A,," Left Front Damage, Right Front Damage, Vandalised - Interior, Selling De-Registered","Automatic,",2,Petrol,https://manheim.co.nz/damaged-vehicles/000000000007444517/2004-holden-ute-s-v8-utility?referringPage=SearchResults
Toyota,Auris,2006,No,$0,"89,729",," Front Damage, Left Front Damage, Left Side Damage, Right Front Damage, Structural Damage, Selling De-Registered","Automatic,",5,Petrol,https://manheim.co.nz/damaged-vehicles/000000000007444525/2006-toyota-auris-hatch?referringPage=SearchResults
Toyota,Kluger,2004,Yes,$0,"274,073",," Ignition Damage, Left Front Damage, Stolen & Recovered, Selling Registered","Automatic,",5,Petrol,https://manheim.co.nz/damaged-vehicles/000000000007444528/2004-toyota-kluger-station-wagon?referringPage=SearchResults
Mazda,MAZDA6,2014,No,$0,"337,942",," Left Rear Damage, Rear Damage, Right Rear Damage, Structural Damage, Selling De-Registered","Automatic,",5,Petrol,https://manheim.co.nz/damaged-vehicles/000000000007444530/2014-mazda-mazda6-gsx-pt-2-5p-6at-sw--station-wagon?referringPage=SearchResults
Ford,Falcon,2002,No,$0,N/A,," Left Front Damage, Left Rear Damage, Right Front Damage, Right Rear Damage, Selling De-Registered","Automatic,",5,Petrol,https://manheim.co.nz/damaged-vehicles/000000000007444538/2002-ford-falcon-auiii-xr6-4fa-sedan?referringPage=SearchResults
Mazda,Biante,2011,No,$0,N/A,," Front Damage, Right Front Damage, Structural Damage, Selling De-Registered",N/A,8,Petrol,https://manheim.co.nz/damaged-vehicles/000000000007444540/2011-mazda-biante-station-wagon?referringPage=SearchResults
Subaru,Legacy,2005,No,$0,N/A,," Front Damage, Structural Damage, Selling De-Registered",N/A,N/A,Petrol,https://manheim.co.nz/damaged-vehicles/000000000007444556/2005-subaru-legacy-gt-station-wagon?referringPage=SearchResults
Ford,Falcon,1999,Yes,$0,N/A,," Left Rear Damage, Roof Damage, Right Rear Damage, Dismantled - Interior, Selling Registered","Automatic,",5,Petrol,https://manheim.co.nz/damaged-vehicles/000000000007444561/1999-ford-falcon-au-xr6-vct-a-sedan?referringPage=SearchResults
Mazda,Bongo,2011,No,$0,"192,876",," Rear Damage, Structural Damage, Selling De-Registered","5spd Automatic,",5,Petrol,https://manheim.co.nz/damaged-vehicles/000000000007424572/2011-mazda-bongo-van?referringPage=SearchResults
Mazda,3,2008,Yes,$0,"220,338",," Right Front Damage, Selling Registered","Automatic,",5,Petrol,https://manheim.co.nz/damaged-vehicles/000000000007444583/2008-mazda-3-station-wagon?referringPage=SearchResults
Mazda,Demio,2004,No,$0,N/A,," Structural Damage, Stolen & Recovered, Selling De-Registered","Automatic,",5,Petrol,https://manheim.co.nz/damaged-vehicles/000000000007444585/2004-mazda-demio-hatch?referringPage=SearchResults
Mazda,Axela,2014,No,$0,N/A,," Fire Damage, Structural Damage, Stolen & Recovered, Selling De-Registered","Automatic,",5,Petrol,https://manheim.co.nz/damaged-vehicles/000000000007444586/2014-mazda-axela-hatch?referringPage=SearchResults
Honda,Accord,2015,No,$0,N/A,," Airbags Deployed, Left Front Damage, Left Side Damage, Structural Damage, Suspension Damage, Selling De-Registered",N/A,5,Hybrid,https://manheim.co.nz/damaged-vehicles/000000000007444590/2015-honda-accord-hybrid-sedan?referringPage=SearchResults
Toyota,Allex,2001,No,$0,N/A,," Right Front Damage, Structural Damage, Selling De-Registered",N/A,5,Petrol,https://manheim.co.nz/damaged-vehicles/000000000007444599/2001-toyota-allex-hatch?referringPage=SearchResults
Mitsubishi,ASX,2022,No,$0,N/A,," Chassis Damage, Front Damage, Airbags Deployed, Structural Damage, Selling De-Registered","Automatic,",5,Petrol,https://manheim.co.nz/damaged-vehicles/000000000007444603/2022-mitsubishi-asx-ls-2-0p-cvt-station-wagon?referringPage=SearchResults
Ford,Falcon,2003,No,$0,N/A,," Left Front Damage, Left Rear Damage, Roof Damage, Right Front Damage, Right Rear Damage, Selling De-Registered","Automatic,",5,Petrol,https://manheim.co.nz/damaged-vehicles/000000000007444606/2003-ford-falcon-ba-falcon-xt-fa-sedan?referringPage=SearchResults
Toyota,RAV4,2007,No,$0,"199,078",," Rear Damage, Structural Damage, Selling De-Registered",N/A,5,Petrol,https://manheim.co.nz/damaged-vehicles/000000000007444607/2007-toyota-rav4-station-wagon?referringPage=SearchResults
Toyota,Wish,2006,No,$0,"209,691",," Left Rear Damage, Roof Damage, Rolled, Right Side Damage, Structural Damage, Selling De-Registered","Automatic,",7,Petrol,https://manheim.co.nz/damaged-vehicles/000000000007444614/2006-toyota-wish-station-wagon?referringPage=SearchResults
Holden,VX Commodore,2001,No,$0,N/A,," Left Front Damage, Left Rear Damage, Right Front Damage, Airbags Deployed, Selling De-Registered","Automatic,",5,Petrol,https://manheim.co.nz/damaged-vehicles/000000000007444621/2001-holden-vx-commodore-5-7-berlina-wagon-a-station-wagon?referringPage=SearchResults
MCC,Smart Coupe,2001,No,$0,"114,798",," Front Damage, Structural Damage, Selling De-Registered","Automatic,",2,Petrol,https://manheim.co.nz/damaged-vehicles/000000000007444631/2001-mcc-smart-coupe-hatch?referringPage=SearchResults
Holden,Epica,2007,No,$0,N/A,," Right Rear Damage, Right Side Damage, Structural Damage, Selling De-Registered",N/A,5,Petrol,https://manheim.co.nz/damaged-vehicles/000000000007444632/2007-holden-epica-cdx-auto-sedan?referringPage=SearchResults
Toyota,Corolla,2014,No,$0,"33,329",," Right Side Damage, Structural Damage, Selling De-Registered",N/A,5,Hybrid,https://manheim.co.nz/damaged-vehicles/000000000007444636/2014-toyota-corolla-axio-sedan?referringPage=SearchResults
Mazda,Familia,2000,No,$0,N/A,," Front Damage, Structural Damage, Selling De-Registered","5spd Manual,",5,Petrol,https://manheim.co.nz/damaged-vehicles/000000000007444639/2000-mazda-familia-sport-20-station-wagon?referringPage=SearchResults
Toyota,Prius,2012,No,$0,"189,885",," Left Side Damage, Structural Damage, Selling De-Registered","Automatic,",5,Hybrid,https://manheim.co.nz/damaged-vehicles/000000000007444641/2012-toyota-prius-hatch?referringPage=SearchResults
Nissan,Datsun,1994,No,$0,"303,499",," Left Front Damage, Left Rear Damage, Rear Damage, Right Rear Damage, Structural Damage, Selling De-Registered","6spd Manual,",5,Diesel,https://manheim.co.nz/damaged-vehicles/000000000007444649/1994-nissan-datsun-dual-cab-utility?referringPage=SearchResults
Ford,Kuga,2014,No,$0,1,," Engine Damage, Engine Failure, Interior Damage, Structural Damage, Water Damage, Selling De-Registered","Automatic,",5,Petrol,https://manheim.co.nz/damaged-vehicles/000000000007444661/2014-ford-kuga-titanim-station-wagon?referringPage=SearchResults
Mazda,CX-5,2012,No,$0,N/A,," Front Damage, Airbags Deployed, Structural Damage, Selling De-Registered","Automatic,",5,Petrol,https://manheim.co.nz/damaged-vehicles/000000000007444671/2012-mazda-cx-5-station-wagon?referringPage=SearchResults
Nissan,Tiida,2006,Yes,$0,"280,663",," Right Rear Damage, Stolen & Recovered, Selling Registered","Automatic,",5,Petrol,https://manheim.co.nz/damaged-vehicles/000000000007444696/2006-nissan-tiida-latio-sedan?referringPage=SearchResults
Toyota,IST,2004,No,$0,"162,539",," Front Damage, Rear Damage, Structural Damage, Selling De-Registered",N/A,5,Petrol,https://manheim.co.nz/damaged-vehicles/000000000007444703/2004-toyota-ist-hatch?referringPage=SearchResults
Toyota,Auris,2007,No,$0,"104,503",," Front Damage, Left Side Damage, Structural Damage, Selling De-Registered",N/A,5,Petrol,https://manheim.co.nz/damaged-vehicles/000000000007444717/2007-toyota-auris-hatch?referringPage=SearchResults
Nissan,Sentra,1998,No,$0,"263,116",, Selling De-Registered,N/A,5,Petrol,https://manheim.co.nz/damaged-vehicles/000000000007424794/1998-nissan-sentra-s-hatch-1-5-man-hatch?referringPage=SearchResults
Ford,Laser,2001,No,$0,N/A,," Left Side Damage, Selling De-Registered",N/A,5,Petrol,https://manheim.co.nz/damaged-vehicles/000000000007424808/2001-ford-laser-1-6-lxi-5dr-man-hatch?referringPage=SearchResults
Peugeot,306,1999,No,$0,N/A,," Right Side Damage, Selling De-Registered",N/A,5,Petrol,https://manheim.co.nz/damaged-vehicles/000000000007424825/1999-peugeot-306-hatch?referringPage=SearchResults
Toyota,Aqua,2016,No,$0,"124,683",," Front Damage, Left Front Damage, Right Front Damage, Structural Damage, Selling De-Registered","Automatic,",5,Hybrid,https://manheim.co.nz/damaged-vehicles/000000000007434834/2016-toyota-aqua-hatch?referringPage=SearchResults
Nissan,Note,2017,No,$0,N/A,," Front Damage, Structural Damage, Selling De-Registered",N/A,5,Hybrid,https://manheim.co.nz/damaged-vehicles/000000000007434861/2017-nissan-note-hatch?referringPage=SearchResults
Nissan,Sentra,1996,No,$0,N/A,, Selling De-Registered,N/A,5,Petrol,https://manheim.co.nz/damaged-vehicles/000000000007424878/1996-nissan-sentra-1-4-s-hatch-hatch?referringPage=SearchResults
Mazda,Verisa,2005,No,$0,N/A,," Rear Damage, Structural Damage, Selling De-Registered",N/A,5,Petrol,https://manheim.co.nz/damaged-vehicles/000000000007444873/2005-mazda-verisa-hatch?referringPage=SearchResults
Mazda,CX-5,2013,No,$0,"207,848",," Engine Damage, Structural Damage, Water Damage, Selling De-Registered",N/A,5,Diesel,https://manheim.co.nz/damaged-vehicles/000000000007444876/2013-mazda-cx-5-station-wagon?referringPage=SearchResults
Toyota,Passo,2004,No,$0,"242,238",," Front Damage, Rear Damage, Structural Damage, Selling De-Registered","Automatic,",5,Petrol,https://manheim.co.nz/damaged-vehicles/000000000007444877/2004-toyota-passo-1-3l-hatch?referringPage=SearchResults
Nissan,Tiida,2004,No,$0,"122,811",," Rear Damage, Structural Damage, Selling De-Registered","4spd Automatic,",5,Petrol,https://manheim.co.nz/damaged-vehicles/000000000007444879/2004-nissan-tiida-latio-sedan?referringPage=SearchResults
Suzuki,Ignis,2017,No,$0,"133,487",," Right Front Damage, Structural Damage, Selling De-Registered","Automatic,",4,Petrol,https://manheim.co.nz/damaged-vehicles/000000000007444888/2017-suzuki-ignis-ltdc-1-2p-cvt-station-wagon?referringPage=SearchResults
Toyota,Platz,2003,No,$0,"254,404",," Front Damage, Structural Damage, Selling De-Registered","Automatic,",5,Petrol,https://manheim.co.nz/damaged-vehicles/000000000007444889/2003-toyota-platz-sedan?referringPage=SearchResults
Nissan,Wingroad,2012,No,$0,"232,544",," Right Rear Damage, Structural Damage, Selling De-Registered","4spd Automatic,",5,Petrol,https://manheim.co.nz/damaged-vehicles/000000000007444892/2012-nissan-wingroad-1-8-petrol-wagon-station-wagon?referringPage=SearchResults
Toyota,Markx,2010,No,$0,"118,688",," Rear Damage, Structural Damage, Selling De-Registered","Automatic,",5,Petrol,https://manheim.co.nz/damaged-vehicles/000000000007444896/2010-toyota-markx-250g-sedan?referringPage=SearchResults
Mitsubishi,Triton,2006,No,$0,"151,124",," Front Damage, Structural Damage, Selling De-Registered","Automatic,",5,Diesel,https://manheim.co.nz/damaged-vehicles/000000000007444899/2006-mitsubishi-triton-4wd-2-8d-dcab-gls-m-dual-cab-chassis?referringPage=SearchResults
Toyota,Corolla,2019,No,$0,N/A,," Front Damage, Airbags Deployed, Structural Damage, Selling De-Registered","Automatic,",5,Petrol,https://manheim.co.nz/damaged-vehicles/000000000007444912/2019-toyota-corolla-gx-2-0p-10cvt-hatch?referringPage=SearchResults
Mazda,Axela,2006,No,$0,"266,977",," Left Front Damage, Structural Damage, Selling De-Registered","Automatic,",5,Petrol,https://manheim.co.nz/damaged-vehicles/000000000007444916/2006-mazda-axela-hatch?referringPage=SearchResults
Mitsubishi,Lancer,2008,No,$0,"232,197",," Front Damage, Left Side Damage, Airbags Deployed, Structural Damage, Selling De-Registered","4spd Automatic,",5,Petrol,https://manheim.co.nz/damaged-vehicles/000000000007444921/2008-mitsubishi-lancer-sedan?referringPage=SearchResults
Mazda,Axela,2005,No,$0,"168,602",," Front Damage, Left Front Damage, Right Front Damage, Structural Damage, Selling De-Registered","Automatic,",5,Petrol,https://manheim.co.nz/damaged-vehicles/000000000007444922/2005-mazda-axela-hatch?referringPage=SearchResults
Mazda,CX-5,2016,No,$0,"150,021",," Front Damage, Has Key, Left Front Damage, Left Side Damage, Rear Damage, Structural Damage, Under Body Damage, Selling De-Registered","Automatic,",5,Diesel,https://manheim.co.nz/damaged-vehicles/000000000007444923/2016-mazda-cx-5-station-wagon?referringPage=SearchResults
Mazda,Familia,2001,No,$0,N/A,," Glass Broken, Ignition Damage, Left Front Damage, Left Side Damage, Structural Damage, Stolen & Recovered, Selling De-Registered","Automatic,",5,Petrol,https://manheim.co.nz/damaged-vehicles/000000000007444924/2001-mazda-familia-sport-20-station-wagon?referringPage=SearchResults
Mazda,Familia,2000,Yes,$0,"191,316",," Glass Broken, Ignition Damage, Stolen & Recovered, Selling Registered","Automatic,",5,Petrol,https://manheim.co.nz/damaged-vehicles/000000000007444926/2000-mazda-familia-hatch?referringPage=SearchResults
Mazda,Axela,2006,No,$0,"190,254",," Rear Damage, Structural Damage, Selling De-Registered","4spd Automatic,",5,Petrol,https://manheim.co.nz/damaged-vehicles/000000000007444956/2006-mazda-axela-sedan?referringPage=SearchResults
Toyota,Wish,2009,No,$0,N/A,," Front Damage, Rear Damage, Structural Damage, Selling De-Registered",N/A,5,Petrol,https://manheim.co.nz/damaged-vehicles/000000000007444989/2009-toyota-wish-station-wagon?referringPage=SearchResults
Nissan,Leaf,2017,No,$0,N/A,," Front Damage, Rear Damage, Structural Damage, Selling De-Registered","Automatic, Drive Type, Front Wheel Drive, Fuel Type, Electri",5,Electric,https://manheim.co.nz/damaged-vehicles/000000000007424996/2017-nissan-leaf-hatch?referringPage=SearchResults
Ford,Focus,2014,Yes,$0,"171,244",," Engine Runs, Stolen & Recovered, Selling Registered","6spd Automatic,",5,Petrol,https://manheim.co.nz/damaged-vehicles/000000000007434994/2014-ford-focus-ambiente-1-6-a-w-station-wagon?referringPage=SearchResults
Honda,Civic,2001,No,$0,"211,060",," Front Damage, Left Front Damage, Left Rear Damage, Right Front Damage, Structural Damage, Selling De-Registered","Automatic,",5,Petrol,https://manheim.co.nz/damaged-vehicles/000000000007445001/2001-honda-civic-hatch?referringPage=SearchResults
Toyota,Aqua,2012,No,$0,N/A,," Right Side Damage, Structural Damage, Selling De-Registered",N/A,5,Hybrid,https://manheim.co.nz/damaged-vehicles/000000000007445005/2012-toyota-aqua-hybrid-hatch?referringPage=SearchResults
Kia,Sportage,2013,No,$0,"245,114",," Right Side Damage, Airbags Deployed, Structural Damage, Selling De-Registered","Automatic,",5,Petrol,https://manheim.co.nz/damaged-vehicles/000000000007445012/2013-kia-sportage-2-4-petrol-auto-station-wagon?referringPage=SearchResults
Subaru,Legacy,2001,No,$0,"304,244",," Left Side Damage, Roof Damage, Structural Damage, Selling De-Registered","Automatic,",5,Petrol,https://manheim.co.nz/damaged-vehicles/000000000007445016/2001-subaru-legacy-station-wagon?referringPage=SearchResults
Mazda,Demio,2009,No,$0,"240,357",," Rear Damage, Structural Damage, Selling De-Registered","Automatic,",5,Petrol,https://manheim.co.nz/damaged-vehicles/000000000007445019/2009-mazda-demio-hatch?referringPage=SearchResults
Mazda,323,1996,No,$0,N/A,, Selling De-Registered,N/A,5,Petrol,https://manheim.co.nz/damaged-vehicles/000000000007425015/1996-mazda-323-sedan-glxi-1-6-m5-sedan?referringPage=SearchResults
Suzuki,Swift,2020,No,$0,"70,081",," Front Damage, Structural Damage, Selling De-Registered","Automatic,",5,Petrol,https://manheim.co.nz/damaged-vehicles/000000000007415012/2020-suzuki-swift-rs-1-0pt-6at-hatch?referringPage=SearchResults
Toyota,Crown,2000,No,$0,N/A,," Interior Damage, Fire - Interior, Stolen & Recovered, Selling De-Registered","Automatic,",5,Petrol,https://manheim.co.nz/damaged-vehicles/000000000007445027/2000-toyota-crown-sedan?referringPage=SearchResults
Subaru,Impreza,2007,No,$0,"219,000",," Left Rear Damage, Structural Damage, Selling De-Registered","Automatic,",5,Petrol,https://manheim.co.nz/damaged-vehicles/000000000007445033/2007-subaru-impreza-hatch?referringPage=SearchResults
Nissan,Bluebird Sylphy,2007,Yes,$0,"139,948",," Glass Broken, Left Front Damage, Left Rear Damage, Vandalised - Interior, Stolen & Recovered, Selling Registered","Automatic,",5,Petrol,https://manheim.co.nz/damaged-vehicles/000000000007445038/2007-nissan-bluebird-sylphy-sedan?referringPage=SearchResults
Hyundai,Lantra,1999,No,$0,"235,086",, Selling De-Registered,N/A,5,Petrol,https://manheim.co.nz/damaged-vehicles/000000000007425033/1999-hyundai-lantra-1-6gls-4dr-5spd-sedan?referringPage=SearchResults
FORZA,Capri LX Motorcycle,2020,No,$0,"3,165",," Front Damage, Structural Damage, Stolen & Recovered, Selling De-Registered","Automatic,",N/A,Petrol,https://manheim.co.nz/damaged-vehicles/000000000007435030/2020-forza-capri-lx-motorcycle-motorcycle?referringPage=SearchResults
Holden,Commodore,2006,No,$0,"189,888",," Left Front Damage, Right Front Damage, Selling De-Registered","Automatic,",5,Petrol,https://manheim.co.nz/damaged-vehicles/000000000007435033/2006-holden-commodore-omega-sedan-auto-sedan?referringPage=SearchResults
Ford,Transit,2005,No,"$2,640","173,099",1," Roof Damage, Underbody Damage, Structural Damage, Selling De-Registered","6spd Manual,",2,Diesel,https://manheim.co.nz/damaged-vehicles/000000000007435036/2005-ford-transit-tran350l-td-high-4d-x-cab-utility?referringPage=SearchResults
Holden,VY Commodore,2004,No,$0,N/A,," Left Front Damage, Left Rear Damage, Right Front Damage, Right Rear Damage, Selling De-Registered","Automatic,",5,Petrol,https://manheim.co.nz/damaged-vehicles/000000000007435040/2004-holden-vy-commodore-s-v6-auto-sedan?referringPage=SearchResults
Toyota,Wish,2006,Yes,$0,N/A,," Glass Broken, Ignition Damage, Stolen & Recovered, Selling Registered",N/A,7,Petrol,https://manheim.co.nz/damaged-vehicles/000000000007445046/2006-toyota-wish-1-8l-station-wagon?referringPage=SearchResults
KTM,1390,2024,No,$0,N/A,," Left Front Damage, Left Side Damage, Structural Damage, Selling De-Registered","Automatic,",N/A,Petrol,https://manheim.co.nz/damaged-vehicles/000000000007445048/2024-ktm-1390-superduke-r-motorcycle?referringPage=SearchResults
Suzuki,Splash,2010,No,$0,"79,933",," Front Damage, Structural Damage, Selling De-Registered","Automatic,",5,Petrol,https://manheim.co.nz/damaged-vehicles/000000000007445055/2010-suzuki-splash-hatch?referringPage=SearchResults
Mazda,Axela,2011,No,$0,N/A,," Left Side Damage, Roof Damage, Right Side Damage, Structural Damage, Selling De-Registered",N/A,5,Petrol,https://manheim.co.nz/damaged-vehicles/000000000007445056/2011-mazda-axela-hatch?referringPage=SearchResults
Holden,Astra,1997,No,$0,N/A,," Left Front Damage, Left Rear Damage, Roof Damage, Right Front Damage, Right Rear Damage, Selling De-Registered","5spd Manual,",5,Petrol,https://manheim.co.nz/damaged-vehicles/000000000007435056/1997-holden-astra-1-6l-gl-hatch?referringPage=SearchResults
Holden,VX Commodore,2003,No,$0,N/A,," Left Front Damage, Left Rear Damage, Right Front Damage, Right Rear Damage, Selling De-Registered","Automatic,",5,Petrol,https://manheim.co.nz/damaged-vehicles/000000000007435069/2003-holden-vx-commodore-lumina-sedan-v6-aut-sedan?referringPage=SearchResults
Toyota,Prius,2014,No,$0,N/A,," Left Rear Damage, Right Front Damage, Right Side Damage, Structural Damage, Selling De-Registered","Automatic,",5,Hybrid,https://manheim.co.nz/damaged-vehicles/000000000007445060/2014-toyota-prius-hybrid-hatch?referringPage=SearchResults
Honda,fit,2007,No,$0,"77,463",," Rear Damage, Right Rear Damage, Structural Damage, Selling De-Registered","Automatic,",5,Petrol,https://manheim.co.nz/damaged-vehicles/000000000007445065/2007-honda-fit-hatch?referringPage=SearchResults
Nissan,Tiida,2005,Yes,$0,"258,846",," Stolen & Recovered, Selling Registered","Automatic,",5,Petrol,https://manheim.co.nz/damaged-vehicles/000000000007445069/2005-nissan-tiida-hatch?referringPage=SearchResults
Ford,Focus,2009,Yes,$0,"243,569",," Ignition Damage, Selling Registered","Automatic,",5,Petrol,https://manheim.co.nz/damaged-vehicles/000000000007435072/2009-ford-focus-1-6-a-hatch-hatch?referringPage=SearchResults
Nissan,Tiida,2006,No,$0,"123,494",," Front Damage, Ignition Damage, Left Rear Damage, Vandalised - Interior, Structural Damage, Stolen & Recovered, Selling De-Registered","Automatic,",5,Petrol,https://manheim.co.nz/damaged-vehicles/000000000007445074/2006-nissan-tiida-hatch?referringPage=SearchResults
Toyota,Corolla,2010,No,$0,N/A,," Rear Damage, Structural Damage, Selling De-Registered","Automatic,",5,Petrol,https://manheim.co.nz/damaged-vehicles/000000000007445077/2010-toyota-corolla-1-8p-glx-hatch-5-4a-hatch?referringPage=SearchResults
Ford,Fiesta,2015,No,$0,"217,819",," Left Rear Damage, Rear Damage, Right Rear Damage, Structural Damage, Selling De-Registered","Automatic,",5,Petrol,https://manheim.co.nz/damaged-vehicles/000000000007435085/2015-ford-fiesta-hatch?referringPage=SearchResults
Volkswagen,Golf,2009,No,$0,N/A,," Front Damage, Structural Damage, Selling De-Registered","Automatic,",5,Petrol,https://manheim.co.nz/damaged-vehicles/000000000007445092/2009-volkswagen-golf-ts1-hatch?referringPage=SearchResults
Nissan,Leaf,2014,No,$0,"120,241",," Left Side Damage, Right Side Damage, Structural Damage, Selling De-Registered","Automatic, Drive Type, Front Wheel Drive, Fuel Type, Electri",5,Electric,https://manheim.co.nz/damaged-vehicles/000000000007425100/2014-nissan-leaf-hatch?referringPage=SearchResults
BMW,320i,2000,Yes,$0,"239,428",," Front Damage, Glass Broken, Left Front Damage, Left Rear Damage, Rear Damage, Roof Damage, Right Front Damage, Right Rear Damage, Selling Registered","Automatic,",5,Petrol,https://manheim.co.nz/damaged-vehicles/000000000007445102/2000-bmw-320i-sedan?referringPage=SearchResults
Honda,fit,2008,No,$0,N/A,," Rear Damage, Structural Damage, Selling De-Registered","Automatic,",5,Petrol,https://manheim.co.nz/damaged-vehicles/000000000007445111/2008-honda-fit-hatch?referringPage=SearchResults
Holden,Captiva,2010,Yes,$0,"161,174",, Selling Registered,"5spd Manual,",5,Petrol,https://manheim.co.nz/damaged-vehicles/000000000007415141/2010-holden-captiva-5-2-4l-fwd-mt-station-wagon?referringPage=SearchResults
Toyota,Corolla,2002,No,$0,"204,629",," Right Rear Damage, Structural Damage, Selling De-Registered","Automatic,",5,Petrol,https://manheim.co.nz/damaged-vehicles/000000000007445181/2002-toyota-corolla-allex-hatch?referringPage=SearchResults
Mercedes-Benz,A-class,2017,No,$0,"115,386",," Front Damage, Structural Damage, Selling De-Registered","Automatic,",5,Petrol,https://manheim.co.nz/damaged-vehicles/000000000007445182/2017-mercedes-benz-a-class-a180-1-6p-7at-sl-4d-hatch?referringPage=SearchResults
Mazda,Axela,2013,No,$0,"100,260",," Left Front Damage, Structural Damage, Selling De-Registered","Automatic,",5,Petrol,https://manheim.co.nz/damaged-vehicles/000000000007445183/2013-mazda-axela-hatch?referringPage=SearchResults
Mitsubishi,Mirage,2023,No,$0,N/A,," Front Damage, Left Front Damage, Right Side Damage, Structural Damage, Suspension Damage, Selling De-Registered","Automatic,",5,Petrol,https://manheim.co.nz/damaged-vehicles/000000000007445185/2023-mitsubishi-mirage-xls-1-2p-cvt-hatch?referringPage=SearchResults
Mazda,3,2018,No,$0,"109,987",," Front Damage, Roof Damage, Right Rear Damage, Structural Damage, Selling De-Registered","Automatic,",5,Petrol,https://manheim.co.nz/damaged-vehicles/000000000007445190/2018-mazda-3-hatch?referringPage=SearchResults
Nissan,Fuga,2007,No,$0,"166,421",," Right Front Damage, Structural Damage, Selling De-Registered","Automatic,",5,Petrol,https://manheim.co.nz/damaged-vehicles/000000000007435227/2007-nissan-fuga-sedan?referringPage=SearchResults
Toyota,Prius,2020,No,N/A,"171,410",," Chassis Damage, Front Damage, Left Front Damage, Structural Damage, Selling De-Registered","Automatic,",5,Hybrid,https://manheim.co.nz/damaged-vehicles/000000000007445225/2020-toyota-prius-hatch?referringPage=SearchResults
Toyota,Corolla,2013,No,$0,N/A,," Rear Damage, Structural Damage, Selling De-Registered",N/A,5,Hybrid,https://manheim.co.nz/damaged-vehicles/000000000007445229/2013-toyota-corolla-axio-sedan?referringPage=SearchResults
Nissan,Murano,2006,No,$0,"201,596",," Front Damage, Structural Damage, Selling De-Registered","Automatic,",5,Petrol,https://manheim.co.nz/damaged-vehicles/000000000007445230/2006-nissan-murano-station-wagon?referringPage=SearchResults
Mazda,3,2011,No,$0,"167,896",," Front Damage, Left Front Damage, Right Front Damage, Structural Damage, Selling De-Registered","Automatic,",5,Petrol,https://manheim.co.nz/damaged-vehicles/000000000007445250/2011-mazda-3-hatch?referringPage=SearchResults
Mazda,Familia,2000,No,$0,N/A,," Left Rear Damage, Selling De-Registered","4spd Automatic,",5,Petrol,https://manheim.co.nz/damaged-vehicles/000000000007445263/2000-mazda-familia-hatch?referringPage=SearchResults
Ford,Falcon,2004,No,$0,N/A,," Left Front Damage, Roof Damage, Right Front Damage, Right Rear Damage, Selling De-Registered","Automatic,",5,Petrol,https://manheim.co.nz/damaged-vehicles/000000000007445279/2004-ford-falcon-ba-falcon-xr6-a-sedan?referringPage=SearchResults
BMW,440i,2016,No,N/A,N/A,," Right Front Damage, Structural Damage, Selling De-Registered",N/A,4,Petrol,https://manheim.co.nz/damaged-vehicles/000000000007435293/2016-bmw-440i-m-sport-coup%C3%A9?referringPage=SearchResults
Toyota,Corolla L/B AUT,1994,No,$0,"189,192",," Front Damage, Structural Damage, Selling De-Registered","Automatic,",N/A,Petrol,https://manheim.co.nz/damaged-vehicles/000000000007445292/1994-toyota-corolla-l-b-aut-hatch?referringPage=SearchResults
Holden,SV6,2017,No,N/A,"140,138",," Rear Damage, Structural Damage, Selling De-Registered","Automatic,",2,Petrol,https://manheim.co.nz/damaged-vehicles/000000000007445294/2017-holden-sv6-utility?referringPage=SearchResults
Honda,Cr-z,2010,No,$0,N/A,," Front Damage, Rear Damage, Airbags Deployed, Structural Damage, Selling De-Registered","Automatic,",4,Hybrid,https://manheim.co.nz/damaged-vehicles/000000000007445297/2010-honda-cr-z-hybrid-hatch?referringPage=SearchResults
Mazda,CX-30,2024,No,N/A,"25,819",," Airbags Deployed, Right Rear Damage, Right Side Damage, Structural Damage, Selling De-Registered","Automatic,",5,Petrol,https://manheim.co.nz/damaged-vehicles/000000000007445299/2024-mazda-cx-30-station-wagon?referringPage=SearchResults
Honda,Jazz,2009,No,$0,N/A,," Left Front Damage, Left Rear Damage, Left Side Damage, Right Front Damage, Airbags Deployed, Structural Damage, Selling De-Registered","5spd Manual,",5,Petrol,https://manheim.co.nz/damaged-vehicles/000000000007445325/2009-honda-jazz-1-3s-hatch?referringPage=SearchResults
Toyota,Vitz,2009,No,$0,"196,756",," Left Side Damage, Structural Damage, Selling De-Registered","Automatic,",5,Petrol,https://manheim.co.nz/damaged-vehicles/000000000007445340/2009-toyota-vitz-hatch?referringPage=SearchResults
Holden,Vectra,2003,Yes,$0,"85,996",," Right Front Damage, Selling Registered","7spd Automatic,",5,Petrol,https://manheim.co.nz/damaged-vehicles/000000000007445361/2003-holden-vectra-cd-sedan-auto-sedan?referringPage=SearchResults
Hyundai,I30,2012,No,$0,N/A,," Left Front Damage, Right Rear Damage, Structural Damage, Selling De-Registered",N/A,5,Petrol,https://manheim.co.nz/damaged-vehicles/000000000007445364/2012-hyundai-i30-wagon-2-0-elite-a4-station-wagon?referringPage=SearchResults
Ford,Courier,2005,No,$0,N/A,," Left Front Damage, Left Rear Damage, Right Front Damage, Right Rear Damage, Dismantled - Interior, Structural Damage, Stolen & Recovered, Selling De-Registered","5spd Manual,",3,Diesel,https://manheim.co.nz/damaged-vehicles/000000000007445366/2005-ford-courier-xlx-crew-cab-tu-ton-dual-cab-utility?referringPage=SearchResults
Toyota,Aqua,2013,No,$0,"255,246",," Front Damage, Left Front Damage, Right Front Damage, Structural Damage, Selling De-Registered","Automatic,",5,Hybrid,https://manheim.co.nz/damaged-vehicles/000000000007445368/2013-toyota-aqua-hatch?referringPage=SearchResults
Holden,Colorado,2019,No,N/A,"279,541",," Front Damage, Right Side Damage, Structural Damage, Selling De-Registered","Automatic,",5,Diesel,https://manheim.co.nz/damaged-vehicles/000000000007435380/2019-holden-colorado-z71-dc-pu-2-8dt-4wd-dual-cab-utility?referringPage=SearchResults
Nissan,Bluebird,2003,No,$0,N/A,," Rear Damage, Structural Damage, Selling De-Registered",N/A,5,Petrol,https://manheim.co.nz/damaged-vehicles/000000000007445393/2003-nissan-bluebird-sylphy-sedan?referringPage=SearchResults
Mazda,Demio,2012,No,$0,N/A,," Rear Damage, Structural Damage, Selling De-Registered",N/A,5,Petrol,https://manheim.co.nz/damaged-vehicles/000000000007445395/2012-mazda-demio-hatch?referringPage=SearchResults
Mercedes-Benz,C200,2009,No,$0,"150,272",," Rear Damage, Structural Damage, Selling De-Registered","5spd,",5,Petrol,https://manheim.co.nz/damaged-vehicles/000000000007445396/2009-mercedes-benz-c200-kompressor-sedan?referringPage=SearchResults
Mazda,Familia,2006,No,$0,N/A,," Left Front Damage, Left Rear Damage, Roof Damage, Right Front Damage, Rolled, Right Rear Damage, Structural Damage, Stolen & Recovered, Selling De-Registered","5spd Manual,",5,Petrol,https://manheim.co.nz/damaged-vehicles/000000000007445397/2006-mazda-familia-station-wagon?referringPage=SearchResults
Toyota,Camry,2002,Yes,$0,N/A,," Front Damage, Selling Registered",N/A,5,Petrol,https://manheim.co.nz/damaged-vehicles/000000000007445399/2002-toyota-camry-2-2p-gl-sedan-4a-sedan?referringPage=SearchResults
Suzuki,Carry,1997,Yes,$0,N/A,," Left Rear Damage, Vandalised - Interior, Stolen & Recovered, Selling Registered","4spd Manual,",2,Petrol,https://manheim.co.nz/damaged-vehicles/000000000007445400/1997-suzuki-carry-multi-purpose-vehicle?referringPage=SearchResults
Hyundai,I20,2017,No,$0,"108,945",," Front Damage, Rear Damage, Structural Damage, Selling De-Registered","Automatic,",5,Petrol,https://manheim.co.nz/damaged-vehicles/000000000007425439/2017-hyundai-i20-1-4p-4at-hatch?referringPage=SearchResults
Honda,Jazz,2017,No,$0,"60,089",," Front Damage, Left Front Damage, Left Rear Damage, Left Side Damage, Right Front Damage, Structural Damage, Selling De-Registered","Automatic,",5,Petrol,https://manheim.co.nz/damaged-vehicles/000000000007445449/2017-honda-jazz-rs-1-5p-cvt-hatch?referringPage=SearchResults
Holden,Commodore,2003,No,$0,"151,943",, Selling De-Registered,"Automatic,",5,Petrol,https://manheim.co.nz/damaged-vehicles/000000000007435456/2003-holden-commodore-acclaim-v6-sedan?referringPage=SearchResults
Mazda,Premacy,2007,No,$0,N/A,, Selling De-Registered,N/A,7,Petrol,https://manheim.co.nz/damaged-vehicles/000000000007445454/2007-mazda-premacy-station-wagon?referringPage=SearchResults
Honda,Edix,2005,No,$0,N/A,," Right Front Damage, Structural Damage, Selling De-Registered",N/A,6,Petrol,https://manheim.co.nz/damaged-vehicles/000000000007445463/2005-honda-edix-hatch?referringPage=SearchResults
Nissan,Bluebird,2006,Yes,$0,"155,760",," Front Damage, Left Front Damage, Left Rear Damage, Right Front Damage, Right Rear Damage, Selling Registered","Automatic,",5,Petrol,https://manheim.co.nz/damaged-vehicles/000000000007445468/2006-nissan-bluebird-sylphy-sedan?referringPage=SearchResults
Toyota,Prius C,2017,No,$0,"322,841",," Front Damage, Structural Damage, Selling De-Registered","Automatic,",5,Hybrid,https://manheim.co.nz/damaged-vehicles/000000000007445476/2017-toyota-prius-c-gx-1-5ph-cvt-ha-4dr-hatch?referringPage=SearchResults
Holden,Barina Spark,2015,No,$0,"17,461",, Selling De-Registered,"Automatic,",5,Petrol,https://manheim.co.nz/damaged-vehicles/000000000007435488/2015-holden-barina-spark-cd-1-2p-4at-ha-4dr--hatch?referringPage=SearchResults
Toyota,IST,2002,No,$0,"197,597",," Rear Damage, Right Rear Damage, Structural Damage, Selling De-Registered","Automatic,",5,Petrol,https://manheim.co.nz/damaged-vehicles/000000000007445482/2002-toyota-ist-hatch?referringPage=SearchResults
Toyota,Prius Hatchback,2013,No,$0,N/A,," Right Rear Damage, Structural Damage, Selling De-Registered","Automatic,",5,Hybrid,https://manheim.co.nz/damaged-vehicles/000000000007445492/2013-toyota-prius-hatchback-hatch?referringPage=SearchResults
Honda,fit,2015,No,$0,N/A,," Front Damage, Structural Damage, Selling De-Registered",N/A,5,Hybrid,https://manheim.co.nz/damaged-vehicles/000000000007445516/2015-honda-fit-hybrid-hatch?referringPage=SearchResults
Honda,Insight,2010,No,$0,N/A,," Front Damage, Structural Damage, Selling De-Registered",N/A,5,Hybrid,https://manheim.co.nz/damaged-vehicles/000000000007445520/2010-honda-insight-hatch?referringPage=SearchResults
Ford,Courier,2001,Yes,$0,"317,422",," Right Rear Damage, Selling Registered","5spd Manual,",5,Diesel,https://manheim.co.nz/damaged-vehicles/000000000007445526/2001-ford-courier-utility?referringPage=SearchResults
Suzuki,GW250,2015,No,$0,"52,328",," Front Damage, Stolen & Recovered, Selling De-Registered","Automatic,",N/A,Petrol,https://manheim.co.nz/damaged-vehicles/000000000007395553/2015-suzuki-gw250-inazuma-lam-motorcycle?referringPage=SearchResults
Toyota,Aqua,2017,No,$0,"118,630",," Glass Broken, Rear Damage, Right Rear Damage, Structural Damage, Selling De-Registered",N/A,5,Hybrid,https://manheim.co.nz/damaged-vehicles/000000000007435645/2017-toyota-aqua-hatch?referringPage=SearchResults
Porsche,Cayenne S,2006,Yes,$0,"144,772",, Selling Registered,"6spd Tiptronic,",5,Petrol,https://manheim.co.nz/damaged-vehicles/000000000007435647/2006-porsche-cayenne-s-4-dr-6sp-tip-station-wagon?referringPage=SearchResults
Toyota,Corolla,2006,Yes,$0,N/A,," Left Side Damage, Right Front Damage, Selling Registered","Manual,",5,Petrol,https://manheim.co.nz/damaged-vehicles/000000000007435665/2006-toyota-corolla-1-8p-gl-hatch5-5m-hatch?referringPage=SearchResults
Nissan,Navara,2012,No,$0,"252,599",," Left Side Damage, Structural Damage, Selling De-Registered","Automatic,",5,Diesel,https://manheim.co.nz/damaged-vehicles/000000000007435668/2012-nissan-navara-d-c-2-5d-2wd-st-mt-dual-cab-utility?referringPage=SearchResults
Volvo,S60,2006,No,$0,N/A,, Selling De-Registered,"5spd Automatic,",5,Petrol,https://manheim.co.nz/damaged-vehicles/000000000007435693/2006-volvo-s60-sedan?referringPage=SearchResults
Holden,Colorado,2012,No,$0,"264,539",," Chassis Damage, Front Damage, Structural Damage, Selling De-Registered",N/A,5,Diesel,https://manheim.co.nz/damaged-vehicles/000000000007425726/2012-holden-colorado-4x2-lt-dc-pu-2-8-mt-dual-cab-utility?referringPage=SearchResults
Renault,Clio Expression 1.2P/6AT Hatc,2014,No,$0,N/A,," Right Side Damage, Structural Damage, Selling De-Registered","Automatic,",5,Petrol,https://manheim.co.nz/damaged-vehicles/000000000007435768/2014-renault-clio-expression-1-2p-6at-hatc-hatch?referringPage=SearchResults
Suzuki,GN125H,2009,No,$0,"20,780",," Rear Damage, Structural Damage, Selling De-Registered","5spd Manual,",N/A,Petrol,https://manheim.co.nz/damaged-vehicles/000000000007445779/2009-suzuki-gn125h-motorcycle?referringPage=SearchResults
Ford,Focus,2015,No,$0,N/A,," Front Damage, Selling De-Registered",N/A,5,Petrol,https://manheim.co.nz/damaged-vehicles/000000000007425785/2015-ford-focus-trend-2-0-auto-hatc-hatch?referringPage=SearchResults
Toyota,Aqua,2015,No,$0,"322,035",," Left Front Damage, Left Side Damage, Structural Damage, Selling De-Registered","Automatic,",5,Hybrid,https://manheim.co.nz/damaged-vehicles/000000000007445782/2015-toyota-aqua-hatch?referringPage=SearchResults
Suzuki,SX4,2008,No,$0,"111,405",," Left Front Damage, Left Rear Damage, Right Front Damage, Right Rear Damage, Right Side Damage, Structural Damage, Selling De-Registered","Automatic,",5,Petrol,https://manheim.co.nz/damaged-vehicles/000000000007445783/2008-suzuki-sx4-glxfa2-2-0-5dr-hatch?referringPage=SearchResults
Toyota,Prius,2012,No,$0,"162,038",," Right Front Damage, Structural Damage, Selling De-Registered","Automatic,",5,Hybrid,https://manheim.co.nz/damaged-vehicles/000000000007445785/2012-toyota-prius-hybrid-hatch?referringPage=SearchResults
Toyota,Auris,2009,No,$0,N/A,," Chassis Damage, Left Rear Damage, Left Side Damage, Rear Damage, Structural Damage, Selling De-Registered","Automatic,",5,Petrol,https://manheim.co.nz/damaged-vehicles/000000000007445786/2009-toyota-auris-hatch?referringPage=SearchResults
Suzuki,Swift,2009,No,$0,"195,041",," Front Damage, Left Front Damage, Right Front Damage, Structural Damage, Selling De-Registered","Automatic,",5,Petrol,https://manheim.co.nz/damaged-vehicles/000000000007445787/2009-suzuki-swift-glxha2-1-5-5dr-ltd-hatch?referringPage=SearchResults
Mazda,CX-3,2017,No,$0,"144,816",," Rear Damage, Right Side Damage, Structural Damage, Selling De-Registered",N/A,5,Petrol,https://manheim.co.nz/damaged-vehicles/000000000007445789/2017-mazda-cx-3-gsx-2-0p-6at-sw-5dr-station-wagon?referringPage=SearchResults
Toyota,Ist,2004,Yes,$0,N/A,," Glass Broken, Ignition Damage, Right Side Damage, Vandalised - Interior, Selling Registered","Automatic,",5,Petrol,https://manheim.co.nz/damaged-vehicles/000000000007445794/2004-toyota-ist-hatch?referringPage=SearchResults
Honda,fit,2006,Yes,$0,N/A,," Glass Broken, Ignition Damage, Left Side Damage, Right Side Damage, Vandalised - Interior, Selling Registered","Automatic,",5,Petrol,https://manheim.co.nz/damaged-vehicles/000000000007445795/2006-honda-fit-hatch?referringPage=SearchResults
Kia,Sportage,2012,No,$0,"205,678",," Chassis Damage, Front Damage, Underbody Damage, Structural Damage, Suspension Damage, Selling De-Registered","Automatic,",5,Petrol,https://manheim.co.nz/damaged-vehicles/000000000007445796/2012-kia-sportage-2-0-petrol-auto-station-wagon?referringPage=SearchResults
Mazda,Demio,2017,No,$0,N/A,," Airbags Deployed, Left Side Damage, Structural Damage, Selling De-Registered",N/A,5,Petrol,https://manheim.co.nz/damaged-vehicles/000000000007445800/2017-mazda-demio-hatch?referringPage=SearchResults
Toyota,SAI,2010,Yes,$0,N/A,," Engine Damage, Left Rear Damage, Right Rear Damage, Selling Registered",N/A,5,Hybrid,https://manheim.co.nz/damaged-vehicles/000000000007445802/2010-toyota-sai-sedan?referringPage=SearchResults
Suzuki,Solio,2014,No,$0,"93,873",," Front Damage, Left Front Damage, Left Rear Damage, Rear Damage, Right Front Damage, Right Rear Damage, Structural Damage, Selling De-Registered","Automatic,",5,Petrol,https://manheim.co.nz/damaged-vehicles/000000000007445804/2014-suzuki-solio-hatch?referringPage=SearchResults
Toyota,IST,2006,No,$0,N/A,," Right Rear Damage, Structural Damage, Selling De-Registered",N/A,5,Petrol,https://manheim.co.nz/damaged-vehicles/000000000007445805/2006-toyota-ist-hatch?referringPage=SearchResults
Ford,Mondeo,2015,No,$0,N/A,," Left Front Damage, Right Front Damage, Airbags Deployed, Selling De-Registered","Automatic,",5,Petrol,https://manheim.co.nz/damaged-vehicles/000000000007445807/2015-ford-mondeo-ambiente-5dr-petrol-hatch?referringPage=SearchResults
Holden,Barina,2017,No,$0,N/A,," Left Front Damage, Selling De-Registered","Automatic,",5,Petrol,https://manheim.co.nz/damaged-vehicles/000000000007445810/2017-holden-barina-lt-1-6p-6at-hatch?referringPage=SearchResults
Mazda,Demio,2007,Yes,$0,"143,689",," Vandalised - Entire Vehicle, Stolen & Recovered, Selling Registered",N/A,5,Petrol,https://manheim.co.nz/damaged-vehicles/000000000007445811/2007-mazda-demio-hatch?referringPage=SearchResults
Subaru,Legacy,1998,Yes,$0,"246,941",," Ignition Damage, Vandalised - Entire Vehicle, Stolen & Recovered, Selling Registered",N/A,N/A,Petrol,https://manheim.co.nz/damaged-vehicles/000000000007445812/1998-subaru-legacy-station-wagon?referringPage=SearchResults
Nissan,Qashqai,2017,No,N/A,N/A,," Front Damage, Structural Damage, Selling De-Registered",N/A,5,Petrol,https://manheim.co.nz/damaged-vehicles/000000000007445817/2017-nissan-qashqai-st-l-2-0p-cvt-hatch?referringPage=SearchResults
Toyota,Aqua,2017,No,$0,"188,432",," Left Side Damage, Structural Damage, Selling De-Registered",N/A,5,Hybrid,https://manheim.co.nz/damaged-vehicles/000000000007445819/2017-toyota-aqua-hatch?referringPage=SearchResults
Ford,Kuga,2014,No,$0,N/A,," Right Front Damage, Right Rear Damage, Selling De-Registered","Automatic,",5,Petrol,https://manheim.co.nz/damaged-vehicles/000000000007445822/2014-ford-kuga-awd-1-6p-ecoboost-a-station-wagon?referringPage=SearchResults
Honda,CRV,2009,No,$0,"174,658",," Rear Damage, Structural Damage, Selling De-Registered","Automatic,",5,Petrol,https://manheim.co.nz/damaged-vehicles/000000000007445823/2009-honda-crv-sport-station-wagon?referringPage=SearchResults
Mazda,Familia,2001,No,$0,N/A,," Stolen & Recovered, Selling De-Registered","Automatic,",5,Petrol,https://manheim.co.nz/damaged-vehicles/000000000007445824/2001-mazda-familia-sport-2-0-hatch?referringPage=SearchResults
Nissan,Vanette,2004,No,$0,N/A,," Left Front Damage, Roof Damage, Right Front Damage, Structural Damage, Selling De-Registered","5spd Manual,",3,Petrol,https://manheim.co.nz/damaged-vehicles/000000000007445826/2004-nissan-vanette-van?referringPage=SearchResults
Toyota,Corolla,1995,Yes,$0,"136,540",," Glass Broken, Ignition Damage, Right Rear Damage, Stolen & Recovered, Selling Registered","Automatic,",5,Petrol,https://manheim.co.nz/damaged-vehicles/000000000007425825/1995-toyota-corolla-1-6p-gl-hback5-4a-hatch?referringPage=SearchResults
Nissan,NV200,2014,No,$0,N/A,," Right Side Damage, Structural Damage, Selling De-Registered","Automatic,",2,Petrol,https://manheim.co.nz/damaged-vehicles/000000000007435827/2014-nissan-nv200-vanette-van?referringPage=SearchResults
Holden,Captiva,2014,No,$0,N/A,," Right Front Damage, Selling De-Registered","Automatic,",5,Diesel,https://manheim.co.nz/damaged-vehicles/000000000007445832/2014-holden-captiva-ltz-2-2d-4wd-6at-sw-station-wagon?referringPage=SearchResults
Ford,Territory,2008,No,$0,"205,527",," Front Damage, Rear Damage, Structural Damage, Selling De-Registered","Automatic,",7,Petrol,https://manheim.co.nz/damaged-vehicles/000000000007445837/2008-ford-territory-sy-territory-ghia-a-station-wagon?referringPage=SearchResults
Holden,Trax,2014,No,$0,N/A,," Left Front Damage, Right Front Damage, Right Rear Damage, Airbags Deployed, Selling De-Registered","Automatic,",5,Petrol,https://manheim.co.nz/damaged-vehicles/000000000007445839/2014-holden-trax-ltz-1-8p-6at-sw-4dr-station-wagon?referringPage=SearchResults
Mazda,CX-5,2016,Yes,$0,"90,409",," No Major Panel Dmg, Selling Registered","6spd Automatic,",5,Diesel,https://manheim.co.nz/damaged-vehicles/000000000007445845/2016-mazda-cx-5-gsx-dsl-2-2d-4wd-6a-station-wagon?referringPage=SearchResults
Toyota,Prius,2013,No,$0,"506,555",," Front Damage, Left Front Damage, Right Front Damage, Structural Damage, Selling De-Registered","Automatic,",5,Hybrid,https://manheim.co.nz/damaged-vehicles/000000000007445847/2013-toyota-prius-hybrid-hatch?referringPage=SearchResults
Subaru,Legacy,1997,No,$0,N/A,," Rear Damage, Dismantled - Entire Vehicle, Structural Damage, Stolen & Recovered, Selling De-Registered",N/A,5,Petrol,https://manheim.co.nz/damaged-vehicles/000000000007435846/1997-subaru-legacy-250t-station-wagon?referringPage=SearchResults
Nissan,Wingroad,2007,No,$0,"121,415",," Airbags Deployed, Left Front Damage, Structural Damage, Selling De-Registered","Automatic,",5,Petrol,https://manheim.co.nz/damaged-vehicles/000000000007445853/2007-nissan-wingroad-1-8-petrol-wagon-station-wagon?referringPage=SearchResults
Mazda,Axela,2008,No,$0,"174,896",," Front Damage, Left Front Damage, Structural Damage, Selling De-Registered","Automatic,",5,Petrol,https://manheim.co.nz/damaged-vehicles/000000000007445855/2008-mazda-axela-mazdaspeed-hatch?referringPage=SearchResults
Honda,Odyssey,2008,No,$0,"193,785",," Front Damage, Right Front Damage, Right Rear Damage, Structural Damage, Selling De-Registered","5spd Automatic,",7,Petrol,https://manheim.co.nz/damaged-vehicles/000000000007445856/2008-honda-odyssey-vtil-7st-2-4-5dr-5a-station-wagon?referringPage=SearchResults
Subaru,Forester,2005,No,$0,"216,363",," Left Rear Damage, Structural Damage, Selling De-Registered","Automatic,",5,Petrol,https://manheim.co.nz/damaged-vehicles/000000000007445858/2005-subaru-forester-station-wagon?referringPage=SearchResults
Mitsubishi,Triton,2011,No,$0,N/A,," Fire Damage, Structural Damage, Stolen & Recovered, Selling De-Registered",N/A,5,Diesel,https://manheim.co.nz/damaged-vehicles/000000000007445860/2011-mitsubishi-triton-4wd-2-5d-d-cab-gls-utility?referringPage=SearchResults
Subaru,Forester,1998,No,$0,N/A,," Front Damage, Ignition Damage, Right Front Damage, Right Rear Damage, Vandalised - Interior, Structural Damage, Stolen & Recovered, Selling De-Registered",N/A,5,Petrol,https://manheim.co.nz/damaged-vehicles/000000000007445861/1998-subaru-forester-awd-gx-station-wagon?referringPage=SearchResults
Holden,Astra,2007,No,$0,N/A,," Left Rear Damage, Right Rear Damage, Selling De-Registered","Automatic,",4,Petrol,https://manheim.co.nz/damaged-vehicles/000000000007445862/2007-holden-astra-twintop-2-2l-auto-coup%C3%A9?referringPage=SearchResults
Suzuki,SX4,2010,No,$0,"80,196",," Rear Damage, Structural Damage, Selling De-Registered","Automatic,",5,Petrol,https://manheim.co.nz/damaged-vehicles/000000000007445863/2010-suzuki-sx4-glxfcb2-2-0-5dr-ltd-hatch?referringPage=SearchResults
Nissan,X-trail,2006,Yes,$0,N/A,," Front Damage, Interior Damage, Ignition Damage, Right Front Damage, Stolen & Recovered, Selling Registered","Automatic,",5,Petrol,https://manheim.co.nz/damaged-vehicles/000000000007445865/2006-nissan-x-trail-station-wagon?referringPage=SearchResults
Nissan,Tiida,2008,No,$0,N/A,," Front Damage, Left Side Damage, Roof Damage, Airbags Deployed, Structural Damage, Selling De-Registered","4spd Automatic,",5,Petrol,https://manheim.co.nz/damaged-vehicles/000000000007445872/2008-nissan-tiida-sedan?referringPage=SearchResults
Ford,Focus,2005,No,$0,"219,652",," Front Damage, Airbags Deployed, Structural Damage, Selling De-Registered","5spd Manual,",5,Petrol,https://manheim.co.nz/damaged-vehicles/000000000007445873/2005-ford-focus-zetec-hatch-m-hatch?referringPage=SearchResults
Ford,Mondeo,2006,No,$0,N/A,," Left Front Damage, Left Rear Damage, Right Front Damage, Right Rear Damage, Selling De-Registered","Automatic,",5,Petrol,https://manheim.co.nz/damaged-vehicles/000000000007445874/2006-ford-mondeo-2-0-sedan-aut-sedan?referringPage=SearchResults
Toyota,Spacio,1999,No,$0,N/A,," Right Front Damage, Structural Damage, Suspension Damage, Selling De-Registered","5spd Automatic,",5,Petrol,https://manheim.co.nz/damaged-vehicles/000000000007445881/1999-toyota-spacio-station-wagon?referringPage=SearchResults
Ford,Mondeo,2009,No,$0,N/A,," Left Front Damage, Right Front Damage, Selling De-Registered","Automatic,",5,Diesel,https://manheim.co.nz/damaged-vehicles/000000000007445883/2009-ford-mondeo-2-0td-sedan-a-sedan?referringPage=SearchResults
Mazda,Roadster,1998,No,$0,"261,252",," Structural Damage, Selling De-Registered","Automatic,",2,Petrol,https://manheim.co.nz/damaged-vehicles/000000000007445887/1998-mazda-roadster-cabriolet?referringPage=SearchResults
Mazda,CX-5,2012,No,$0,N/A,," Rear Damage, Structural Damage, Selling De-Registered",N/A,5,Petrol,https://manheim.co.nz/damaged-vehicles/000000000007445890/2012-mazda-cx-5-station-wagon?referringPage=SearchResults
Toyota,Vanguard,2007,No,$0,N/A,," Front Damage, Left Side Damage, Structural Damage, Selling De-Registered",N/A,7,Petrol,https://manheim.co.nz/damaged-vehicles/000000000007445894/2007-toyota-vanguard-station-wagon?referringPage=SearchResults
Honda,Accord,2004,No,$0,N/A,," Rear Damage, Structural Damage, Selling De-Registered","Automatic,",5,Petrol,https://manheim.co.nz/damaged-vehicles/000000000007445912/2004-honda-accord-euro-2-4-4d-sed-5a-sedan?referringPage=SearchResults
Toyota,Aqua,2018,No,$0,"89,088",," Front Damage, Airbags Deployed, Structural Damage, Selling De-Registered","Automatic,",5,Hybrid,https://manheim.co.nz/damaged-vehicles/000000000007445916/2018-toyota-aqua-1-5l-petrol-hybrid-hatch?referringPage=SearchResults
Jeep,Grand Cherokee,2008,Yes,$0,N/A,," Left Rear Damage, Right Side Damage, Selling Registered",N/A,5,Petrol,https://manheim.co.nz/damaged-vehicles/000000000007435921/2008-jeep-grand-cherokee-station-wagon?referringPage=SearchResults
Indian,Scout,2024,No,$0,N/A,," Left Front Damage, Structural Damage, Selling De-Registered","Manual,",N/A,Petrol,https://manheim.co.nz/damaged-vehicles/000000000007435936/2024-indian-scout-motorcycle?referringPage=SearchResults
Suzuki,GW250Z,2017,No,$0,"30,392",," Structural Damage, Selling De-Registered",N/A,N/A,Petrol,https://manheim.co.nz/damaged-vehicles/000000000007435970/2017-suzuki-gw250z-inazuma-motorcycle?referringPage=SearchResults
Toyota,Aqua,2017,No,$0,N/A,," Front Damage, Airbags Deployed, Structural Damage, Selling De-Registered","Automatic,",5,Hybrid,https://manheim.co.nz/damaged-vehicles/000000000007435973/2017-toyota-aqua-hatch?referringPage=SearchResults
Toyota,Aqua,2017,No,$0,"94,107",," Left Front Damage, Left Rear Damage, Left Side Damage, Rear Damage, Structural Damage, Selling De-Registered","CVT,",5,Hybrid,https://manheim.co.nz/damaged-vehicles/000000000007426020/2017-toyota-aqua-hybrid-hatch?referringPage=SearchResults
Mazda,Demio,2010,No,$0,"146,171",," Front Damage, Glass Broken, Ignition Damage, Left Side Damage, Rear Damage, Vandalised - Interior, Structural Damage, Stolen & Recovered, Selling De-Registered",N/A,5,Petrol,https://manheim.co.nz/damaged-vehicles/000000000007446032/2010-mazda-demio-hatch?referringPage=SearchResults
Dodge.,Journey,2012,Yes,$0,"115,092",, Selling Registered,"6spd Automatic,",7,Petrol,https://manheim.co.nz/damaged-vehicles/000000000007426054/2012-dodge-journey-3-6l-petrol-auto-r--station-wagon?referringPage=SearchResults
Nissan,Wingroad,2004,No,$0,"291,411",," Left Front Damage, Left Rear Damage, Left Side Damage, Structural Damage, Selling De-Registered","Automatic,",5,Petrol,https://manheim.co.nz/damaged-vehicles/000000000007436082/2004-nissan-wingroad-station-wagon?referringPage=SearchResults
Ford,Focus,2012,No,$0,N/A,, Selling De-Registered,"Automatic,",5,Diesel,https://manheim.co.nz/damaged-vehicles/000000000007446097/2012-ford-focus-trend-2-0-auto-h-ds-hatch?referringPage=SearchResults
Holden,Captiva,2015,No,$0,N/A,," Dismantled - Entire Vehicle, Selling De-Registered","Automatic,",7,Diesel,https://manheim.co.nz/damaged-vehicles/000000000007446123/2015-holden-captiva-7-ltz-2-2d-4wd-6at--station-wagon?referringPage=SearchResults
Ford,Endura,2019,No,$0,N/A,," Front Damage, Airbags Deployed, Structural Damage, Selling De-Registered","Automatic,",5,Diesel,https://manheim.co.nz/damaged-vehicles/000000000007446140/2019-ford-endura-st-line-2-0d-4wd-8a-station-wagon?referringPage=SearchResults
Toyota,Corolla,2008,No,$0,N/A,," Front Damage, Structural Damage, Selling De-Registered","Automatic,",5,Petrol,https://manheim.co.nz/damaged-vehicles/000000000007426199/2008-toyota-corolla-fielder-station-wagon?referringPage=SearchResults
Ford,Kuga,2011,No,$0,N/A,," Dismantled - Entire Vehicle, Selling De-Registered","Automatic,",5,Petrol,https://manheim.co.nz/damaged-vehicles/000000000007446201/2011-ford-kuga-2-5t-hatch?referringPage=SearchResults
Holden,Spark,2016,No,$0,N/A,," Dismantled - Entire Vehicle, Selling De-Registered","Automatic,",5,Petrol,https://manheim.co.nz/damaged-vehicles/000000000007446205/2016-holden-spark-ls-1-4p-cvt-hatch?referringPage=SearchResults
Ford,Falcon UTE,2005,No,$0,N/A,," Left Front Damage, Left Side Damage, Right Front Damage, Right Side Damage, Selling De-Registered","Automatic,",2,Petrol,https://manheim.co.nz/damaged-vehicles/000000000007446231/2005-ford-falcon-ute-ba-xr6-pick-up-fa-utility?referringPage=SearchResults
MORRIS,1000,1961,No,$0,"81,682",," Front Damage, Structural Damage, Selling De-Registered",N/A,N/A,Petrol,https://manheim.co.nz/damaged-vehicles/000000000007446245/1961-morris-1000-sedan?referringPage=SearchResults
Volkswagen,Tiguan,2012,No,$0,"160,792",," Left Front Damage, Right Front Damage, Right Rear Damage, Right Side Damage, Structural Damage, Selling De-Registered","Automatic,",5,Petrol,https://manheim.co.nz/damaged-vehicles/000000000007446247/2012-volkswagen-tiguan-station-wagon?referringPage=SearchResults
Honda,Accord,2009,Yes,$0,"224,777",, Selling Registered,"Automatic,",5,Petrol,https://manheim.co.nz/damaged-vehicles/000000000007446252/2009-honda-accord-v6l-sedan?referringPage=SearchResults
Mercedes-Benz,C200,2011,Yes,$0,"115,328",," Front Damage, Selling Registered","Automatic,",5,Petrol,https://manheim.co.nz/damaged-vehicles/000000000007436261/2011-mercedes-benz-c200-sedan?referringPage=SearchResults
Toyota,Prius,2013,No,$0,N/A,," Right Rear Damage, Structural Damage, Selling De-Registered","Automatic,",5,Hybrid,https://manheim.co.nz/damaged-vehicles/000000000007436264/2013-toyota-prius-hatch?referringPage=SearchResults
Ford,Fiesta,2009,No,$0,"122,703",," Left Front Damage, Right Rear Damage, Selling De-Registered","5spd Manual,",5,Petrol,https://manheim.co.nz/damaged-vehicles/000000000007386294/2009-ford-fiesta-5dr-1-6-m-s-hatch?referringPage=SearchResults
Hyundai,Elantra,2016,No,$0,"210,060",," Front Damage, Structural Damage, Selling De-Registered",N/A,N/A,Petrol,https://manheim.co.nz/damaged-vehicles/000000000007446293/2016-hyundai-elantra-sedan?referringPage=SearchResults
Mazda,CX-5,2013,No,$0,"141,924",," Right Front Damage, Structural Damage, Selling De-Registered","4spd Automatic,",5,Diesel,https://manheim.co.nz/damaged-vehicles/000000000007446295/2013-mazda-cx-5-station-wagon?referringPage=SearchResults
Ford,Ecosport,2014,No,$0,"141,548",," Left Front Damage, Right Front Damage, Selling De-Registered","Automatic,",5,Petrol,https://manheim.co.nz/damaged-vehicles/000000000007386341/2014-ford-ecosport-trend-1-5p-6at-sw-5-station-wagon?referringPage=SearchResults
MG,ZS,2023,No,$0,"20,440",," Front Damage, Left Front Damage, Right Front Damage, Right Rear Damage, Structural Damage, Selling De-Registered","Automatic,",5,Petrol,https://manheim.co.nz/damaged-vehicles/000000000007396442/2023-mg-zs-excite-1-5p-4at-station-wagon?referringPage=SearchResults
Land Rover,Discovery,2006,No,$0,N/A,," Left Front Damage, Left Side Damage, Structural Damage, Selling De-Registered",N/A,7,Diesel,https://manheim.co.nz/damaged-vehicles/000000000007446529/2006-land-rover-discovery-2-7d-6a-5d-suv-station-wagon?referringPage=SearchResults
Hyundai,I30,2010,No,$0,"148,242",," Front Damage, Left Side Damage, Structural Damage, Selling De-Registered",N/A,5,Petrol,https://manheim.co.nz/damaged-vehicles/000000000007446534/2010-hyundai-i30-wagon-1-6-a4-station-wagon?referringPage=SearchResults
Ford,Courier,2004,No,$0,N/A,," Structural Damage, Stolen & Recovered, Salt Water Damage, Selling De-Registered","Manual,",N/A,Diesel,https://manheim.co.nz/damaged-vehicles/000000000007446580/2004-ford-courier-xlt-utility?referringPage=SearchResults
Opel,Astra,2002,Yes,$0,N/A,," Right Front Damage, Right Rear Damage, Selling Registered","Automatic,",4,Petrol,https://manheim.co.nz/damaged-vehicles/000000000007446617/2002-opel-astra-coup%C3%A9?referringPage=SearchResults
Mercedes-Benz,SLK 200,2006,No,$0,"70,169",," Right Front Damage, Airbags Deployed, Structural Damage, Suspension Damage, Selling De-Registered","Automatic,",2,Petrol,https://manheim.co.nz/damaged-vehicles/000000000007446629/2006-mercedes-benz-slk-200-coup%C3%A9?referringPage=SearchResults
Holden,Epica,2010,No,$0,"246,779",," Front Damage, Left Front Damage, Left Rear Damage, Structural Damage, Selling De-Registered","Automatic,",5,Petrol,https://manheim.co.nz/damaged-vehicles/000000000007436697/2010-holden-epica-cdx-2-5l-sedan-at-sedan?referringPage=SearchResults
Nissan,Serena,2013,No,$0,"199,802",, Selling De-Registered,"Automatic,",8,Hybrid,https://manheim.co.nz/damaged-vehicles/000000000007446719/2013-nissan-serena-highway-star-station-wagon?referringPage=SearchResults
Nissan,NV200,2016,No,$0,N/A,," Front Damage, Structural Damage, Selling De-Registered","Automatic,",5,Petrol,https://manheim.co.nz/damaged-vehicles/000000000007426721/2016-nissan-nv200-station-wagon?referringPage=SearchResults
Toyota,Aqua,2016,No,$0,"85,052",," Left Front Damage, Left Rear Damage, Rear Damage, Right Front Damage, Right Rear Damage, Structural Damage, Selling De-Registered","Automatic,",5,Hybrid,https://manheim.co.nz/damaged-vehicles/000000000007426729/2016-toyota-aqua-hatch?referringPage=SearchResults
Mazda,Verisa,2009,No,$0,"130,397",," Rear Damage, Structural Damage, Selling De-Registered","Automatic,",5,Petrol,https://manheim.co.nz/damaged-vehicles/000000000007436731/2009-mazda-verisa-hatch?referringPage=SearchResults
Holden,Cruze,2013,No,$0,"133,500",," Left Front Damage, Right Front Damage, Dismantled - Interior, Selling De-Registered","Automatic,",5,Petrol,https://manheim.co.nz/damaged-vehicles/000000000007386831/2013-holden-cruze-cdx-sdn-1-8-at-sedan?referringPage=SearchResults
Ford,Fiesta,2007,No,$0,N/A,," Left Front Damage, Left Rear Damage, Right Front Damage, Selling De-Registered","5spd Manual,",5,Petrol,https://manheim.co.nz/damaged-vehicles/000000000007446830/2007-ford-fiesta-5dr-1-6-m-hatch?referringPage=SearchResults
Ford,Fiesta,2006,No,$0,"51,164",," Left Side Damage, Airbags Deployed, Dismantled - Entire Vehicle, Selling De-Registered","Automatic,",5,Petrol,https://manheim.co.nz/damaged-vehicles/000000000007426902/2006-ford-fiesta-5dr-1-6-a-hatch?referringPage=SearchResults
Holden,Cruze,2009,No,$0,"30,578",," Left Front Damage, Left Rear Damage, Dismantled - Entire Vehicle, Selling De-Registered","Automatic,",5,Petrol,https://manheim.co.nz/damaged-vehicles/000000000007426910/2009-holden-cruze-cdx-1-8-at-sedan?referringPage=SearchResults
Ford,Focus,2005,No,$0,"50,587",," Left Rear Damage, Left Side Damage, Roof Damage, Right Side Damage, Dismantled - Entire Vehicle, Selling De-Registered","Automatic,",5,Petrol,https://manheim.co.nz/damaged-vehicles/000000000007426918/2005-ford-focus-hatch?referringPage=SearchResults
Mazda,Atenza,2013,No,$0,"74,359",," Structural Damage, Selling De-Registered","5spd,",5,Petrol,https://manheim.co.nz/damaged-vehicles/000000000007406925/2013-mazda-atenza-sedan?referringPage=SearchResults
Mitsubishi,Eclipse Cross,2018,No,N/A,N/A,," Left Front Damage, Left Side Damage, Structural Damage, Selling De-Registered",N/A,5,Petrol,https://manheim.co.nz/damaged-vehicles/000000000007446924/2018-mitsubishi-eclipse-cross-vrx-1-5p-8cvt-station-wagon?referringPage=SearchResults
Mahindra,XUV,2017,No,$0,N/A,," Chassis Damage, Rear Damage, Right Front Damage, Structural Damage, Selling De-Registered",N/A,N/A,Diesel,https://manheim.co.nz/damaged-vehicles/000000000007446961/2017-mahindra-xuv-station-wagon?referringPage=SearchResults
Mazda,MAZDA6,2005,No,$0,"236,256",," Left Front Damage, Left Side Damage, Structural Damage, Selling De-Registered",N/A,5,Petrol,https://manheim.co.nz/damaged-vehicles/000000000007426972/2005-mazda-mazda6-sedan-gsx-2-3-auto-sedan?referringPage=SearchResults
Mazda,Axela,2005,No,$0,"178,958",," Right Side Damage, Selling De-Registered","Automatic,",5,Petrol,https://manheim.co.nz/damaged-vehicles/000000000007436980/2005-mazda-axela-hatch?referringPage=SearchResults
Honda,CRV,2001,Yes,$0,"230,717",," Left Rear Damage, Selling Registered","Automatic,",5,Petrol,https://manheim.co.nz/damaged-vehicles/000000000007437002/2001-honda-crv-hatch?referringPage=SearchResults
Holden,Rodeo,2007,No,$0,"261,035",," Interior Damage, Structural Damage, Water Damage, Selling De-Registered","Automatic,",5,Diesel,https://manheim.co.nz/damaged-vehicles/000000000007437006/2007-holden-rodeo-utility?referringPage=SearchResults
Toyota,Prius,2009,Yes,$0,N/A,," Front Damage, Selling Registered","Automatic,",5,Hybrid,https://manheim.co.nz/damaged-vehicles/000000000007447005/2009-toyota-prius-hatch?referringPage=SearchResults
Holden,Commodore,2012,Yes,$0,"257,352",," Left Side Damage, Selling Registered",N/A,5,Petrol,https://manheim.co.nz/damaged-vehicles/000000000007447032/2012-holden-commodore-sv6-wgn-at-station-wagon?referringPage=SearchResults
Holden,Commodore,2004,No,$0,N/A,," Left Front Damage, Left Rear Damage, Right Front Damage, Right Rear Damage, Selling De-Registered","Automatic,",5,Petrol,https://manheim.co.nz/damaged-vehicles/000000000007437055/2004-holden-commodore-berlina-v6-sed-sedan?referringPage=SearchResults
Holden,Colorado,2019,No,N/A,"79,013",," Front Damage, Structural Damage, Selling De-Registered","Automatic,",5,Diesel,https://manheim.co.nz/damaged-vehicles/000000000007427068/2019-holden-colorado-ltz-dc-pu-2-8dt-4wd-dual-cab-utility?referringPage=SearchResults
Ford,Falcon,2003,No,$0,"156,048",," Left Front Damage, Left Side Damage, Roof Damage, Right Rear Damage, Right Side Damage, Dismantled - Entire Vehicle, Dismantled - Engine, Selling De-Registered","Automatic,",5,Petrol,https://manheim.co.nz/damaged-vehicles/000000000007407071/2003-ford-falcon-ba-falcon-xr6t-4fa-sedan?referringPage=SearchResults
Toyota,Avensis,2012,No,$0,N/A,," Front Damage, Airbags Deployed, Structural Damage, Selling De-Registered",N/A,5,Petrol,https://manheim.co.nz/damaged-vehicles/000000000007417078/2012-toyota-avensis-station-wagon?referringPage=SearchResults
Holden,Commodore,2003,No,$0,N/A,," Left Front Damage, Left Rear Damage, Right Front Damage, Right Rear Damage, Selling De-Registered","Automatic,",5,Petrol,https://manheim.co.nz/damaged-vehicles/000000000007437083/2003-holden-commodore-acclaim-sedan-auto-sedan?referringPage=SearchResults
Ford,Capri 1.6,1990,No,$0,N/A,," Left Front Damage, Left Rear Damage, Roof Damage, Right Front Damage, Right Rear Damage, Selling De-Registered","5spd Manual,",5,Petrol,https://manheim.co.nz/damaged-vehicles/000000000007437093/1990-ford-capri-1-6-hatch?referringPage=SearchResults
Ford,Fiesta,2008,No,$0,"75,447",," Left Front Damage, Left Rear Damage, Left Side Damage, Right Front Damage, Dismantled - Entire Vehicle, Selling De-Registered","5spd Manual,",5,Petrol,https://manheim.co.nz/damaged-vehicles/000000000007427126/2008-ford-fiesta-5dr-1-6-m-hatch?referringPage=SearchResults
Holden,Captiva,2018,No,$0,N/A,," Front Damage, Structural Damage, Selling De-Registered",N/A,7,Petrol,https://manheim.co.nz/damaged-vehicles/000000000007437157/2018-holden-captiva-ls-2-4p-6at-station-wagon?referringPage=SearchResults
Ford,Mondeo,2012,No,$0,"196,821",," Front Damage, Left Front Damage, Structural Damage, Selling De-Registered","Automatic,",5,Petrol,https://manheim.co.nz/damaged-vehicles/000000000007447189/2012-ford-mondeo-2-3p-auto-hatch?referringPage=SearchResults
Suzuki,Baleno,2018,No,$0,"139,425",," Left Front Damage, Structural Damage, Selling De-Registered","Automatic,",5,Petrol,https://manheim.co.nz/damaged-vehicles/000000000007447226/2018-suzuki-baleno-rs-1-0pt-6at-hatch?referringPage=SearchResults
Ford,Capri,1990,No,$0,"179,195",," Left Front Damage, Left Rear Damage, Right Front Damage, Dismantled - Interior, Selling De-Registered","5spd Manual,",5,Petrol,https://manheim.co.nz/damaged-vehicles/000000000007407234/1990-ford-capri-hatch?referringPage=SearchResults
Holden,Commodore,2018,No,$0,N/A,," Left Front Damage, Right Front Damage, Airbags Deployed, Selling De-Registered","Automatic,",5,Petrol,https://manheim.co.nz/damaged-vehicles/000000000007407282/2018-holden-commodore-rs-2-0pt-9at-sedan?referringPage=SearchResults
Ford,Territory,2013,No,$0,N/A,," Left Front Damage, Left Rear Damage, Right Front Damage, Right Rear Damage, Dismantled - Interior, Selling De-Registered","Automatic,",7,Petrol,https://manheim.co.nz/damaged-vehicles/000000000007407336/2013-ford-territory-titanium-rwd-petrol-station-wagon?referringPage=SearchResults
Mazda,Atenza,2005,Yes,$0,"128,279",," Interior Damage, Stolen & Recovered, Selling Registered","Automatic,",5,Petrol,https://manheim.co.nz/damaged-vehicles/000000000007427359/2005-mazda-atenza-sedan?referringPage=SearchResults
Holden,Cruze,2013,Yes,$0,N/A,, Selling Registered,"Automatic,",5,Diesel,https://manheim.co.nz/damaged-vehicles/000000000007447365/2013-holden-cruze-equipe-sdn-2-0d-at-sedan?referringPage=SearchResults
Subaru,Forester,2010,No,$0,N/A,," Front Damage, Airbags Deployed, Structural Damage, Selling De-Registered","Automatic,",5,Petrol,https://manheim.co.nz/damaged-vehicles/000000000007437438/2010-subaru-forester-station-wagon?referringPage=SearchResults
Holden,Captiva,2013,No,$0,N/A,," Fire Damage, Fire - Entire Vehicle, Structural Damage, Stolen & Recovered, Selling De-Registered","Automatic,",5,Diesel,https://manheim.co.nz/damaged-vehicles/000000000007427448/2013-holden-captiva-5-ltz-awd-2-2d-at-station-wagon?referringPage=SearchResults
Holden,Cruze,2012,No,$0,"9,099",," Left Front Damage, Left Rear Damage, Left Side Damage, Right Front Damage, Right Rear Damage, Right Side Damage, Selling De-Registered","Automatic,",5,Petrol,https://manheim.co.nz/damaged-vehicles/000000000007427466/2012-holden-cruze-cdx-sdn-1-8-at-sedan?referringPage=SearchResults
Holden,Berlina,1997,No,$0,N/A,," Left Front Damage, Right Front Damage, Airbags Deployed, Selling De-Registered","Automatic,",5,Petrol,https://manheim.co.nz/damaged-vehicles/000000000007437474/1997-holden-berlina-sedan?referringPage=SearchResults
Holden,Adventra,2006,Yes,$0,"91,886",," Left Front Damage, Left Rear Damage, Right Front Damage, Right Rear Damage, Selling Registered","Automatic,",5,Petrol,https://manheim.co.nz/damaged-vehicles/000000000007437509/2006-holden-adventra-sx6-station-wagon?referringPage=SearchResults
Subaru,Impreza,2013,No,$0,"80,232",," Structural Damage, Selling De-Registered","Automatic,",5,Hybrid,https://manheim.co.nz/damaged-vehicles/000000000007437515/2013-subaru-impreza-station-wagon?referringPage=SearchResults
Ford,Focus,2007,Yes,$0,N/A,," Right Side Damage, Selling Registered","5spd Manual,",5,Diesel,https://manheim.co.nz/damaged-vehicles/000000000007407510/2007-ford-focus-1-8td-wagon-station-wagon?referringPage=SearchResults
Nissan,Qashqai,2019,No,$0,"69,852",," Left Front Damage, Left Side Damage, Roof Damage, Rolled, Airbags Deployed, Structural Damage, Selling De-Registered",N/A,5,Petrol,https://manheim.co.nz/damaged-vehicles/000000000007447520/2019-nissan-qashqai-st-2-0p-cvt-hatch?referringPage=SearchResults
Toyota,Allex,2005,No,$0,N/A,," Left Side Damage, Structural Damage, Selling De-Registered","Automatic,",5,Petrol,https://manheim.co.nz/damaged-vehicles/000000000007427539/2005-toyota-allex-hatch?referringPage=SearchResults
Nissan,Pathfinder,2017,No,$0,"100,394",," Front Damage, Has Key, Left Rear Damage, Left Side Damage, Structural Damage, Selling De-Registered",N/A,N/A,Petrol,https://manheim.co.nz/damaged-vehicles/000000000007437557/2017-nissan-pathfinder-st-station-wagon?referringPage=SearchResults
Nissan,Navara,2019,No,N/A,N/A,," Right Side Damage, Structural Damage, Selling De-Registered","6spd Manual,",5,Diesel,https://manheim.co.nz/damaged-vehicles/000000000007447565/2019-nissan-navara-st-x-2-3d-4wd-6mt-u-dual-cab-utility?referringPage=SearchResults
Holden,Cruze,2010,Yes,$0,N/A,," Left Front Damage, Right Side Damage, Selling Registered","Automatic,",5,Petrol,https://manheim.co.nz/damaged-vehicles/000000000007427625/2010-holden-cruze-cdx-1-8-at-sedan?referringPage=SearchResults
Mazda,Demio,2010,No,$0,"184,784",," Rear Damage, Selling De-Registered",N/A,5,Petrol,https://manheim.co.nz/damaged-vehicles/000000000007447657/2010-mazda-demio-hatch?referringPage=SearchResults
Ford,Falcon,2003,No,$0,"193,633",," Left Side Damage, Selling De-Registered",N/A,5,Petrol,https://manheim.co.nz/damaged-vehicles/000000000007447662/2003-ford-falcon-ba-falcon-xr8-4a-sedan?referringPage=SearchResults
Suzuki,Swift,2017,No,$0,"257,081",," Front Damage, Structural Damage, Selling De-Registered","5spd Manual,",5,Petrol,https://manheim.co.nz/damaged-vehicles/000000000007447676/2017-suzuki-swift-glb-1-4p-5mt-ha-5dr-hatch?referringPage=SearchResults
Nissan,Navara,2016,No,$0,N/A,," Right Side Damage, Structural Damage, Selling De-Registered","Manual,",N/A,Diesel,https://manheim.co.nz/damaged-vehicles/000000000007447694/2016-nissan-navara-st-utility?referringPage=SearchResults
Mazda,Axela,2006,Yes,$0,N/A,," Engine Damage, Left Front Damage, Left Rear Damage, Dismantled - Engine, Selling Registered","Automatic,",5,Petrol,https://manheim.co.nz/damaged-vehicles/000000000007427740/2006-mazda-axela-hatch?referringPage=SearchResults
Toyota,Vitz,2017,No,$0,N/A,," Front Damage, Selling De-Registered","CVT,",5,Hybrid,https://manheim.co.nz/damaged-vehicles/000000000007427791/2017-toyota-vitz-1-5l-hybrid-cvt-hatch?referringPage=SearchResults
Tesla,Model 3,2021,No,N/A,"117,465",," Rear Damage, Structural Damage, Selling De-Registered",N/A,5,Electric,https://manheim.co.nz/damaged-vehicles/000000000007427870/2021-tesla-model-3-sedan?referringPage=SearchResults
Ford,Falcon,2007,No,$0,N/A,," Left Front Damage, Left Rear Damage, Right Front Damage, Right Rear Damage, Selling De-Registered","Automatic,",5,Petrol,https://manheim.co.nz/damaged-vehicles/000000000007437995/2007-ford-falcon-bf-falcon-xt-fa-sedan?referringPage=SearchResults
Holden,Calais Auto,1995,No,$0,N/A,, Selling De-Registered,N/A,N/A,Petrol,https://manheim.co.nz/damaged-vehicles/000000000007438003/1995-holden-calais-auto-sedan?referringPage=SearchResults
Ford,Falcon,1997,No,$0,"183,398",," Left Front Damage, Right Front Damage, Airbags Deployed, Selling De-Registered","Automatic,",5,Petrol,https://manheim.co.nz/damaged-vehicles/000000000007438010/1997-ford-falcon-el-xr6-4-0p-4at-sedan?referringPage=SearchResults
Toyota,Camry,2017,No,$0,N/A,, Selling De-Registered,N/A,5,Hybrid,https://manheim.co.nz/damaged-vehicles/000000000007438040/2017-toyota-camry-sedan?referringPage=SearchResults
Toyota,Aqua,2017,No,$0,"148,971",," Front Damage, Left Front Damage, Left Rear Damage, Right Front Damage, Vandalised - Interior, Structural Damage, Selling De-Registered","Automatic,",5,Hybrid,https://manheim.co.nz/damaged-vehicles/000000000007448069/2017-toyota-aqua-hatch?referringPage=SearchResults
Nissan,Note,2015,Yes,$0,"116,615",, Selling Registered,"CVT,",5,Petrol,https://manheim.co.nz/damaged-vehicles/000000000007428095/2015-nissan-note-hatch?referringPage=SearchResults
Nissan,Note,2013,Yes,$0,"168,969",, Selling Registered,"CVT,",5,Petrol,https://manheim.co.nz/damaged-vehicles/000000000007428100/2013-nissan-note-hatch?referringPage=SearchResults
Volkswagen,Golf,2006,No,$0,N/A,," Right Front Damage, Structural Damage, Selling De-Registered",N/A,5,Petrol,https://manheim.co.nz/damaged-vehicles/000000000007438101/2006-volkswagen-golf-gti-hatch?referringPage=SearchResults
Toyota,Hiace,2013,No,N/A,"260,958",," Right Side Damage, Structural Damage, Selling De-Registered",N/A,3,Diesel,https://manheim.co.nz/damaged-vehicles/000000000007438307/2013-toyota-hiace-zl-3-0td-5m-3-seat-van?referringPage=SearchResults
Renault,Clio,2014,No,$0,"63,877",," Front Damage, Left Front Damage, Left Rear Damage, Right Front Damage, Airbags Deployed, Structural Damage, Selling De-Registered","6spd Automatic,",5,Petrol,https://manheim.co.nz/damaged-vehicles/000000000007428331/2014-renault-clio-expression-1-2p-6at-hatch?referringPage=SearchResults
TRAILER,Trayla,2021,No,$801,N/A,0," Rear Damage, Structural Damage, Selling De-Registered",N/A,N/A,N/A,https://manheim.co.nz/damaged-vehicles/000000000007448357/2021-trailer-trayla-camper-trailer?referringPage=SearchResults
Holden,Barina,2006,No,$0,"35,969",," Left Front Damage, Roof Damage, Right Front Damage, Right Rear Damage, Right Side Damage, Airbags Deployed, Selling De-Registered","Automatic,",5,Petrol,https://manheim.co.nz/damaged-vehicles/000000000007418366/2006-holden-barina-5dr-hatch-auto-hatch?referringPage=SearchResults
Toyota,Funcargo,2004,No,$0,N/A,," Left Rear Damage, Right Front Damage, Structural Damage, Selling De-Registered","Automatic,",5,Petrol,https://manheim.co.nz/damaged-vehicles/000000000007438505/2004-toyota-funcargo-hatch?referringPage=SearchResults
Mazda,MAZDA6,2013,No,$0,N/A,," Rear Damage, Structural Damage, Selling De-Registered",N/A,5,Diesel,https://manheim.co.nz/damaged-vehicles/000000000007428515/2013-mazda-mazda6-wagon-ltd-2-2-6at-d-station-wagon?referringPage=SearchResults
Mazda,MAZDA6,2013,No,$0,"190,747",," Chassis Damage, Front Damage, Structural Damage, Selling De-Registered","Automatic,",5,Petrol,https://manheim.co.nz/damaged-vehicles/000000000007438543/2013-mazda-mazda6-ltdptr-2-5p6a-sw5d5-station-wagon?referringPage=SearchResults
Volkswagen,Golf,2008,No,$0,"151,735",, Selling De-Registered,"6spd Automatic,",5,Petrol,https://manheim.co.nz/damaged-vehicles/000000000007448566/2008-volkswagen-golf-gti-hatch?referringPage=SearchResults
Ford,Explorer,2004,Yes,$0,"175,050",, Selling Registered,"Automatic,",7,Petrol,https://manheim.co.nz/damaged-vehicles/000000000007448581/2004-ford-explorer-xlt-station-wagon?referringPage=SearchResults
Holden,VX Commodore,2003,Yes,$0,N/A,," Left Front Damage, Left Side Damage, Right Front Damage, Selling Registered","Automatic,",5,Petrol,https://manheim.co.nz/damaged-vehicles/000000000007418598/2003-holden-vx-commodore-lumina-sedan-v6-aut-sedan?referringPage=SearchResults
Mazda,Bongo,2008,Yes,$0,"176,784",, Selling Registered,N/A,3,Petrol,https://manheim.co.nz/damaged-vehicles/000000000007418610/2008-mazda-bongo-van?referringPage=SearchResults
Ford,Falcon UTE,2004,No,$0,N/A,," Left Front Damage, Left Side Damage, Right Front Damage, Right Side Damage, Airbags Deployed, Selling De-Registered","Automatic,",2,Petrol,https://manheim.co.nz/damaged-vehicles/000000000007418688/2004-ford-falcon-ute-ba-xr8-pick-up-fa-utility?referringPage=SearchResults
Suzuki,Swift,2009,No,$0,"141,366",," Rear Damage, Structural Damage, Selling De-Registered","Automatic,",5,Petrol,https://manheim.co.nz/damaged-vehicles/000000000007438773/2009-suzuki-swift-hatch?referringPage=SearchResults
Volkswagen,Polo,2008,No,$0,N/A,," Front Damage, Glass Broken, Right Side Damage, Structural Damage, Stolen & Recovered, Selling De-Registered","Automatic,",5,Petrol,https://manheim.co.nz/damaged-vehicles/000000000007448822/2008-volkswagen-polo-hatch?referringPage=SearchResults
Mazda,3,2015,No,$0,N/A,," Left Front Damage, Structural Damage, Suspension Damage, Selling De-Registered","Automatic,",5,Petrol,https://manheim.co.nz/damaged-vehicles/000000000007448850/2015-mazda-3-4-door-sedan-1-5l-sedan?referringPage=SearchResults
Ford,Mondeo,2011,Yes,$0,"323,746",," Front Damage, Selling Registered","Automatic,",5,Diesel,https://manheim.co.nz/damaged-vehicles/000000000007448866/2011-ford-mondeo-2-0td-a-hatch?referringPage=SearchResults
Audi,A4,2014,No,$0,"180,978",," Front Damage, Right Front Damage, Structural Damage, Suspension Damage, Selling De-Registered","Automatic,",5,Petrol,https://manheim.co.nz/damaged-vehicles/000000000007428874/2014-audi-a4-avtfsiq-2-0p7a-sw4d-station-wagon?referringPage=SearchResults
Mazda,CX-5,2016,No,$0,N/A,," Chassis Damage, Front Damage, Structural Damage, Selling De-Registered","6spd Automatic,",5,Diesel,https://manheim.co.nz/damaged-vehicles/000000000007438895/2016-mazda-cx-5-gsx-dsl-2-2d-4wd-6a-station-wagon?referringPage=SearchResults
Mazda,Axela,2012,No,$0,N/A,, Selling De-Registered,"Automatic,",5,Petrol,https://manheim.co.nz/damaged-vehicles/000000000007448926/2012-mazda-axela-hatch?referringPage=SearchResults
Toyota,Hilux,2019,Yes,N/A,"155,293",," Stolen & Recovered, Selling Registered","Automatic,",5,Diesel,https://manheim.co.nz/damaged-vehicles/000000000007378962/2019-toyota-hilux-sr-td-dc-2-8dt-dual-cab-utility?referringPage=SearchResults
Ford,Ranger,2008,No,$0,N/A,," Front Damage, Roof Damage, Rolled, Right Side Damage, Structural Damage, Selling De-Registered","Automatic,",5,Diesel,https://manheim.co.nz/damaged-vehicles/000000000007448973/2008-ford-ranger-wildtrack-tdci-dual-cab-chassis?referringPage=SearchResults
Nissan,Serena,2012,No,$0,N/A,," Front Damage, Structural Damage, Selling De-Registered",N/A,8,Hybrid,https://manheim.co.nz/damaged-vehicles/000000000007439001/2012-nissan-serena-station-wagon?referringPage=SearchResults
Ford,Territory,2014,No,$0,N/A,," Fire Damage, Fire - Entire Vehicle, Structural Damage, Stolen & Recovered, Selling De-Registered",N/A,7,Diesel,https://manheim.co.nz/damaged-vehicles/000000000007439005/2014-ford-territory-titanium-awd-diesel-station-wagon?referringPage=SearchResults
ELDDIS,Supersirocco,2005,No,"$6,000",N/A,0," Interior Damage, Water Damage, Selling De-Registered",N/A,N/A,N/A,https://manheim.co.nz/damaged-vehicles/000000000007449018/2005-elddis-supersirocco-caravan?referringPage=SearchResults
Mazda,BT-50,2015,No,N/A,N/A,," Stolen & Recovered, Selling De-Registered","Automatic,",5,Diesel,https://manheim.co.nz/damaged-vehicles/000000000007429037/2015-mazda-bt-50-utility?referringPage=SearchResults
Hyundai,I30,2009,Yes,$0,"136,524",," Front Damage, Glass Broken, Roof Damage, Selling Registered","5spd Automatic,",5,Petrol,https://manheim.co.nz/damaged-vehicles/000000000007439066/2009-hyundai-i30-station-wagon?referringPage=SearchResults
GWM,Haval H6,2025,No,$0,N/A,," Left Side Damage, Rear Damage, Right Rear Damage, Structural Damage, Suspension Damage, Selling De-Registered",N/A,5,Hybrid,https://manheim.co.nz/damaged-vehicles/000000000007419120/2025-gwm-haval-h6-ultra-2wd-hybrid-1--station-wagon?referringPage=SearchResults
Mazda,Premacy,2016,Yes,$0,"87,752",," Engine Damage, Front Damage, Selling Registered",N/A,7,Petrol,https://manheim.co.nz/damaged-vehicles/000000000007439179/2016-mazda-premacy-station-wagon?referringPage=SearchResults
Mazda,Atenza,2008,Yes,$0,1,, Selling Registered,"Automatic,",5,Petrol,https://manheim.co.nz/damaged-vehicles/000000000007439189/2008-mazda-atenza-station-wagon?referringPage=SearchResults
Mercedes-Benz,CLS 500,2005,Yes,$0,"102,319",, Selling Registered,"Automatic,",4,Petrol,https://manheim.co.nz/damaged-vehicles/000000000007439193/2005-mercedes-benz-cls-500-sedan?referringPage=SearchResults
Subaru,XV,2013,No,$0,"159,574",," Structural Damage, Salt Water Damage, Water Damage, Selling De-Registered",N/A,5,Petrol,https://manheim.co.nz/damaged-vehicles/000000000007449229/2013-subaru-xv-hatch?referringPage=SearchResults
Mitsubishi,Outlander,2008,Yes,$0,"296,466",," Engine Damage, Glass Broken, Interior Damage, Stolen & Recovered, Selling Registered","Automatic,",5,Petrol,https://manheim.co.nz/damaged-vehicles/000000000007449241/2008-mitsubishi-outlander-station-wagon?referringPage=SearchResults
Mazda,Atenza,2002,No,$0,N/A,," Left Front Damage, Rear Damage, Right Rear Damage, Structural Damage, Selling De-Registered","Automatic,",5,Petrol,https://manheim.co.nz/damaged-vehicles/000000000007439243/2002-mazda-atenza-hatch?referringPage=SearchResults
Audi,A3,2011,No,$0,"248,650",," Front Damage, Rear Damage, Structural Damage, Selling De-Registered",N/A,5,Diesel,https://manheim.co.nz/damaged-vehicles/000000000007379252/2011-audi-a3-2-0-tdi-sp-s-tron-hatch?referringPage=SearchResults
Mitsubishi,Outlander,2023,No,N/A,"72,159",," Left Front Damage, Structural Damage, Selling De-Registered","Automatic,",5,Hybrid,https://manheim.co.nz/damaged-vehicles/000000000007449265/2023-mitsubishi-outlander-ls-phev-4wd-at-station-wagon?referringPage=SearchResults
Kia,Pregio,2005,No,$0,N/A,, Selling De-Registered,"5spd Manual,",3,Diesel,https://manheim.co.nz/damaged-vehicles/000000000007449316/2005-kia-pregio-2-7-diesel-van-van?referringPage=SearchResults
Nissan,Dualis,2008,No,$0,"113,642",, Selling De-Registered,"CVT,",5,Petrol,https://manheim.co.nz/damaged-vehicles/000000000007449318/2008-nissan-dualis-station-wagon?referringPage=SearchResults
Toyota,Estima,2005,No,$0,"314,828",," Left Side Damage, Selling De-Registered","4spd Automatic,",8,Petrol,https://manheim.co.nz/damaged-vehicles/000000000007449320/2005-toyota-estima-l-station-wagon?referringPage=SearchResults
Holden,VY2 Commodore,2003,No,$0,N/A,," Right Side Damage, Structural Damage, Selling De-Registered","4spd Automatic,",5,Petrol,https://manheim.co.nz/damaged-vehicles/000000000007449343/2003-holden-vy2-commodore-executive-v6-sedan?referringPage=SearchResults
Nissan,Sentra,1998,No,$0,"287,627",," Left Front Damage, Right Side Damage, Selling De-Registered","4spd Automatic,",5,Petrol,https://manheim.co.nz/damaged-vehicles/000000000007449349/1998-nissan-sentra-1-6-auto-hatch-hatch?referringPage=SearchResults
Mazda,Atenza,2006,No,$0,N/A,," Right Front Damage, Right Side Damage, Structural Damage, Suspension Damage, Selling De-Registered","Automatic,",5,Petrol,https://manheim.co.nz/damaged-vehicles/000000000007419378/2006-mazda-atenza-station-wagon?referringPage=SearchResults
Ford,Telstar,1993,No,$0,N/A,," Front Damage, Left Side Damage, Rear Damage, Roof Damage, Right Side Damage, Selling De-Registered","Automatic,",5,Petrol,https://manheim.co.nz/damaged-vehicles/000000000007449382/1993-ford-telstar-hatch?referringPage=SearchResults
Mitsubishi,Outlander,2005,No,$0,N/A,," Right Front Damage, Right Rear Damage, Right Side Damage, Airbags Deployed, Selling De-Registered","6spd CVT,",7,Petrol,https://manheim.co.nz/damaged-vehicles/000000000007449383/2005-mitsubishi-outlander-station-wagon?referringPage=SearchResults
FACTORY BUILT,Commercial,2002,No,$520,1,0," Front Damage, Structural Damage, Selling De-Registered",N/A,N/A,N/A,https://manheim.co.nz/damaged-vehicles/000000000007419414/2002-factory-built-commercial-trailer?referringPage=SearchResults
Mazda,CX-9,2018,No,N/A,N/A,," Front Damage, Left Front Damage, Left Side Damage, Right Front Damage, Structural Damage, Selling De-Registered","Automatic,",7,Petrol,https://manheim.co.nz/damaged-vehicles/000000000007439528/2018-mazda-cx-9-ltd-2-5pt-4wd-6at-station-wagon?referringPage=SearchResults
FACTORY BUILT,Sterline SE 510,2005,No,"$1,840",N/A,0," Front Damage, Rear Damage, Structural Damage, Selling De-Registered",N/A,N/A,N/A,https://manheim.co.nz/damaged-vehicles/000000000007449521/2005-factory-built-sterline-se-510-caravan?referringPage=SearchResults
Honda,Odyssey,2011,No,$0,"231,659",," Front Damage, Roof Damage, Structural Damage, Selling De-Registered",N/A,7,Petrol,https://manheim.co.nz/damaged-vehicles/000000000007439535/2011-honda-odyssey-absolute-station-wagon?referringPage=SearchResults
Toyota,C-hr,2018,No,N/A,N/A,," Front Damage, Glass Broken, Left Front Damage, Structural Damage, Suspension Damage, Selling De-Registered","CVT,",5,Hybrid,https://manheim.co.nz/damaged-vehicles/000000000007439547/2018-toyota-c-hr-hatch?referringPage=SearchResults
Mazda,Demio,2008,No,$0,"104,023",," Rear Damage, Structural Damage, Selling De-Registered","Automatic,",5,Petrol,https://manheim.co.nz/damaged-vehicles/000000000007439656/2008-mazda-demio-hatch?referringPage=SearchResults
Suzuki,Swift,2019,No,$0,"16,625",," Left Front Damage, Right Front Damage, Right Rear Damage, Right Side Damage, Structural Damage, Selling De-Registered","Automatic,",5,Petrol,https://manheim.co.nz/damaged-vehicles/000000000007439789/2019-suzuki-swift-plus-1-2p-cvt-hatch?referringPage=SearchResults
MG,ZS,2023,No,$0,N/A,," Airbags Deployed, Front Damage, Airbags Deployed, Structural Damage, Selling De-Registered",N/A,5,Electric,https://manheim.co.nz/damaged-vehicles/000000000007439806/2023-mg-zs-ev-51kwh-ev-at-station-wagon?referringPage=SearchResults
Toyota,Aqua,2014,Yes,N/A,"220,631",," Front Damage, Glass Broken, Ignition Damage, Left Side Damage, Rear Damage, Stolen & Recovered, Selling Registered","5spd Automatic,",5,Hybrid,https://manheim.co.nz/damaged-vehicles/000000000007439890/2014-toyota-aqua-hybrid-hatch?referringPage=SearchResults
Holden,Commodore,2019,No,$0,"267,694",," Front Damage, Left Side Damage, Selling De-Registered","Automatic,",5,Petrol,https://manheim.co.nz/damaged-vehicles/000000000007439911/2019-holden-commodore-lt-2-0pt-9at-sedan?referringPage=SearchResults
Toyota,Highlander,2005,No,$0,"251,973",," Front Damage, Rear Damage, Structural Damage, Selling De-Registered","Automatic,",5,Petrol,https://manheim.co.nz/damaged-vehicles/000000000007449924/2005-toyota-highlander-3-3p-4wd-5a-station-wagon?referringPage=SearchResults
Hyundai,i30,2013,No,$0,"70,868",," Rear Damage, Structural Damage, Selling De-Registered","Manual,",5,Petrol,https://manheim.co.nz/damaged-vehicles/000000000007449930/2013-hyundai-i30-hatch?referringPage=SearchResults
Toyota,Sprinter,1993,Yes,$0,"149,171",," Ignition Damage, Vandalised - Interior, Stolen & Recovered, Selling Registered","Automatic,",4,Petrol,https://manheim.co.nz/damaged-vehicles/000000000007439939/1993-toyota-sprinter-marino-sedan?referringPage=SearchResults
Subaru,Impreza,2012,Yes,$0,"135,508",," Right Side Damage, Stolen & Recovered, Selling Registered","Automatic,",5,Petrol,https://manheim.co.nz/damaged-vehicles/000000000007449950/2012-subaru-impreza-g4-hatch?referringPage=SearchResults
Mercedes-Benz,A180,2013,No,$0,"92,205",," Right Front Damage, Right Rear Damage, Right Side Damage, Structural Damage, Selling De-Registered","Automatic,",5,Petrol,https://manheim.co.nz/damaged-vehicles/000000000007449963/2013-mercedes-benz-a180-hatch?referringPage=SearchResults
Ford,Telstar 2.0GL Auto,1989,No,$0,"330,400",," Front Damage, Structural Damage, Selling De-Registered",N/A,5,Petrol,https://manheim.co.nz/damaged-vehicles/000000000007449964/1989-ford-telstar-2-0gl-auto-sedan?referringPage=SearchResults
Toyota,Wish,2004,Yes,$0,"234,421",," Left Front Damage, Left Rear Damage, Rear Damage, Selling Registered","Automatic,",7,Petrol,https://manheim.co.nz/damaged-vehicles/000000000007449966/2004-toyota-wish-station-wagon?referringPage=SearchResults
Mazda,Demio,2006,Yes,$0,"178,189",," Front Damage, Left Rear Damage, Vandalised - Interior, Stolen & Recovered, Selling Registered","Automatic,",5,Petrol,https://manheim.co.nz/damaged-vehicles/000000000007449969/2006-mazda-demio-hatch?referringPage=SearchResults
