Manufacturer,Model,Year,Registration Status,Price,Mileage,Keys,Damage description,Transmission,Seats,Fuel Type,Link
Nissan,X-trail,2007,No,$0,"150,380",," Right Front Damage, Structural Damage, Selling De-Registered","Automatic,",5,Petrol,https://manheim.co.nz/damaged-vehicles/000000000007430074/2007-nissan-x-trail-station-wagon?referringPage=SearchResults
Renault,Koleos,2015,No,$0,"101,429",," Right Front Damage, Structural Damage, Selling De-Registered","Automatic,",5,Diesel,https://manheim.co.nz/damaged-vehicles/000000000007430085/2015-renault-koleos-2-0-4x4-2-0d-4wd-6a-station-wagon?referringPage=SearchResults
Suzuki,Swift,2009,Yes,$0,"173,908",," Right Front Damage, Right Rear Damage, Structural Damage, Selling Registered",N/A,N/A,Petrol,https://manheim.co.nz/damaged-vehicles/000000000007440150/2009-suzuki-swift-hatch?referringPage=SearchResults
Nissan,Wingroad,1997,No,$0,"145,723",," Left Side Damage, Structural Damage, Selling De-Registered",N/A,5,Petrol,https://manheim.co.nz/damaged-vehicles/000000000007440161/1997-nissan-wingroad-station-wagon?referringPage=SearchResults
Ford,Territory,2011,No,$0,"155,651",," Left Side Damage, Airbags Deployed, Structural Damage, Selling De-Registered","Automatic,",7,Petrol,https://manheim.co.nz/damaged-vehicles/000000000007440162/2011-ford-territory-station-wagon?referringPage=SearchResults
Toyota,Hilux,2010,No,N/A,"371,103",," Left Side Damage, Right Side Damage, Structural Damage, Selling De-Registered",N/A,5,Diesel,https://manheim.co.nz/damaged-vehicles/000000000007440165/2010-toyota-hilux-3-0td-4wd-dc-5m-utility?referringPage=SearchResults
Toyota,Aqua,2013,Yes,N/A,"117,951",," Left Side Damage, Selling Registered","Automatic,",5,Hybrid,https://manheim.co.nz/damaged-vehicles/000000000007440174/2013-toyota-aqua-hatch?referringPage=SearchResults
Toyota,Landcruiser,1998,No,$0,"231,643",," Front Damage, Left Side Damage, Roof Damage, Right Side Damage, Structural Damage, Selling De-Registered","5spd Automatic,",5,Diesel,https://manheim.co.nz/damaged-vehicles/000000000007440186/1998-toyota-landcruiser-station-wagon?referringPage=SearchResults
Mercedes-Benz,Gle-class Coupe,2015,No,N/A,"171,853",," Right Front Damage, Right Side Damage, Structural Damage, Selling De-Registered","Automatic,",5,Petrol,https://manheim.co.nz/damaged-vehicles/000000000007440188/2015-mercedes-benz-gle-class-coupe-gle-450-amg-coupe-3-hatch?referringPage=SearchResults
Hyundai,I30,2012,Yes,$0,N/A,," Right Front Damage, Selling Registered","Automatic,",5,Diesel,https://manheim.co.nz/damaged-vehicles/000000000007440190/2012-hyundai-i30-gd-1-6-crdi-elite-a-hatch?referringPage=SearchResults
Toyota,Avensis,2006,Yes,$0,N/A,," Left Front Damage, Selling Registered",N/A,5,Petrol,https://manheim.co.nz/damaged-vehicles/000000000007440250/2006-toyota-avensis-station-wagon?referringPage=SearchResults
Nissan,Bluebird,2005,Yes,$0,"114,662",," Right Side Damage, Selling Registered",N/A,5,Petrol,https://manheim.co.nz/damaged-vehicles/000000000007440259/2005-nissan-bluebird-sylphy-sedan?referringPage=SearchResults
Audi,A5,2014,No,$0,N/A,," Front Damage, Airbags Deployed, Structural Damage, Selling De-Registered","Automatic,",4,Petrol,https://manheim.co.nz/damaged-vehicles/000000000007430253/2014-audi-a5-2-0t-hatch?referringPage=SearchResults
Holden,Barina Spark,2014,No,$0,"137,990",," Left Side Damage, Structural Damage, Selling De-Registered","Automatic,",5,Petrol,https://manheim.co.nz/damaged-vehicles/000000000007440276/2014-holden-barina-spark-cd-1-2p4a-ha5s-hatch?referringPage=SearchResults
Suzuki,UK,2018,Yes,$0,"13,975",," Left Side Damage, Selling Registered","Automatic,",N/A,Petrol,https://manheim.co.nz/damaged-vehicles/000000000007440312/2018-suzuki-uk-110ne-address-scooter?referringPage=SearchResults
Nissan,Navara RX 2.3D/7AT/UT/4DR/5,2018,No,N/A,"201,328",," Front Damage, Left Side Damage, Right Side Damage, Structural Damage, Selling De-Registered","Automatic,",5,Diesel,https://manheim.co.nz/damaged-vehicles/000000000007440352/2018-nissan-navara-rx-2-3d-7at-ut-4dr-5-utility?referringPage=SearchResults
Kia,Cerato,2007,Yes,$0,"202,430",," Left Front Damage, Selling Registered","Automatic,",5,Petrol,https://manheim.co.nz/damaged-vehicles/000000000007440357/2007-kia-cerato-2-0-auto-sedan-sedan?referringPage=SearchResults
Toyota,Aqua,2012,No,$0,N/A,," Rear Damage, Structural Damage, Selling De-Registered",N/A,5,Hybrid,https://manheim.co.nz/damaged-vehicles/000000000007420370/2012-toyota-aqua-hatch?referringPage=SearchResults
Mazda,Premacy,2007,No,$0,N/A,," Left Front Damage, Left Rear Damage, Left Side Damage, Right Front Damage, Structural Damage, Selling De-Registered","Automatic,",7,Petrol,https://manheim.co.nz/damaged-vehicles/000000000007420395/2007-mazda-premacy-station-wagon?referringPage=SearchResults
Suzuki,Swift,2006,No,$0,"95,159",," Front Damage, Structural Damage, Selling De-Registered",N/A,5,Petrol,https://manheim.co.nz/damaged-vehicles/000000000007440446/2006-suzuki-swift-hatch?referringPage=SearchResults
Nissan,Bluebird,2006,No,$0,"184,380",," Left Front Damage, Structural Damage, Selling De-Registered","4spd Automatic,",5,Petrol,https://manheim.co.nz/damaged-vehicles/000000000007440450/2006-nissan-bluebird-sedan?referringPage=SearchResults
Nissan,Tiida,2007,No,$0,N/A,," Left Side Damage, Right Rear Damage, Structural Damage, Selling De-Registered",N/A,5,Petrol,https://manheim.co.nz/damaged-vehicles/000000000007440481/2007-nissan-tiida-hatch?referringPage=SearchResults
Honda,Jazz,2006,No,$0,"307,037",," Right Front Damage, Structural Damage, Selling De-Registered","4spd CVT,",5,Petrol,https://manheim.co.nz/damaged-vehicles/000000000007440499/2006-honda-jazz-1-3i-5d-cvt-hatch-hatch?referringPage=SearchResults
Audi,A4,2007,No,$0,"113,994",," Front Damage, Structural Damage, Selling De-Registered",N/A,5,Petrol,https://manheim.co.nz/damaged-vehicles/000000000007430494/2007-audi-a4-2-0tq-tip-avant-station-wagon?referringPage=SearchResults
Mitsubishi,Triton,2017,No,N/A,"211,847",," Left Side Damage, Structural Damage, Selling De-Registered","Automatic,",5,Diesel,https://manheim.co.nz/damaged-vehicles/000000000007440541/2017-mitsubishi-triton-d-cab-glxr-2-4d-5at-dual-cab-utility?referringPage=SearchResults
Toyota,Corolla,2008,No,$0,N/A,," Front Damage, Left Front Damage, Left Side Damage, Roof Damage, Right Front Damage, Right Rear Damage, Structural Damage, Selling De-Registered","Automatic,",5,Petrol,https://manheim.co.nz/damaged-vehicles/000000000007440554/2008-toyota-corolla-station-wagon?referringPage=SearchResults
Hyundai,I30,2012,No,$0,"131,689",," Rear Damage, Structural Damage, Selling De-Registered","Automatic,",5,Petrol,https://manheim.co.nz/damaged-vehicles/000000000007440559/2012-hyundai-i30-1-6-a4-hatch?referringPage=SearchResults
Ford,Falcon,2012,No,N/A,"154,008",," Left Side Damage, Structural Damage, Selling De-Registered","Automatic,",5,Petrol,https://manheim.co.nz/damaged-vehicles/000000000007440584/2012-ford-falcon-fg2-g6e-t-auto-sedan?referringPage=SearchResults
Toyota,Corolla,2016,No,N/A,N/A,," Glass Broken, Left Front Damage, Left Side Damage, Right Side Damage, Structural Damage, Selling De-Registered",N/A,5,Hybrid,https://manheim.co.nz/damaged-vehicles/000000000007440604/2016-toyota-corolla-axio-hybrid-sedan?referringPage=SearchResults
Ford,Escape,2017,No,$0,N/A,," Right Rear Damage, Right Side Damage, Airbags Deployed, Underbody Damage, Selling De-Registered","Automatic,",5,Petrol,https://manheim.co.nz/damaged-vehicles/000000000007430607/2017-ford-escape-ambiente-fwd-petrol-station-wagon?referringPage=SearchResults
Kawasaki,VN,2021,No,$0,"1,732",," Structural Damage, Selling De-Registered",N/A,N/A,Petrol,https://manheim.co.nz/damaged-vehicles/000000000007440638/2021-kawasaki-vn-900c-motorcycle?referringPage=SearchResults
Toyota,Corolla,2024,No,N/A,N/A,," Front Damage, Rear Damage, Structural Damage, Selling De-Registered","Automatic,",5,Hybrid,https://manheim.co.nz/damaged-vehicles/000000000007440654/2024-toyota-corolla-sx-1-8ph-hd-hatch?referringPage=SearchResults
Mazda,Verisa,2007,No,$0,N/A,," Rear Damage, Structural Damage, Selling De-Registered","Automatic,",5,Petrol,https://manheim.co.nz/damaged-vehicles/000000000007440665/2007-mazda-verisa-hatch?referringPage=SearchResults
Holden,Adventra,2005,No,$0,N/A,," Right Rear Damage, Selling De-Registered","Automatic,",5,Petrol,https://manheim.co.nz/damaged-vehicles/000000000007430755/2005-holden-adventra-cx6-station-wagon?referringPage=SearchResults
Nissan,Juke,2013,Yes,N/A,N/A,, Selling Registered,N/A,5,Petrol,https://manheim.co.nz/damaged-vehicles/000000000007410767/2013-nissan-juke-station-wagon?referringPage=SearchResults
Mitsubishi,Lancer,2012,No,$0,"125,483",," Front Damage, Left Front Damage, Left Rear Damage, Rear Damage, Structural Damage, Selling De-Registered","CVT,",5,Petrol,https://manheim.co.nz/damaged-vehicles/000000000007440786/2012-mitsubishi-lancer-2-0p-sei-hatch-auto-hatch?referringPage=SearchResults
Toyota,Aqua,2017,Yes,N/A,N/A,," Glass Broken, Left Side Damage, Selling Registered","CVT,",5,Hybrid,https://manheim.co.nz/damaged-vehicles/000000000007430806/2017-toyota-aqua-hybrid-hatch?referringPage=SearchResults
Toyota,Aqua,2013,Yes,N/A,N/A,," Front Damage, Glass Broken, Ignition Damage, Left Front Damage, Vandalised - Interior, Stolen & Recovered, Selling Registered","Automatic,",5,Hybrid,https://manheim.co.nz/damaged-vehicles/000000000007440816/2013-toyota-aqua-hatch?referringPage=SearchResults
Mazda,Demio,2012,No,$0,N/A,," Left Side Damage, Structural Damage, Selling De-Registered",N/A,5,Petrol,https://manheim.co.nz/damaged-vehicles/000000000007440819/2012-mazda-demio-hatch?referringPage=SearchResults
Toyota,RAV4,2013,No,$0,N/A,," Front Damage, Fire Damage, Structural Damage, Selling De-Registered","Automatic,",5,Petrol,https://manheim.co.nz/damaged-vehicles/000000000007440820/2013-toyota-rav4-station-wagon?referringPage=SearchResults
Toyota,Aqua,2016,No,$0,N/A,," Front Damage, Airbags Deployed, Structural Damage, Selling De-Registered","Automatic,",5,Hybrid,https://manheim.co.nz/damaged-vehicles/000000000007430848/2016-toyota-aqua-hatch?referringPage=SearchResults
Honda,Civic,2007,No,$0,"125,486",," Rear Damage, Structural Damage, Selling De-Registered",N/A,5,Petrol,https://manheim.co.nz/damaged-vehicles/000000000007440852/2007-honda-civic-sedan?referringPage=SearchResults
Mercedes-Benz,B180,2022,Yes,N/A,N/A,," Interior Damage, Right Side Damage, Stolen & Recovered, Selling Registered","Automatic,",5,Petrol,https://manheim.co.nz/damaged-vehicles/000000000007440856/2022-mercedes-benz-b180-hatch?referringPage=SearchResults
Nissan,Navara,2022,No,N/A,N/A,," Front Damage, Structural Damage, Selling De-Registered",N/A,5,Diesel,https://manheim.co.nz/damaged-vehicles/000000000007380855/2022-nissan-navara-st-2-3d-7at-dual-cab-utility?referringPage=SearchResults
Holden,Cruze,2011,No,$0,"94,710",," Left Front Damage, Left Rear Damage, Right Rear Damage, Underbody Damage, Selling De-Registered","Automatic,",5,Petrol,https://manheim.co.nz/damaged-vehicles/000000000007440862/2011-holden-cruze-sedan?referringPage=SearchResults
Ford,Falcon,2009,No,$0,"64,563",, Selling De-Registered,"Automatic,",5,Petrol,https://manheim.co.nz/damaged-vehicles/000000000007440879/2009-ford-falcon-fg-xr6-sedan-a-sedan?referringPage=SearchResults
Tesla,Model 3,2022,No,$0,N/A,," Rear Damage, Right Rear Damage, Structural Damage, Water Damage, Selling De-Registered","Automatic, Fuel Type, Electri",5,Electric,https://manheim.co.nz/damaged-vehicles/000000000007420872/2022-tesla-model-3-rear-wheel-drive-60-sedan?referringPage=SearchResults
Ford,Falcon,2000,No,$0,N/A,," Right Front Damage, Right Rear Damage, Selling De-Registered","Automatic,",5,Petrol,https://manheim.co.nz/damaged-vehicles/000000000007440883/2000-ford-falcon-au-futura-w-station-wagon?referringPage=SearchResults
Nissan,Elgrand,2013,No,$0,"145,578",," Rear Damage, Structural Damage, Selling De-Registered","Automatic,",8,Petrol,https://manheim.co.nz/damaged-vehicles/000000000007440892/2013-nissan-elgrand-station-wagon?referringPage=SearchResults
Honda,Shuttle,2017,No,$0,"162,170",," Front Damage, Left Front Damage, Right Front Damage, Structural Damage, Selling De-Registered",N/A,5,Hybrid,https://manheim.co.nz/damaged-vehicles/000000000007440893/2017-honda-shuttle-hatch?referringPage=SearchResults
Nissan,Caravan,2005,No,$0,"339,564",," Engine Damage, Left Rear Damage, Left Side Damage, Stolen & Recovered, Selling De-Registered","Automatic,",3,Petrol,https://manheim.co.nz/damaged-vehicles/000000000007420894/2005-nissan-caravan-van?referringPage=SearchResults
BMW,Misc,1995,No,$200,N/A,0," Fire Damage Internal, Structural Damage, Fire Damaged, Selling De-Registered",N/A,N/A,N/A,https://manheim.co.nz/damaged-vehicles/000000000007440915/1995-bmw-misc-trailer--boat-?referringPage=SearchResults
Toyota,Corolla,2017,No,$0,N/A,," Left Side Damage, Structural Damage, Selling De-Registered","Automatic,",5,Petrol,https://manheim.co.nz/damaged-vehicles/000000000007440931/2017-toyota-corolla-hatch?referringPage=SearchResults
Mazda,BT-50,2017,No,N/A,"149,977",," Front Damage, Left Front Damage, Right Front Damage, Airbags Deployed, Structural Damage, Selling De-Registered","Automatic,",5,Diesel,https://manheim.co.nz/damaged-vehicles/000000000007440936/2017-mazda-bt-50-utility?referringPage=SearchResults
Honda,Stream,2008,No,$0,"154,500",," Right Front Damage, Structural Damage, Selling De-Registered",N/A,7,Petrol,https://manheim.co.nz/damaged-vehicles/000000000007440939/2008-honda-stream-station-wagon?referringPage=SearchResults
Citroen,C5,2014,No,$0,"251,456",," Rear Damage, Roof Damage, Structural Damage, Selling De-Registered","6spd Automatic,",5,Diesel,https://manheim.co.nz/damaged-vehicles/000000000007430936/2014-citroen-c5-2-0exclusivetourer-station-wagon?referringPage=SearchResults
Mazda,Demio,2006,Yes,$0,"192,355",, Selling Registered,"Automatic,",5,Petrol,https://manheim.co.nz/damaged-vehicles/000000000007430945/2006-mazda-demio-hatch?referringPage=SearchResults
Audi,A3,2011,No,$0,"134,582",, Selling De-Registered,"Automatic,",5,Petrol,https://manheim.co.nz/damaged-vehicles/000000000007430954/2011-audi-a3-2-0t-quattro-hatch?referringPage=SearchResults
Toyota,Corolla,2020,No,N/A,N/A,," Front Damage, Structural Damage, Selling De-Registered","Automatic,",5,Hybrid,https://manheim.co.nz/damaged-vehicles/000000000007440955/2020-toyota-corolla-touring-hybrid-station-wagon?referringPage=SearchResults
Ssangyong,Actyon,2015,No,$0,"364,743",," Right Side Damage, Structural Damage, Selling De-Registered","Automatic,",5,Diesel,https://manheim.co.nz/damaged-vehicles/000000000007430966/2015-ssangyong-actyon-sport-auto-2-0d-4wd-dual-cab-utility?referringPage=SearchResults
Toyota,Alphard,2004,No,$0,"205,159",," Front Damage, Left Front Damage, Left Rear Damage, Right Front Damage, Structural Damage, Selling De-Registered","Automatic,",2,Petrol,https://manheim.co.nz/damaged-vehicles/000000000007440979/2004-toyota-alphard-g-station-wagon?referringPage=SearchResults
Ford,Fiesta,2012,No,$0,"17,000",," Left Front Damage, Left Side Damage, Right Front Damage, Right Side Damage, Airbags Deployed, Selling De-Registered","5spd Manual,",5,Petrol,https://manheim.co.nz/damaged-vehicles/000000000007401004/2012-ford-fiesta-5dr-1-6-m-zetec-hatch?referringPage=SearchResults
Kia,Niro,2022,No,N/A,"38,592",," Left Rear Damage, Rear Damage, Right Rear Damage, Structural Damage, Selling De-Registered",N/A,5,Hybrid,https://manheim.co.nz/damaged-vehicles/000000000007441026/2022-kia-niro-earth-1-6ph-6am-station-wagon?referringPage=SearchResults
Honda,fit,2017,Yes,N/A,"202,026",, Selling Registered,"CVT,",5,Hybrid,https://manheim.co.nz/damaged-vehicles/000000000007441043/2017-honda-fit-shuttle-station-wagon?referringPage=SearchResults
Mazda,Axela,2006,No,$0,"140,412",," Left Front Damage, Left Rear Damage, Left Side Damage, Rear Damage, Roof Damage, Right Front Damage, Right Rear Damage, Right Side Damage, Structural Damage, Selling De-Registered","Automatic,",5,Petrol,https://manheim.co.nz/damaged-vehicles/000000000007441097/2006-mazda-axela-hatch?referringPage=SearchResults
Nissan,Leaf,2014,No,$0,N/A,," Front Damage, Structural Damage, Selling De-Registered","Automatic, Drive Type, Front Wheel Drive, Fuel Type, Electri",5,Electric,https://manheim.co.nz/damaged-vehicles/000000000007441100/2014-nissan-leaf-hatch?referringPage=SearchResults
Ford,Focus,2016,No,$0,N/A,," Front Damage, Rear Damage, Structural Damage, Selling De-Registered","Automatic,",5,Petrol,https://manheim.co.nz/damaged-vehicles/000000000007441131/2016-ford-focus-trend-1-5p-6at-ha-5-hatch?referringPage=SearchResults
Skoda,Kamiq,2021,No,N/A,"64,840",," Right Front Damage, Structural Damage, Selling De-Registered","Automatic,",5,Petrol,https://manheim.co.nz/damaged-vehicles/000000000007441137/2021-skoda-kamiq-montecarlo-tsi-110k-station-wagon?referringPage=SearchResults
Honda,Jazz,2008,No,$0,N/A,," Front Damage, Left Side Damage, Roof Damage, Right Side Damage, Structural Damage, Selling De-Registered","5spd Automatic,",5,Petrol,https://manheim.co.nz/damaged-vehicles/000000000007441138/2008-honda-jazz-sport-hatch?referringPage=SearchResults
Mitsubishi,Colt,2008,No,$0,"167,071",," Front Damage, Structural Damage, Selling De-Registered",N/A,5,Petrol,https://manheim.co.nz/damaged-vehicles/000000000007441139/2008-mitsubishi-colt-plus-station-wagon?referringPage=SearchResults
Mercedes-Benz,GLB,2023,No,N/A,N/A,," Front Damage, Left Side Damage, Structural Damage, Selling De-Registered","Automatic,",7,Petrol,https://manheim.co.nz/damaged-vehicles/000000000007431142/2023-mercedes-benz-glb-250-4m-2-0p-4wd-8at-station-wagon?referringPage=SearchResults
Toyota,Hilux,1996,No,$0,"328,624",," Chassis Damage, Front Damage, Left Rear Damage, Structural Damage, Selling De-Registered","5spd Automatic,",5,Diesel,https://manheim.co.nz/damaged-vehicles/000000000007441152/1996-toyota-hilux-surf-station-wagon?referringPage=SearchResults
Nissan,Navara,2018,No,N/A,"40,137",," Front Damage, Interior Damage, Structural Damage, Selling De-Registered","5spd Automatic,",5,Diesel,https://manheim.co.nz/damaged-vehicles/000000000007381153/2018-nissan-navara-st-x-2-3d-4wd-7am-u-dual-cab-utility?referringPage=SearchResults
Nissan,Lafesta,2013,No,$0,"136,727",," Left Front Damage, Structural Damage, Selling De-Registered",N/A,7,Petrol,https://manheim.co.nz/damaged-vehicles/000000000007441163/2013-nissan-lafesta-station-wagon?referringPage=SearchResults
Toyota,Hilux,2007,No,N/A,"370,496",," Left Front Damage, Structural Damage, Suspension Damage, Selling De-Registered","Manual,",5,Diesel,https://manheim.co.nz/damaged-vehicles/000000000007441171/2007-toyota-hilux-utility?referringPage=SearchResults
Nissan,NV350,2018,No,N/A,"153,179",," Left Front Damage, Right Front Damage, Selling De-Registered","Automatic,",6,Diesel,https://manheim.co.nz/damaged-vehicles/000000000007441174/2018-nissan-nv350-van?referringPage=SearchResults
Volkswagen,Golf,2010,No,$0,"95,626",," Right Front Damage, Structural Damage, Selling De-Registered","5spd Automatic,",5,Petrol,https://manheim.co.nz/damaged-vehicles/000000000007441175/2010-volkswagen-golf-tsi-118kw-7dsg-hatch?referringPage=SearchResults
Mitsubishi,Colt,2009,No,$0,N/A,," Front Damage, Left Front Damage, Left Side Damage, Structural Damage, Selling De-Registered",N/A,5,Petrol,https://manheim.co.nz/damaged-vehicles/000000000007441178/2009-mitsubishi-colt-plus-1-5p-ls-5dr-hatch?referringPage=SearchResults
Toyota,Ractis,2013,No,$0,"52,954",," Right Front Damage, Right Side Damage, Structural Damage, Selling De-Registered","Automatic,",5,Petrol,https://manheim.co.nz/damaged-vehicles/000000000007441179/2013-toyota-ractis-hatch?referringPage=SearchResults
Mitsubishi,Outlander,2006,No,$0,"136,094",," Left Front Damage, Left Side Damage, Structural Damage, Suspension Damage, Selling De-Registered","Automatic,",7,Petrol,https://manheim.co.nz/damaged-vehicles/000000000007421174/2006-mitsubishi-outlander-station-wagon?referringPage=SearchResults
Toyota,Hilux,2013,No,N/A,"352,777",," Rear Damage, Structural Damage, Selling De-Registered","Automatic,",5,Diesel,https://manheim.co.nz/damaged-vehicles/000000000007441180/2013-toyota-hilux-2wd-3-0td-dc-ute-5m-dual-cab-utility?referringPage=SearchResults
Toyota,Prius,2015,No,$0,"326,869",," Left Side Damage, Structural Damage, Selling De-Registered",N/A,5,Hybrid,https://manheim.co.nz/damaged-vehicles/000000000007431184/2015-toyota-prius-hatch?referringPage=SearchResults
Mazda,CX-7,2007,No,$0,N/A,," Right Front Damage, Structural Damage, Selling De-Registered","Automatic,",5,Petrol,https://manheim.co.nz/damaged-vehicles/000000000007431198/2007-mazda-cx-7-station-wagon?referringPage=SearchResults
Toyota,Prius,2009,No,$0,"138,771",," Front Damage, Structural Damage, Selling De-Registered","Automatic,",5,Hybrid,https://manheim.co.nz/damaged-vehicles/000000000007441208/2009-toyota-prius-hatch?referringPage=SearchResults
BMW,320i,2015,No,$0,N/A,," Front Damage, Structural Damage, Selling De-Registered","Automatic,",5,Petrol,https://manheim.co.nz/damaged-vehicles/000000000007441210/2015-bmw-320i-sedan?referringPage=SearchResults
Mazda,Axela,2004,No,$0,"237,246",," Left Front Damage, Left Rear Damage, Right Front Damage, Structural Damage, Selling De-Registered","Automatic,",5,Petrol,https://manheim.co.nz/damaged-vehicles/000000000007441235/2004-mazda-axela-hatch?referringPage=SearchResults
MINI,Cooper,2002,Yes,$0,"164,303",," Right Side Damage, Selling Registered",N/A,4,Petrol,https://manheim.co.nz/damaged-vehicles/000000000007441278/2002-mini-cooper-sedan?referringPage=SearchResults
Nissan,March,2006,No,$0,"151,939",," Right Rear Damage, Structural Damage, Selling De-Registered",N/A,5,Petrol,https://manheim.co.nz/damaged-vehicles/000000000007441280/2006-nissan-march-hatch?referringPage=SearchResults
Mazda,Axela,2006,No,$0,"262,506",," Left Front Damage, Structural Damage, Selling De-Registered","Automatic,",5,Petrol,https://manheim.co.nz/damaged-vehicles/000000000007431294/2006-mazda-axela-hatch?referringPage=SearchResults
Toyota,Aqua,2014,No,$0,"198,886",," Left Side Damage, Right Front Damage, Structural Damage, Selling De-Registered","Automatic,",5,Hybrid,https://manheim.co.nz/damaged-vehicles/000000000007431295/2014-toyota-aqua-hatch?referringPage=SearchResults
Toyota,Hilux,2016,No,N/A,"46,303",," Right Side Damage, Structural Damage, Selling De-Registered","Automatic,",5,Diesel,https://manheim.co.nz/damaged-vehicles/000000000007441370/2016-toyota-hilux-sr5-td-dc-2-8d-4wd--dual-cab-utility?referringPage=SearchResults
Toyota,IST,2005,No,$0,"178,812",," Right Rear Damage, Structural Damage, Selling De-Registered","Automatic,",5,Petrol,https://manheim.co.nz/damaged-vehicles/000000000007441375/2005-toyota-ist-hatch?referringPage=SearchResults
Nissan,Note,2005,No,$0,N/A,," Front Damage, Rear Damage, Structural Damage, Selling De-Registered",N/A,5,Petrol,https://manheim.co.nz/damaged-vehicles/000000000007441376/2005-nissan-note-hatch?referringPage=SearchResults
Mitsubishi,ASX,2019,No,$0,"59,875",," Rear Damage, Structural Damage, Selling De-Registered","CVT,",5,Petrol,https://manheim.co.nz/damaged-vehicles/000000000007441379/2019-mitsubishi-asx-xls-2-0p-cvt-station-wagon?referringPage=SearchResults
Toyota,Camry,2020,No,N/A,"94,747",," Rolled, Structural Damage, Selling De-Registered",N/A,5,Hybrid,https://manheim.co.nz/damaged-vehicles/000000000007441380/2020-toyota-camry-zr-2-5ph-cvt-sedan?referringPage=SearchResults
Hyundai,Iload,2019,No,$0,N/A,," Front Damage, Left Side Damage, Rear Damage, Airbags Deployed, Structural Damage, Selling De-Registered","Automatic,",3,Diesel,https://manheim.co.nz/damaged-vehicles/000000000007441382/2019-hyundai-iload-van?referringPage=SearchResults
Audi,Q5,2012,No,$0,N/A,," Rear Damage, Right Rear Damage, Suspension Damage, Selling De-Registered","Automatic,",5,Diesel,https://manheim.co.nz/damaged-vehicles/000000000007441395/2012-audi-q5-station-wagon?referringPage=SearchResults
Nissan,Leaf,2017,No,N/A,"118,383",," Structural Damage, Water Damage, Selling De-Registered",N/A,5,Electric,https://manheim.co.nz/damaged-vehicles/000000000007441401/2017-nissan-leaf-hatch?referringPage=SearchResults
Toyota,Hilux,2009,No,N/A,"158,940",, Selling De-Registered,"5spd Manual,",5,N/A,https://manheim.co.nz/damaged-vehicles/000000000007441412/2009-toyota-hilux-3-0td-4wd-sr5-dc-5m-dual-cab-utility?referringPage=SearchResults
Honda,fit,2014,No,$0,"131,221",," Front Damage, Vandalised - Entire Vehicle, Structural Damage, Selling De-Registered","Automatic,",5,Hybrid,https://manheim.co.nz/damaged-vehicles/000000000007441414/2014-honda-fit-hatch?referringPage=SearchResults
Nissan,Primera,2002,No,$0,N/A,," Front Damage, Left Front Damage, Left Side Damage, Rear Damage, Roof Damage, Right Front Damage, Rolled, Right Rear Damage, Right Side Damage, Structural Damage, Selling De-Registered","4spd Automatic,",5,Petrol,https://manheim.co.nz/damaged-vehicles/000000000007441427/2002-nissan-primera-sedan?referringPage=SearchResults
Ford,Puma,2025,No,N/A,"9,585",," Right Rear Damage, Right Side Damage, Airbags Deployed, Structural Damage, Selling De-Registered","Automatic,",5,Petrol,https://manheim.co.nz/damaged-vehicles/000000000007441432/2025-ford-puma-st-line-1-0pmh-station-wagon?referringPage=SearchResults
Toyota,Yaris Cross,2025,No,N/A,N/A,," Rear Damage, Selling De-Registered","Automatic,",5,Hybrid,https://manheim.co.nz/damaged-vehicles/000000000007441433/2025-toyota-yaris-cross-limited-1-5-ph-station-wagon?referringPage=SearchResults
Mazda,Demio,2012,Yes,$0,N/A,," Ignition Damage, Left Front Damage, Right Rear Damage, Right Side Damage, Vandalised - Interior, Stolen & Recovered, Selling Registered","Automatic,",5,Petrol,https://manheim.co.nz/damaged-vehicles/000000000007441434/2012-mazda-demio-hatch?referringPage=SearchResults
Audi,Q7,2008,Yes,$0,N/A,," Engine Damage, Fire Damage, Right Rear Damage, Right Side Damage, Selling Registered","Automatic,",7,Petrol,https://manheim.co.nz/damaged-vehicles/000000000007431464/2008-audi-q7-3-6-quattro-s-line-station-wagon?referringPage=SearchResults
Volkswagen,Amarok,2016,No,N/A,"109,640",," Front Damage, Right Side Damage, Structural Damage, Selling De-Registered",N/A,5,Diesel,https://manheim.co.nz/damaged-vehicles/000000000007431470/2016-volkswagen-amarok-dc-420-2wd-hl-2-0d--dual-cab-chassis?referringPage=SearchResults
Mercedes-Benz,Gla-class,2017,No,N/A,N/A,," Rear Damage, Right Rear Damage, Right Side Damage, Structural Damage, Selling De-Registered","Automatic,",5,Petrol,https://manheim.co.nz/damaged-vehicles/000000000007441470/2017-mercedes-benz-gla-class-gla-180-1-6p-7at-ha-hatch?referringPage=SearchResults
Nissan,Note,2006,No,$0,"149,777",," Rear Damage, Structural Damage, Selling De-Registered","Automatic,",5,Petrol,https://manheim.co.nz/damaged-vehicles/000000000007441478/2006-nissan-note-station-wagon?referringPage=SearchResults
Ford,Telstar GL,1990,No,$0,N/A,," Fire Damage, Fire - Interior, Selling De-Registered","Automatic,",5,Petrol,https://manheim.co.nz/damaged-vehicles/000000000007441494/1990-ford-telstar-gl-sedan?referringPage=SearchResults
Toyota,Aqua,2014,No,$0,N/A,," Front Damage, Ignition Damage, Left Side Damage, Vandalised - Interior, Structural Damage, Stolen & Recovered, Selling De-Registered","Automatic,",5,Hybrid,https://manheim.co.nz/damaged-vehicles/000000000007441500/2014-toyota-aqua-hatch?referringPage=SearchResults
Mazda,Atenza,2006,No,$0,N/A,," Right Front Damage, Right Side Damage, Airbags Deployed, Structural Damage, Selling De-Registered","Automatic,",5,Petrol,https://manheim.co.nz/damaged-vehicles/000000000007441512/2006-mazda-atenza-station-wagon?referringPage=SearchResults
Toyota,SAI,2010,No,$0,N/A,," Rear Damage, Structural Damage, Selling De-Registered",N/A,5,Hybrid,https://manheim.co.nz/damaged-vehicles/000000000007441514/2010-toyota-sai-hybrid-sedan?referringPage=SearchResults
Mazda,Atenza,2002,Yes,$0,"197,566",," Right Front Damage, Suspension Damage, Selling Registered","Automatic,",5,Petrol,https://manheim.co.nz/damaged-vehicles/000000000007441538/2002-mazda-atenza-station-wagon?referringPage=SearchResults
Lexus,IS350,2007,No,$0,N/A,," Rear Damage, Structural Damage, Selling De-Registered","Automatic,",5,Petrol,https://manheim.co.nz/damaged-vehicles/000000000007441554/2007-lexus-is350-sedan?referringPage=SearchResults
Toyota,Voxy,2015,No,N/A,"121,318",," Front Damage, Left Front Damage, Structural Damage, Selling De-Registered","Automatic,",7,Hybrid,https://manheim.co.nz/damaged-vehicles/000000000007431552/2015-toyota-voxy-station-wagon?referringPage=SearchResults
Audi,A4,2010,No,$0,N/A,," Right Front Damage, Right Side Damage, Structural Damage, Suspension Damage, Selling De-Registered",N/A,5,Petrol,https://manheim.co.nz/damaged-vehicles/000000000007431561/2010-audi-a4-avant-station-wagon?referringPage=SearchResults
Mitsubishi,Outlander,2006,No,$0,"277,314",," Front Damage, Glass Broken, Structural Damage, Selling De-Registered","CVT,",7,Petrol,https://manheim.co.nz/damaged-vehicles/000000000007441562/2006-mitsubishi-outlander-station-wagon?referringPage=SearchResults
Mazda,CX-3,2016,No,$0,N/A,," Airbags Deployed, Chassis Damage, Front Damage, Right Side Damage, Structural Damage, Suspension Damage, Selling De-Registered","Automatic,",5,Petrol,https://manheim.co.nz/damaged-vehicles/000000000007441567/2016-mazda-cx-3-limited-2-0p-6at-sw-station-wagon?referringPage=SearchResults
Mitsubishi,ASX,2021,No,$0,"66,819",," Front Damage, Airbags Deployed, Structural Damage, Selling De-Registered","Automatic,",5,Petrol,https://manheim.co.nz/damaged-vehicles/000000000007441570/2021-mitsubishi-asx-station-wagon?referringPage=SearchResults
Nissan,Teana,2004,No,$0,"215,108",," Left Side Damage, Structural Damage, Selling De-Registered","Automatic,",5,Petrol,https://manheim.co.nz/damaged-vehicles/000000000007441583/2004-nissan-teana-sedan?referringPage=SearchResults
Toyota,Hilux,2015,No,N/A,N/A,," Left Front Damage, Airbags Deployed, Structural Damage, Selling De-Registered","Automatic,",5,Diesel,https://manheim.co.nz/damaged-vehicles/000000000007441588/2015-toyota-hilux-sr5tddc-3-0d-4wd-5a-dual-cab-utility?referringPage=SearchResults
Opel,Astra,2023,No,$0,N/A,," Front Damage, Structural Damage, Selling De-Registered","Automatic,",5,Petrol,https://manheim.co.nz/damaged-vehicles/000000000007441589/2023-opel-astra-sri-1-2pt-8at-ha-hatch?referringPage=SearchResults
Hyundai,Accent,2015,No,$0,"135,458",," Left Front Damage, Left Side Damage, Structural Damage, Selling De-Registered","5spd Automatic,",5,Petrol,https://manheim.co.nz/damaged-vehicles/000000000007441593/2015-hyundai-accent-1-6-5d-a4-hatch?referringPage=SearchResults
Mazda,MPV,2006,No,$0,N/A,," Rear Damage, Right Rear Damage, Right Side Damage, Structural Damage, Selling De-Registered","Automatic,",8,Petrol,https://manheim.co.nz/damaged-vehicles/000000000007441594/2006-mazda-mpv-station-wagon?referringPage=SearchResults
Mazda,Axela,2013,No,$0,N/A,," Airbags Deployed, Front Damage, Structural Damage, Selling De-Registered",N/A,5,Petrol,https://manheim.co.nz/damaged-vehicles/000000000007441596/2013-mazda-axela-hatch?referringPage=SearchResults
Toyota,Corolla,2004,No,$0,"250,661",," Front Damage, Left Side Damage, Structural Damage, Selling De-Registered","5spd Manual,",5,Petrol,https://manheim.co.nz/damaged-vehicles/000000000007441597/2004-toyota-corolla-x-station-wagon?referringPage=SearchResults
Toyota,RAV4,2016,No,N/A,N/A,," Left Side Damage, Structural Damage, Selling De-Registered",N/A,5,Petrol,https://manheim.co.nz/damaged-vehicles/000000000007441598/2016-toyota-rav4-gxl-suv-2-5p-4wd-6a-station-wagon?referringPage=SearchResults
Toyota,Wish,2010,No,$0,"119,110",," Rear Damage, Structural Damage, Selling De-Registered","Automatic,",7,Petrol,https://manheim.co.nz/damaged-vehicles/000000000007441612/2010-toyota-wish-station-wagon?referringPage=SearchResults
Kia,Sportage,2022,No,N/A,"74,449",," Front Damage, Left Front Damage, Right Front Damage, Structural Damage, Selling De-Registered","Automatic,",5,Petrol,https://manheim.co.nz/damaged-vehicles/000000000007441621/2022-kia-sportage-urban-lx-2-0p-station-wagon?referringPage=SearchResults
Mercedes-Benz,CLA180,2013,Yes,N/A,1,," Repossed Vehicle, Selling Registered",N/A,5,Petrol,https://manheim.co.nz/damaged-vehicles/000000000007431678/2013-mercedes-benz-cla180-sedan?referringPage=SearchResults
Mazda,Demio,2005,No,$0,N/A,," Right Rear Damage, Structural Damage, Selling De-Registered","Automatic,",5,Petrol,https://manheim.co.nz/damaged-vehicles/000000000007441747/2005-mazda-demio-hatch?referringPage=SearchResults
Mazda,Axela,2004,No,$0,N/A,," Right Front Damage, Structural Damage, Selling De-Registered","Automatic,",5,Petrol,https://manheim.co.nz/damaged-vehicles/000000000007441748/2004-mazda-axela-hatch?referringPage=SearchResults
Suzuki,Swift,2005,No,$0,"185,413",," Front Damage, Structural Damage, Selling De-Registered","4spd Automatic,",5,Petrol,https://manheim.co.nz/damaged-vehicles/000000000007441749/2005-suzuki-swift-hatch?referringPage=SearchResults
Toyota,Prius,2016,No,N/A,N/A,," Chassis Damage, Front Damage, Right Front Damage, Structural Damage, Selling De-Registered","Automatic,",5,Petrol,https://manheim.co.nz/damaged-vehicles/000000000007441819/2016-toyota-prius-hatch?referringPage=SearchResults
Ford,Ranger,2017,No,N/A,"408,916",," Front Damage, Left Front Damage, Left Rear Damage, Rear Damage, Right Front Damage, Structural Damage, Selling De-Registered","6spd Automatic,",5,Diesel,https://manheim.co.nz/damaged-vehicles/000000000007441853/2017-ford-ranger-xlt-double-cab-w-sa-dual-cab-utility?referringPage=SearchResults
Nissan,X-trail ST 2.5P/6CVT/SW/5DR S,2014,No,$0,N/A,," Front Damage, Right Rear Damage, Right Side Damage, Structural Damage, Selling De-Registered","Automatic,",7,Petrol,https://manheim.co.nz/damaged-vehicles/000000000007441854/2014-nissan-x-trail-st-2-5p-6cvt-sw-5dr-s-station-wagon?referringPage=SearchResults
Toyota,Wish,2010,No,$0,N/A,," Chassis Damage, Rear Damage, Structural Damage, Selling De-Registered","Automatic,",7,Petrol,https://manheim.co.nz/damaged-vehicles/000000000007441856/2010-toyota-wish-station-wagon?referringPage=SearchResults
Toyota,Camry,2005,No,$0,N/A,," Front Damage, Rear Damage, Structural Damage, Selling De-Registered","Automatic,",5,Petrol,https://manheim.co.nz/damaged-vehicles/000000000007441859/2005-toyota-camry-2-4p-altise-sedan-4-sedan?referringPage=SearchResults
Toyota,Camry,2014,No,$0,"505,431",," Front Damage, Structural Damage, Under Body Damage, Selling De-Registered",N/A,5,Hybrid,https://manheim.co.nz/damaged-vehicles/000000000007441885/2014-toyota-camry-2-5hybrid-i-tech-cv-sedan?referringPage=SearchResults
Ford,Escape,2018,No,$0,"85,015",," Front Damage, Structural Damage, Selling De-Registered","6spd Automatic,",5,Petrol,https://manheim.co.nz/damaged-vehicles/000000000007441887/2018-ford-escape-trend-fwd-petrol-1--station-wagon?referringPage=SearchResults
MG,ZS,2022,No,$0,"22,725",," Left Rear Damage, Right Rear Damage, Structural Damage, Selling De-Registered","Automatic,",5,Petrol,https://manheim.co.nz/damaged-vehicles/000000000007441913/2022-mg-zs-t-essence-1-3pt-6at-station-wagon?referringPage=SearchResults
Hyundai,Santa FE,2021,No,N/A,"91,768",," Airbags Deployed, Right Side Damage, Structural Damage, Selling De-Registered","Automatic,",7,Diesel,https://manheim.co.nz/damaged-vehicles/000000000007441915/2021-hyundai-santa-fe-tm-elite-2-2dt-4wd-station-wagon?referringPage=SearchResults
Ford,Fiesta,2004,No,$0,"103,600",," Left Rear Damage, Rear Damage, Right Rear Damage, Structural Damage, Selling De-Registered","Automatic,",5,Petrol,https://manheim.co.nz/damaged-vehicles/000000000007441918/2004-ford-fiesta-5dr-1-6-a-hatch?referringPage=SearchResults
Toyota,Corolla,2006,Yes,$0,"223,540",," Left Front Damage, Left Rear Damage, Left Side Damage, Selling Registered","Automatic,",5,Petrol,https://manheim.co.nz/damaged-vehicles/000000000007441941/2006-toyota-corolla-1-8p-gl-wagon5-4a-station-wagon?referringPage=SearchResults
Toyota,Aqua,2014,No,$0,"72,335",," Left Front Damage, Left Side Damage, Airbags Deployed, Structural Damage, Selling De-Registered","Automatic,",5,Hybrid,https://manheim.co.nz/damaged-vehicles/000000000007441948/2014-toyota-aqua-hatch?referringPage=SearchResults
Mazda,Premacy,2010,No,$0,"193,565",," Rear Damage, Structural Damage, Selling De-Registered",N/A,7,Petrol,https://manheim.co.nz/damaged-vehicles/000000000007441957/2010-mazda-premacy-station-wagon?referringPage=SearchResults
Toyota,Corolla,1997,No,$0,"328,130",," Front Damage, Structural Damage, Selling De-Registered",N/A,N/A,Petrol,https://manheim.co.nz/damaged-vehicles/000000000007441960/1997-toyota-corolla-1-6p-gl-hback-hatch?referringPage=SearchResults
Ford,Falcon,2016,No,$0,N/A,," Left Front Damage, Left Rear Damage, Left Side Damage, Selling De-Registered","Automatic,",5,Petrol,https://manheim.co.nz/damaged-vehicles/000000000007392021/2016-ford-falcon-xr6-sedan-auto-4-0p-sedan?referringPage=SearchResults
Honda,Hr-v,2025,No,N/A,"8,089",," Front Damage, Structural Damage, Selling De-Registered","Automatic,",4,Hybrid,https://manheim.co.nz/damaged-vehicles/000000000007442128/2025-honda-hr-v-hr-v-sport-1-5ph-station-wagon?referringPage=SearchResults
Suzuki,Swift,2008,Yes,$0,"127,092",," Left Side Damage, Selling Registered","Automatic,",5,Petrol,https://manheim.co.nz/damaged-vehicles/000000000007442130/2008-suzuki-swift-hatch?referringPage=SearchResults
Mazda,BT-50,2018,No,N/A,N/A,," Right Front Damage, Structural Damage, Selling De-Registered","Automatic,",5,Diesel,https://manheim.co.nz/damaged-vehicles/000000000007432144/2018-mazda-bt-50-glx-d-c-w-s-3-2d-6a-utility?referringPage=SearchResults
Toyota,Camry,2013,No,$0,"431,729",," Front Damage, Structural Damage, Selling De-Registered","Automatic,",5,Hybrid,https://manheim.co.nz/damaged-vehicles/000000000007432163/2013-toyota-camry-hybird-sedan?referringPage=SearchResults
Nissan,Tiida,2009,No,$0,"220,163",," Left Front Damage, Left Rear Damage, Structural Damage, Stolen & Recovered, Selling De-Registered","4spd Automatic,",5,Petrol,https://manheim.co.nz/damaged-vehicles/000000000007442163/2009-nissan-tiida-hatch?referringPage=SearchResults
Toyota,Aqua,2012,No,$0,"159,713",," Glass Broken, Ignition Damage, Left Rear Damage, Left Side Damage, Rear Damage, Right Front Damage, Vandalised - Interior, Structural Damage, Stolen & Recovered, Selling De-Registered","Automatic,",5,Hybrid,https://manheim.co.nz/damaged-vehicles/000000000007442168/2012-toyota-aqua-hatch?referringPage=SearchResults
Ssangyong,G4 Rexton,2018,No,N/A,"174,167",," Front Damage, Structural Damage, Selling De-Registered","Automatic,",7,Diesel,https://manheim.co.nz/damaged-vehicles/000000000007442173/2018-ssangyong-g4-rexton-sport-2-2dt-4wd-7at-station-wagon?referringPage=SearchResults
Holden,Commodore,2014,No,$0,"311,856",," Right Front Damage, Structural Damage, Suspension Damage, Selling De-Registered","Automatic,",2,Petrol,https://manheim.co.nz/damaged-vehicles/000000000007442175/2014-holden-commodore-vfevoke-3-6p6a-ut2s-x-cab-utility?referringPage=SearchResults
Mitsubishi,L300,2013,No,$0,"236,081",," Left Side Damage, Structural Damage, Selling De-Registered","Automatic,",3,Petrol,https://manheim.co.nz/damaged-vehicles/000000000007442177/2013-mitsubishi-l300-2-4p-lwb-5-door-van?referringPage=SearchResults
Holden,Colorado,2014,No,$0,N/A,," Right Front Damage, Vandalised - Interior, Structural Damage, Selling De-Registered",N/A,5,Diesel,https://manheim.co.nz/damaged-vehicles/000000000007432171/2014-holden-colorado-lt-dc-pu-2-8d-4wd-6-dual-cab-utility?referringPage=SearchResults
Nissan,Primera,2007,Yes,$0,"227,443",," Left Rear Damage, Right Side Damage, Selling Registered","Automatic,",5,Petrol,https://manheim.co.nz/damaged-vehicles/000000000007432184/2007-nissan-primera-2-0-petrol-sx-hatch-hatch?referringPage=SearchResults
Toyota,Aqua,2020,No,$0,"101,182",," Glass Broken, Left Front Damage, Left Rear Damage, Rear Damage, Right Rear Damage, Structural Damage, Selling De-Registered",N/A,5,Hybrid,https://manheim.co.nz/damaged-vehicles/000000000007432187/2020-toyota-aqua-hatch?referringPage=SearchResults
Mazda,CX-7,2010,No,$0,N/A,," Rear Damage, Right Front Damage, Structural Damage, Selling De-Registered","Automatic,",5,Petrol,https://manheim.co.nz/damaged-vehicles/000000000007442202/2010-mazda-cx-7-station-wagon?referringPage=SearchResults
Suzuki,Swift,2008,Yes,$0,"190,911",, Selling Registered,"Automatic,",5,Petrol,https://manheim.co.nz/damaged-vehicles/000000000007442204/2008-suzuki-swift-glxa-1-5-5dr-hatch?referringPage=SearchResults
Ford,Mondeo,2002,No,$0,N/A,," Left Front Damage, Left Rear Damage, Right Front Damage, Right Rear Damage, Dismantled - Interior, Selling De-Registered","5spd Manual,",5,Petrol,https://manheim.co.nz/damaged-vehicles/000000000007442234/2002-ford-mondeo-2-0-sedan-man-sedan?referringPage=SearchResults
TRAILER,Dunbier,1998,No,$500,458 HR Showin,0," Left Side Damage, Structural Damage, Selling De-Registered",N/A,N/A,N/A,https://manheim.co.nz/damaged-vehicles/000000000007442247/1998-trailer-dunbier-trailer--boat-?referringPage=SearchResults
Subaru,Crosstrek,2024,No,N/A,N/A,," Right Rear Damage, Structural Damage, Selling De-Registered","Automatic,",5,Petrol,https://manheim.co.nz/damaged-vehicles/000000000007442289/2024-subaru-crosstrek-premium-2-0p-4wd-7a-station-wagon?referringPage=SearchResults
Holden,Astra,2000,No,$0,N/A,," Left Front Damage, Right Rear Damage, Selling De-Registered","5spd Manual,",5,Petrol,https://manheim.co.nz/damaged-vehicles/000000000007442295/2000-holden-astra-city-h-b-man-hatch?referringPage=SearchResults
Mitsubishi,Outlander,2010,No,$0,"157,558",," Left Side Damage, Right Front Damage, Underbody Damage, Structural Damage, Selling De-Registered","Automatic,",7,Petrol,https://manheim.co.nz/damaged-vehicles/000000000007422291/2010-mitsubishi-outlander-2-0-2wd-ls-station-wagon?referringPage=SearchResults
Ford,Ranger,2019,No,$0,"85,350",," Right Front Damage, Airbags Deployed, Selling De-Registered",N/A,5,Diesel,https://manheim.co.nz/damaged-vehicles/000000000007422327/2019-ford-ranger-xlt-double-cab-w-s-dual-cab-utility?referringPage=SearchResults
Holden,Rodeo 4X2,2003,No,$0,"263,485",," Rear Damage, Structural Damage, Selling De-Registered","Automatic,",5,Petrol,https://manheim.co.nz/damaged-vehicles/000000000007422334/2003-holden-rodeo-4x2-lt-crew-pu-3-5-v6-a-dual-cab-utility?referringPage=SearchResults
BMW,Mini,2015,No,$0,"125,638",," Front Damage, Structural Damage, Stolen & Recovered, Selling De-Registered","Automatic,",4,Petrol,https://manheim.co.nz/damaged-vehicles/000000000007442348/2015-bmw-mini-cooper-hatch?referringPage=SearchResults
Volkswagen,Passat,2010,Yes,$0,"167,447",," Left Side Damage, Rear Damage, Selling Registered",N/A,5,Diesel,https://manheim.co.nz/damaged-vehicles/000000000007432342/2010-volkswagen-passat-tdi-125kw-cr-dpf-se-sedan?referringPage=SearchResults
Volkswagen,Golf,2012,No,$0,N/A,," Right Front Damage, Structural Damage, Selling De-Registered","Automatic,",5,Petrol,https://manheim.co.nz/damaged-vehicles/000000000007432348/2012-volkswagen-golf-hatch?referringPage=SearchResults
Toyota,Aqua,2015,No,$0,"181,538",," Front Damage, Glass Broken, Ignition Damage, Rear Damage, Structural Damage, Stolen & Recovered, Selling De-Registered","Automatic,",5,Hybrid,https://manheim.co.nz/damaged-vehicles/000000000007442356/2015-toyota-aqua-hybrid-hatch?referringPage=SearchResults
Honda,Airwave,2005,No,$0,"218,406",," Left Side Damage, Structural Damage, Selling De-Registered","Automatic,",5,Petrol,https://manheim.co.nz/damaged-vehicles/000000000007442371/2005-honda-airwave-station-wagon?referringPage=SearchResults
Honda,Civic,2017,No,N/A,"149,340",," Airbags Deployed, Right Side Damage, Structural Damage, Selling De-Registered",N/A,5,Petrol,https://manheim.co.nz/damaged-vehicles/000000000007442427/2017-honda-civic-rs-sport-turbo-1-5p-hatch?referringPage=SearchResults
Mazda,Axela,2014,No,$0,N/A,," Front Damage, Rear Damage, Structural Damage, Selling De-Registered",N/A,5,Petrol,https://manheim.co.nz/damaged-vehicles/000000000007432450/2014-mazda-axela-hatch?referringPage=SearchResults
Volvo,XC90,2008,No,$0,"120,054",," Airbags Deployed, Rear Damage, Structural Damage, Selling De-Registered","5spd Automatic,",7,Diesel,https://manheim.co.nz/damaged-vehicles/000000000007432468/2008-volvo-xc90-2-4-d5-awd-5dr-6sp-station-wagon?referringPage=SearchResults
Honda,CRV,2010,No,$0,"247,146",," Has Key, Right Rear Damage, Structural Damage, Selling De-Registered","Automatic,",5,Petrol,https://manheim.co.nz/damaged-vehicles/000000000007432546/2010-honda-crv-van?referringPage=SearchResults
Ford,Falcon UTE,2003,No,N/A,N/A,," Left Front Damage, Left Rear Damage, Right Front Damage, Right Rear Damage, Vandalised - Interior, Selling De-Registered","Automatic,",2,Petrol,https://manheim.co.nz/damaged-vehicles/000000000007442543/2003-ford-falcon-ute-ba-xr8-pick-up-fa-utility?referringPage=SearchResults
Holden,Commodore,2005,No,$0,N/A,," Left Front Damage, Right Front Damage, Right Rear Damage, Airbags Deployed, Selling De-Registered","Automatic,",5,Petrol,https://manheim.co.nz/damaged-vehicles/000000000007442558/2005-holden-commodore-s-v6-auto-sedan?referringPage=SearchResults
Toyota,Aqua,2016,No,$0,"186,385",," Left Side Damage, Structural Damage, Suspension Damage, Selling De-Registered",N/A,5,Hybrid,https://manheim.co.nz/damaged-vehicles/000000000007442565/2016-toyota-aqua-hatch?referringPage=SearchResults
Ford,Falcon,2003,No,$0,"153,556",," Dismantled - Entire Vehicle, Selling De-Registered",N/A,5,Petrol,https://manheim.co.nz/damaged-vehicles/000000000007442577/2003-ford-falcon-ba-fairmont-6c-sedan?referringPage=SearchResults
Holden,VT Commodore,1999,No,N/A,N/A,," Dismantled - Entire Vehicle, Selling De-Registered","Automatic,",5,Petrol,https://manheim.co.nz/damaged-vehicles/000000000007442583/1999-holden-vt-commodore-5-7-ss-sed-aut-sedan?referringPage=SearchResults
Suzuki,Ignis,2017,No,$0,"108,712",," Front Damage, Left Front Damage, Left Side Damage, Structural Damage, Selling De-Registered",N/A,5,Hybrid,https://manheim.co.nz/damaged-vehicles/000000000007422585/2017-suzuki-ignis-hybrid-hatch?referringPage=SearchResults
Honda,Civic,2006,No,$0,"273,518",," Left Side Damage, Structural Damage, Selling De-Registered","Automatic,",5,Hybrid,https://manheim.co.nz/damaged-vehicles/000000000007422589/2006-honda-civic-hybrid-sedan?referringPage=SearchResults
MG,ZS,2025,No,$0,N/A,," Structural Damage, Selling De-Registered",N/A,5,Hybrid,https://manheim.co.nz/damaged-vehicles/000000000007422595/2025-mg-zs-essence-1-5pht-3hd-station-wagon?referringPage=SearchResults
Ford,Falcon,2003,No,$0,N/A,," Left Front Damage, Left Rear Damage, Right Front Damage, Right Rear Damage, Selling De-Registered","Automatic,",5,Petrol,https://manheim.co.nz/damaged-vehicles/000000000007442594/2003-ford-falcon-ba-futura-4fa-sedan?referringPage=SearchResults
Ford,Falcon,2007,No,$0,"83,597",," Dismantled - Entire Vehicle, Selling De-Registered","Automatic,",5,Petrol,https://manheim.co.nz/damaged-vehicles/000000000007442595/2007-ford-falcon-bf2-xr6-sedan-a-sedan?referringPage=SearchResults
Nissan,Bluebird,2008,Yes,$0,N/A,," Right Side Damage, Selling Registered","Automatic,",5,Petrol,https://manheim.co.nz/damaged-vehicles/000000000007432590/2008-nissan-bluebird-sylphy-sedan?referringPage=SearchResults
Mitsubishi,Colt,2005,Yes,$0,"44,830",," Glass Broken, Ignition Damage, Left Side Damage, Vandalised - Interior, Stolen & Recovered, Selling Registered","Automatic,",5,Petrol,https://manheim.co.nz/damaged-vehicles/000000000007432602/2005-mitsubishi-colt-hatch?referringPage=SearchResults
Porsche,944,1984,No,$0,"40,049",," Front Damage, Roof Damage, Structural Damage, Selling De-Registered","5spd Manual,",4,Petrol,https://manheim.co.nz/damaged-vehicles/000000000007432848/1984-porsche-944-hatch?referringPage=SearchResults
BAILEY,Pegasus 534,2010,Yes,"$2,550",N/A,0," Hail Dmg, Roof Damage, Selling Registered",N/A,N/A,N/A,https://manheim.co.nz/damaged-vehicles/000000000007432851/2010-bailey-pegasus-534-caravan?referringPage=SearchResults
Mercedes-Benz,GLA180,2015,No,$0,"87,229",," Left Rear Damage, Structural Damage, Selling De-Registered","Automatic,",5,Petrol,https://manheim.co.nz/damaged-vehicles/000000000007442854/2015-mercedes-benz-gla180-station-wagon?referringPage=SearchResults
Toyota,Hilux,1996,Yes,N/A,"367,691",," Front Damage, Selling Registered","4spd Automatic,",5,Diesel,https://manheim.co.nz/damaged-vehicles/000000000007442863/1996-toyota-hilux-surf-station-wagon?referringPage=SearchResults
Holden,Equinox,2020,No,$0,"33,461",," Front Damage, Structural Damage, Selling De-Registered","Automatic,",5,Petrol,https://manheim.co.nz/damaged-vehicles/000000000007442868/2020-holden-equinox-ltz-2-0p-9at-2-0l-station-wagon?referringPage=SearchResults
Volkswagen,Tiguan,2012,No,$0,"300,544",," Left Front Damage, Left Side Damage, Structural Damage, Selling De-Registered",N/A,5,Diesel,https://manheim.co.nz/damaged-vehicles/000000000007432972/2012-volkswagen-tiguan-tdi-103kw-6a-hatch?referringPage=SearchResults
Nissan,March,2016,No,$0,N/A,," Front Damage, Rear Damage, Structural Damage, Selling De-Registered",N/A,5,Petrol,https://manheim.co.nz/damaged-vehicles/000000000007432993/2016-nissan-march-hatch?referringPage=SearchResults
Jeep,Cherokee,2021,No,N/A,N/A,," Left Front Damage, Structural Damage, Selling De-Registered","Automatic,",5,Petrol,https://manheim.co.nz/damaged-vehicles/000000000007442990/2021-jeep-cherokee-limited-3-2p-4wd-9a-station-wagon?referringPage=SearchResults
Honda,fit,2008,No,$0,N/A,," Right Front Damage, Selling De-Registered","Automatic,",5,Petrol,https://manheim.co.nz/damaged-vehicles/000000000007433007/2008-honda-fit-hatch?referringPage=SearchResults
Honda,CRV,2021,No,N/A,N/A,," Right Side Damage, Structural Damage, Selling De-Registered","Automatic,",5,Petrol,https://manheim.co.nz/damaged-vehicles/000000000007443012/2021-honda-crv-sedan?referringPage=SearchResults
Suzuki,Swift,2009,No,$0,N/A,," Right Side Damage, Structural Damage, Selling De-Registered","Automatic,",5,Petrol,https://manheim.co.nz/damaged-vehicles/000000000007413014/2009-suzuki-swift-hatch?referringPage=SearchResults
Skoda,Enyaq,2025,No,N/A,N/A,," Airbags Deployed, Right Side Damage, Structural Damage, Suspension Damage, Selling De-Registered","Automatic, Fuel Type, Electri",5,Electric,https://manheim.co.nz/damaged-vehicles/000000000007413056/2025-skoda-enyaq-rs-85-250kw-4x4-station-wagon?referringPage=SearchResults
Honda,fit,2013,No,$0,"173,849",," Right Side Damage, Structural Damage, Selling De-Registered",N/A,5,Hybrid,https://manheim.co.nz/damaged-vehicles/000000000007413109/2013-honda-fit-hatch?referringPage=SearchResults
Nissan,Qashqai,2010,No,$0,"254,283",," Right Side Damage, Structural Damage, Selling De-Registered",N/A,7,Petrol,https://manheim.co.nz/damaged-vehicles/000000000007413113/2010-nissan-qashqai--2-2-0-st-cvt-hatch?referringPage=SearchResults
Kia,Sorento,2016,Yes,N/A,N/A,," Right Front Damage, Dismantled - Engine, Selling Registered","6spd Automatic,",7,Petrol,https://manheim.co.nz/damaged-vehicles/000000000007443118/2016-kia-sorento-urban-premium-3-3p--station-wagon?referringPage=SearchResults
Hyundai,Accent,2014,No,$0,"161,757",," Front Damage, Left Front Damage, Right Front Damage, Airbags Deployed, Structural Damage, Selling De-Registered",N/A,5,Petrol,https://manheim.co.nz/damaged-vehicles/000000000007433137/2014-hyundai-accent-1-6-5d-a4-hatch?referringPage=SearchResults
Volkswagen,Tiguan,2023,Yes,$0,"61,733",," Engine Damage, Selling Registered","Automatic,",7,Petrol,https://manheim.co.nz/damaged-vehicles/000000000007413194/2023-volkswagen-tiguan-allspace-style-awd-station-wagon?referringPage=SearchResults
Mitsubishi,ASX,2019,No,$0,"151,597",," Front Damage, Structural Damage, Selling De-Registered","Automatic,",5,Petrol,https://manheim.co.nz/damaged-vehicles/000000000007423276/2019-mitsubishi-asx-xls-2-0p-cvt-station-wagon?referringPage=SearchResults
Mercedes-Benz,CLC,2008,No,$0,"147,202",," Left Front Damage, Airbags Deployed, Structural Damage, Selling De-Registered","Automatic,",4,Petrol,https://manheim.co.nz/damaged-vehicles/000000000007433313/2008-mercedes-benz-clc-200k-hatch?referringPage=SearchResults
Holden,Commodore,2005,No,$0,"414,962",," Left Front Damage, Left Side Damage, Right Front Damage, Structural Damage, Suspension Damage, Selling De-Registered","Automatic,",5,Petrol,https://manheim.co.nz/damaged-vehicles/000000000007433317/2005-holden-commodore-s-v6-auto-sedan?referringPage=SearchResults
Toyota,Hiace,2021,Yes,N/A,N/A,," Glass Broken, Right Rear Damage, Stolen & Recovered, Selling Registered","Automatic,",7,Diesel,https://manheim.co.nz/damaged-vehicles/000000000007443336/2021-toyota-hiace-van?referringPage=SearchResults
Nissan,Fuga,2007,Yes,$0,"167,353",, Selling Registered,"Automatic,",5,Petrol,https://manheim.co.nz/damaged-vehicles/000000000007423340/2007-nissan-fuga-450gt-sedan?referringPage=SearchResults
Volkswagen,T-cross,2023,No,N/A,"22,236",," Front Damage, Left Front Damage, Right Front Damage, Airbags Deployed, Structural Damage, Selling De-Registered","Automatic,",5,Petrol,https://manheim.co.nz/damaged-vehicles/000000000007443476/2023-volkswagen-t-cross-tsi-r-line-dsg-2wd-station-wagon?referringPage=SearchResults
Toyota,Hilux,1996,No,$0,"383,841",," Front Damage, Left Rear Damage, Right Front Damage, Structural Damage, Selling De-Registered","Automatic,",5,Petrol,https://manheim.co.nz/damaged-vehicles/000000000007433524/1996-toyota-hilux-surf-station-wagon?referringPage=SearchResults
Holden,Trax,2016,No,$0,"91,061",," Left Rear Damage, Structural Damage, Selling De-Registered","Automatic,",5,Petrol,https://manheim.co.nz/damaged-vehicles/000000000007433560/2016-holden-trax-ls-1-8p-6at-sw-4dr--station-wagon?referringPage=SearchResults
Kia,RIO,2020,No,$0,"43,348",," Front Damage, Structural Damage, Selling De-Registered","Automatic,",5,Petrol,https://manheim.co.nz/damaged-vehicles/000000000007433576/2020-kia-rio-lx-1-4p-6at-hatch?referringPage=SearchResults
Toyota,Hilux,2019,Yes,$0,N/A,," Stolen & Recovered, Selling Registered",N/A,N/A,Diesel,https://manheim.co.nz/damaged-vehicles/000000000007433578/2019-toyota-hilux-sr5-cruiser-td-dc-2-utility?referringPage=SearchResults
Toyota,Hilux,2016,No,N/A,N/A,," Chassis Damage, Left Side Damage, Rear Damage, Structural Damage, Selling De-Registered","Automatic,",5,Diesel,https://manheim.co.nz/damaged-vehicles/000000000007443578/2016-toyota-hilux-sr-td-dc-2-8d-4wd-6-dual-cab-utility?referringPage=SearchResults
Toyota,Hilux 3.0TD 4WD SR5 DCU 5M,2006,No,N/A,"160,122",," Front Damage, Structural Damage, Selling De-Registered","Automatic,",5,Diesel,https://manheim.co.nz/damaged-vehicles/000000000007433604/2006-toyota-hilux-3-0td-4wd-sr5-dcu-5m-utility-utility?referringPage=SearchResults
Ford,Falcon,2002,No,$0,N/A,, Selling De-Registered,N/A,5,Petrol,https://manheim.co.nz/damaged-vehicles/000000000007433619/2002-ford-falcon-auiii-xr6-4fa-sedan?referringPage=SearchResults
Holden,Barina,2013,No,$0,N/A,," Left Front Damage, Right Front Damage, Selling De-Registered","Automatic,",5,Petrol,https://manheim.co.nz/damaged-vehicles/000000000007433637/2013-holden-barina-cd-1-6p6a-ha5s-hatch?referringPage=SearchResults
Holden,Captiva,2015,Yes,$0,"309,856",," Left Side Damage, Selling Registered","Automatic,",7,Diesel,https://manheim.co.nz/damaged-vehicles/000000000007433673/2015-holden-captiva-7-ltz-2-2d-4wd-6at--station-wagon?referringPage=SearchResults
Suzuki,GSX250,2022,Yes,$0,N/A,," Stolen & Recovered, Selling Registered","Manual,",N/A,Petrol,https://manheim.co.nz/damaged-vehicles/000000000007443680/2022-suzuki-gsx250-frlm2-motorcycle?referringPage=SearchResults
Nissan,X-trail,2016,Yes,N/A,"128,412",, Selling Registered,"CVT,",5,Petrol,https://manheim.co.nz/damaged-vehicles/000000000007423684/2016-nissan-x-trail-station-wagon?referringPage=SearchResults
CARAVAN,Caravan,2015,Yes,"$1,100",N/A,0," Roof Damage, Stolen & Recovered, Selling Registered",N/A,N/A,N/A,https://manheim.co.nz/damaged-vehicles/000000000007443716/2015-caravan-caravan-caravan?referringPage=SearchResults
Ford,Falcon UTE,2006,No,$0,N/A,," Left Front Damage, Left Rear Damage, Right Front Damage, Airbags Deployed, Dismantled - Interior, Selling De-Registered",N/A,2,Petrol,https://manheim.co.nz/damaged-vehicles/000000000007433725/2006-ford-falcon-ute-dual-cab-utility?referringPage=SearchResults
Kia,Optima,2012,Yes,N/A,N/A,," Right Side Damage, Stolen & Recovered, Selling Registered",N/A,5,Petrol,https://manheim.co.nz/damaged-vehicles/000000000007393729/2012-kia-optima-2-4-petrol-auto-ex-sedan?referringPage=SearchResults
Nissan,Lafesta,2005,Yes,$0,N/A,," Stolen & Recovered, Selling Registered","5spd Automatic,",7,Petrol,https://manheim.co.nz/damaged-vehicles/000000000007413828/2005-nissan-lafesta-highway-star-station-wagon?referringPage=SearchResults
Toyota,Markx,2005,No,$0,"174,088",," Rear Damage, Structural Damage, Selling De-Registered","Automatic,",5,Petrol,https://manheim.co.nz/damaged-vehicles/000000000007433823/2005-toyota-markx-sedan?referringPage=SearchResults
Land Rover,Defender,2021,No,N/A,"63,332",," Interior Damage, Water Damage, Selling De-Registered","Automatic,",7,Diesel,https://manheim.co.nz/damaged-vehicles/000000000007433826/2021-land-rover-defender-110-d240-se-2-0dt-station-wagon?referringPage=SearchResults
Mazda,CX-5,2012,No,$0,"247,035",," Left Rear Damage, Structural Damage, Selling De-Registered","Automatic,",5,Petrol,https://manheim.co.nz/damaged-vehicles/000000000007423834/2012-mazda-cx-5-station-wagon?referringPage=SearchResults
Ford,Ranger,2016,No,N/A,"238,455",," Airbags Deployed, Underbody Damage, Structural Damage, Selling De-Registered","Automatic,",5,Diesel,https://manheim.co.nz/damaged-vehicles/000000000007443853/2016-ford-ranger-xlt-double-cab-w-s-dual-cab-utility?referringPage=SearchResults
Suzuki,Ignis,2018,Yes,$0,"13,529",," Stolen & Recovered, Selling Registered","5spd Automatic,",5,Petrol,https://manheim.co.nz/damaged-vehicles/000000000007443862/2018-suzuki-ignis-glx-1-2p-5mt-station-wagon?referringPage=SearchResults
BMW,Mini,2015,No,$0,"129,180",," Front Damage, Right Side Damage, Structural Damage, Selling De-Registered","Manual,",5,Petrol,https://manheim.co.nz/damaged-vehicles/000000000007433864/2015-bmw-mini-crossover-hatch?referringPage=SearchResults
Subaru,Impreza,2004,No,$0,"152,045",," Vandalised - Interior, Structural Damage, Selling De-Registered","Automatic,",5,Petrol,https://manheim.co.nz/damaged-vehicles/000000000007433869/2004-subaru-impreza-station-wagon?referringPage=SearchResults
Nissan,Dualis,2007,No,$0,N/A,," Front Damage, Left Front Damage, Left Rear Damage, Right Front Damage, Structural Damage, Selling De-Registered","Automatic,",5,Petrol,https://manheim.co.nz/damaged-vehicles/000000000007433881/2007-nissan-dualis-station-wagon?referringPage=SearchResults
LDV,G10,2021,Yes,N/A,N/A,," Left Rear Damage, Right Side Damage, Selling Registered","Automatic,",2,Diesel,https://manheim.co.nz/damaged-vehicles/000000000007394038/2021-ldv-g10-cargo-diesel-auto-2-van?referringPage=SearchResults
Toyota,Hilux,1998,No,$0,"267,493",," Front Damage, Left Front Damage, Right Front Damage, Structural Damage, Selling De-Registered","Automatic,",5,Petrol,https://manheim.co.nz/damaged-vehicles/000000000007434088/1998-toyota-hilux-surf-station-wagon?referringPage=SearchResults
Citroen,C3,2018,No,$0,"33,662",," Right Front Damage, Right Rear Damage, Right Side Damage, Dismantled - Interior, Structural Damage, Selling De-Registered","Automatic,",5,Petrol,https://manheim.co.nz/damaged-vehicles/000000000007434127/2018-citroen-c3-aircross-shine-1-2p-hatch?referringPage=SearchResults
Renault,Captur,2020,No,$0,"85,488",," Structural Damage, Selling De-Registered","Automatic,",5,Petrol,https://manheim.co.nz/damaged-vehicles/000000000007444126/2020-renault-captur-dynamique-1-2p-6am-hatch?referringPage=SearchResults
Nissan,Vanette,2009,No,$0,"241,470",," Left Front Damage, Left Rear Damage, Left Side Damage, Structural Damage, Selling De-Registered","Automatic,",2,Petrol,https://manheim.co.nz/damaged-vehicles/000000000007444135/2009-nissan-vanette-van?referringPage=SearchResults
Mazda,Premacy,2007,No,$0,"256,706",," Rear Damage, Right Rear Damage, Structural Damage, Selling De-Registered","Automatic,",7,Petrol,https://manheim.co.nz/damaged-vehicles/000000000007434161/2007-mazda-premacy-station-wagon?referringPage=SearchResults
MINI,Hatch,2021,No,N/A,"41,258",," Left Front Damage, Left Rear Damage, Right Front Damage, Structural Damage, Selling De-Registered","Automatic, Fuel Type, Electri",4,Electric,https://manheim.co.nz/damaged-vehicles/000000000007434250/2021-mini-hatch-cooper-se-29kwh-ev-hatch?referringPage=SearchResults
Holden,Commodore,2006,No,$0,N/A,," Right Front Damage, Structural Damage, Selling De-Registered",N/A,5,Petrol,https://manheim.co.nz/damaged-vehicles/000000000007384386/2006-holden-commodore-sv6-3-6p-5at-sedan?referringPage=SearchResults
Jaguar,XF 3.0DS Saloon,2010,No,$0,"195,924",," Left Front Damage, Structural Damage, Selling De-Registered","Automatic,",5,Diesel,https://manheim.co.nz/damaged-vehicles/000000000007424396/2010-jaguar-xf-3-0ds-saloon-sedan?referringPage=SearchResults
Subaru,Legacy,2012,No,$0,N/A,," Right Front Damage, Structural Damage, Selling De-Registered","Automatic,",5,Petrol,https://manheim.co.nz/damaged-vehicles/000000000007434472/2012-subaru-legacy-station-wagon?referringPage=SearchResults
Kia,Sportage,2021,No,N/A,"56,019",," Right Side Damage, Structural Damage, Selling De-Registered","Automatic,",5,Petrol,https://manheim.co.nz/damaged-vehicles/000000000007444474/2021-kia-sportage-urban-ex-2-0p-station-wagon?referringPage=SearchResults
Nissan,Wingroad,2008,Yes,$0,"218,295",," Right Side Damage, Selling Registered","Automatic,",5,Petrol,https://manheim.co.nz/damaged-vehicles/000000000007424577/2008-nissan-wingroad-station-wagon?referringPage=SearchResults
Toyota,Landcruiser,1993,No,N/A,"463,762",," Front Damage, Rear Damage, Right Rear Damage, Vandalised - Interior, Structural Damage, Stolen & Recovered, Selling De-Registered","Automatic,",8,Diesel,https://manheim.co.nz/damaged-vehicles/000000000007444582/1993-toyota-landcruiser-prado-station-wagon?referringPage=SearchResults
LDV,V80,2018,No,$0,"133,277",," Front Damage, Left Front Damage, Left Side Damage, Structural Damage, Selling De-Registered",N/A,3,Diesel,https://manheim.co.nz/damaged-vehicles/000000000007424610/2018-ldv-v80-bigger-amt-2-5d-6am-high-roof-van?referringPage=SearchResults
CF Moto,Cforce 500,2023,No,$0,N/A,," Engine Damage, Gearbox Damage, Water Damage, Selling De-Registered",N/A,N/A,Petrol,https://manheim.co.nz/damaged-vehicles/000000000007424669/2023-cf-moto-cforce-500-quad-bike?referringPage=SearchResults
Nissan,Tiida,2008,No,$0,N/A,," Right Side Damage, Structural Damage, Selling De-Registered",N/A,5,Petrol,https://manheim.co.nz/damaged-vehicles/000000000007434734/2008-nissan-tiida-hatch?referringPage=SearchResults
Toyota,Vitz,2001,No,$0,1,," Right Side Damage, Structural Damage, Stolen & Recovered, Selling De-Registered","Automatic,",5,Petrol,https://manheim.co.nz/damaged-vehicles/000000000007434813/2001-toyota-vitz-hatch?referringPage=SearchResults
Toyota,Hilux,2007,No,N/A,"267,304",," Front Damage, Structural Damage, Selling De-Registered",N/A,5,Diesel,https://manheim.co.nz/damaged-vehicles/000000000007434857/2007-toyota-hilux-3-0td-2wd-d-c-ute-5-utility?referringPage=SearchResults
Nissan,Fuga,2007,No,$0,N/A,, Selling De-Registered,N/A,5,Petrol,https://manheim.co.nz/damaged-vehicles/000000000007425020/2007-nissan-fuga-sedan?referringPage=SearchResults
Nissan,Qashqai,2019,No,N/A,"140,733",," Left Side Damage, Structural Damage, Selling De-Registered","Automatic,",5,Petrol,https://manheim.co.nz/damaged-vehicles/000000000007425049/2019-nissan-qashqai-st-2-0p-cvt-hatch?referringPage=SearchResults
Honda,Elysion,2004,No,$0,N/A,, Selling De-Registered,N/A,8,Petrol,https://manheim.co.nz/damaged-vehicles/000000000007425052/2004-honda-elysion-station-wagon?referringPage=SearchResults
Ford,Focus,2009,Yes,$0,"243,569",," Ignition Damage, Selling Registered","Automatic,",5,Petrol,https://manheim.co.nz/damaged-vehicles/000000000007435072/2009-ford-focus-1-6-a-hatch-hatch?referringPage=SearchResults
Suzuki,Swift,2011,No,$0,"226,856",," Airbags Deployed, Front Damage, Airbags Deployed, Structural Damage, Suspension Damage, Selling De-Registered",N/A,5,Petrol,https://manheim.co.nz/damaged-vehicles/000000000007435076/2011-suzuki-swift-hatch?referringPage=SearchResults
Toyota,Aqua,2015,Yes,N/A,"285,265",," Vandalised - Interior, Stolen & Recovered, Selling Registered","Automatic,",5,Hybrid,https://manheim.co.nz/damaged-vehicles/000000000007435087/2015-toyota-aqua-hatch?referringPage=SearchResults
Ford,Kuga,2013,No,$0,"106,792",," Engine Damage, Fire Damage, Left Front Damage, Fire - Engine, Selling De-Registered","6spd Automatic,",5,Petrol,https://manheim.co.nz/damaged-vehicles/000000000007435101/2013-ford-kuga-awd-1-6p-ecoboost-a-station-wagon?referringPage=SearchResults
Holden,Astra,2008,No,$0,N/A,," Front Damage, Structural Damage, Selling De-Registered","Automatic,",5,Petrol,https://manheim.co.nz/damaged-vehicles/000000000007425103/2008-holden-astra-my8-5-cd-hatch-auto-hatch?referringPage=SearchResults
Ford,Ranger,2023,No,N/A,N/A,," Glass Broken, Interior Damage, Left Side Damage, Roof Damage, Right Front Damage, Structural Damage, Selling De-Registered",N/A,5,Petrol,https://manheim.co.nz/damaged-vehicles/000000000007435121/2023-ford-ranger-raptor-3-0p-4wd-10a-utility?referringPage=SearchResults
Toyota,RAV4,2023,No,N/A,N/A,," Airbags Deployed, Rear Damage, Right Front Damage, Right Side Damage, Structural Damage, Selling De-Registered","Automatic,",5,Hybrid,https://manheim.co.nz/damaged-vehicles/000000000007435130/2023-toyota-rav4-gxl-2-5ph-4wd-hd-station-wagon?referringPage=SearchResults
Hyundai,Sonata,2018,No,N/A,"172,561",," Right Front Damage, Right Side Damage, Structural Damage, Selling De-Registered","Automatic,",5,Petrol,https://manheim.co.nz/damaged-vehicles/000000000007435146/2018-hyundai-sonata-2-4p-6at-sl-4dr-5s-sedan?referringPage=SearchResults
Nissan,Qashqai,2018,No,N/A,N/A,," Front Damage, Rear Damage, Structural Damage, Selling De-Registered","Automatic,",5,Petrol,https://manheim.co.nz/damaged-vehicles/000000000007435172/2018-nissan-qashqai-n-tec-2-0p-cvt-hatch?referringPage=SearchResults
Toyota,Camry,2019,No,N/A,N/A,," Left Rear Damage, Rear Damage, Right Rear Damage, Structural Damage, Selling De-Registered","Automatic,",5,Hybrid,https://manheim.co.nz/damaged-vehicles/000000000007435270/2019-toyota-camry-gx-2-5ph-cvt-sedan?referringPage=SearchResults
Toyota,Prius,2014,No,$0,N/A,," Front Damage, Rear Damage, Airbags Deployed, Structural Damage, Selling De-Registered","Automatic,",5,Hybrid,https://manheim.co.nz/damaged-vehicles/000000000007435305/2014-toyota-prius-hatch?referringPage=SearchResults
Nissan,Navara,2022,No,N/A,"109,437",," Front Damage, Airbags Deployed, Structural Damage, Selling De-Registered","7spd Automatic,",5,Diesel,https://manheim.co.nz/damaged-vehicles/000000000007435308/2022-nissan-navara-sl-2-3d-4wd-7at-utility?referringPage=SearchResults
Mazda,MAZDA3,2008,No,$0,"259,945",," Left Front Damage, Left Side Damage, Right Front Damage, Structural Damage, Selling De-Registered","Manual,",5,Petrol,https://manheim.co.nz/damaged-vehicles/000000000007425356/2008-mazda-mazda3-sporthatch-sp23-2-3-hatch?referringPage=SearchResults
Dodge.,Journey,2010,Yes,N/A,"139,244",, Selling Registered,"Automatic,",7,Petrol,https://manheim.co.nz/damaged-vehicles/000000000007435363/2010-dodge-journey-sxt-petrol-2-7l-6a-station-wagon?referringPage=SearchResults
Toyota,Prius,2018,No,N/A,N/A,," Airbags Deployed, Interior Damage, Left Side Damage, Structural Damage, Selling De-Registered",N/A,5,Hybrid,https://manheim.co.nz/damaged-vehicles/000000000007435379/2018-toyota-prius-hatch?referringPage=SearchResults
Toyota,Highlander,2023,Yes,N/A,"73,042",," Stolen & Recovered, Selling Registered",N/A,7,Hybrid,https://manheim.co.nz/damaged-vehicles/000000000007435388/2023-toyota-highlander-limited-2-5ph-4wd-h-station-wagon?referringPage=SearchResults
BYD,Atto 3,2024,No,N/A,N/A,," Right Side Damage, Structural Damage, Selling De-Registered",N/A,5,Electric,https://manheim.co.nz/damaged-vehicles/000000000007435425/2024-byd-atto-3-extended-range-60kw-station-wagon?referringPage=SearchResults
Hyundai,I20,2017,No,$0,"108,945",," Front Damage, Rear Damage, Structural Damage, Selling De-Registered","Automatic,",5,Petrol,https://manheim.co.nz/damaged-vehicles/000000000007425439/2017-hyundai-i20-1-4p-4at-hatch?referringPage=SearchResults
Toyota,Vitz,2002,No,$0,"165,846",," Airbags Deployed, Front Damage, Structural Damage, Selling De-Registered",N/A,5,Petrol,https://manheim.co.nz/damaged-vehicles/000000000007425475/2002-toyota-vitz-hatch?referringPage=SearchResults
Ford,Ranger,2018,No,N/A,"180,096",," Front Damage, Right Side Damage, Structural Damage, Selling De-Registered","Automatic,",5,Diesel,https://manheim.co.nz/damaged-vehicles/000000000007425502/2018-ford-ranger-xlt-double-cab-w-sa-dual-cab-utility?referringPage=SearchResults
Toyota,C-hr,2017,No,N/A,"76,769",," Front Damage, Rear Damage, Structural Damage, Selling De-Registered","CVT,",5,Hybrid,https://manheim.co.nz/damaged-vehicles/000000000007435744/2017-toyota-c-hr-station-wagon?referringPage=SearchResults
Land Rover,Discovery,2016,No,N/A,N/A,," Left Rear Damage, Structural Damage, Selling De-Registered",N/A,7,Diesel,https://manheim.co.nz/damaged-vehicles/000000000007435780/2016-land-rover-discovery-4-sdv6-hse-station-wagon?referringPage=SearchResults
Toyota,Corolla,1995,Yes,$0,"136,540",," Glass Broken, Ignition Damage, Right Rear Damage, Stolen & Recovered, Selling Registered","Automatic,",5,Petrol,https://manheim.co.nz/damaged-vehicles/000000000007425825/1995-toyota-corolla-1-6p-gl-hback5-4a-hatch?referringPage=SearchResults
Hyundai,Accent,2007,No,$0,"212,174",," Rear Damage, Right Rear Damage, Structural Damage, Selling De-Registered","4spd Automatic,",5,Petrol,https://manheim.co.nz/damaged-vehicles/000000000007425828/2007-hyundai-accent-1-6-gls-4d-a4-sedan?referringPage=SearchResults
Subaru,XV,2019,No,$0,"111,268",," Left Front Damage, Left Rear Damage, Left Side Damage, Right Front Damage, Underbody Damage, Structural Damage, Selling De-Registered","Automatic,",5,Petrol,https://manheim.co.nz/damaged-vehicles/000000000007435835/2019-subaru-xv-premium-2-0p-4wd-7a-station-wagon?referringPage=SearchResults
Ford,Ranger,2024,Yes,N/A,"56,739",, Selling Registered,N/A,5,Diesel,https://manheim.co.nz/damaged-vehicles/000000000007435891/2024-ford-ranger-xlt-double-cab-w-sa-dual-cab-utility?referringPage=SearchResults
Honda,Jazz,2019,No,$0,N/A,," Engine Damage, Left Rear Damage, Left Side Damage, Structural Damage, Stolen & Recovered, Selling De-Registered","CVT,",5,Petrol,https://manheim.co.nz/damaged-vehicles/000000000007435986/2019-honda-jazz-s-1-3p-cvt-hatch?referringPage=SearchResults
Nissan,Wingroad,2007,No,$0,N/A,," Interior Damage, Left Rear Damage, Vandalised - Interior, Structural Damage, Stolen & Recovered, Suspension Damage, Selling De-Registered","Automatic,",5,Petrol,https://manheim.co.nz/damaged-vehicles/000000000007435990/2007-nissan-wingroad-station-wagon?referringPage=SearchResults
Toyota,Aqua,2017,No,$0,"94,107",," Left Front Damage, Left Rear Damage, Left Side Damage, Rear Damage, Structural Damage, Selling De-Registered","CVT,",5,Hybrid,https://manheim.co.nz/damaged-vehicles/000000000007426020/2017-toyota-aqua-hybrid-hatch?referringPage=SearchResults
Subaru,Impreza,2012,No,$0,N/A,," Front Damage, Structural Damage, Selling De-Registered",N/A,5,Petrol,https://manheim.co.nz/damaged-vehicles/000000000007426055/2012-subaru-impreza-hatch?referringPage=SearchResults
Ford,Ranger,2016,No,N/A,"242,808",," Glass Broken, Roof Damage, Right Front Damage, Structural Damage, Selling De-Registered","Automatic,",5,Diesel,https://manheim.co.nz/damaged-vehicles/000000000007426058/2016-ford-ranger-xlt-double-cab-w-sa-dual-cab-utility?referringPage=SearchResults
Toyota,Aqua,2012,No,$0,"132,118",," Front Damage, Left Front Damage, Structural Damage, Suspension Damage, Selling De-Registered","4spd Automatic,",5,Hybrid,https://manheim.co.nz/damaged-vehicles/000000000007416061/2012-toyota-aqua-hatch?referringPage=SearchResults
Nissan,Wingroad,2004,No,$0,"291,411",," Left Front Damage, Left Rear Damage, Left Side Damage, Structural Damage, Selling De-Registered","Automatic,",5,Petrol,https://manheim.co.nz/damaged-vehicles/000000000007436082/2004-nissan-wingroad-station-wagon?referringPage=SearchResults
Mazda,CX-5,2015,Yes,N/A,"173,336",," Left Rear Damage, Selling Registered",N/A,5,Diesel,https://manheim.co.nz/damaged-vehicles/000000000007436101/2015-mazda-cx-5-gsx-dsl-2-2d-4wd-6a-station-wagon?referringPage=SearchResults
Toyota,Aqua,2014,No,$0,"117,991",," Front Damage, Interior Damage, Structural Damage, Stolen & Recovered, Suspension Damage, Selling De-Registered","Automatic,",5,Hybrid,https://manheim.co.nz/damaged-vehicles/000000000007426158/2014-toyota-aqua-hatch?referringPage=SearchResults
Nissan,Note,2005,No,$0,"160,118",," Rear Damage, Structural Damage, Selling De-Registered","Automatic,",5,Petrol,https://manheim.co.nz/damaged-vehicles/000000000007426193/2005-nissan-note-hatch?referringPage=SearchResults
Toyota,Starlet,1997,No,$0,"241,792",," Left Rear Damage, Right Rear Damage, Structural Damage, Selling De-Registered","2spd Automatic,",5,Petrol,https://manheim.co.nz/damaged-vehicles/000000000007436237/1997-toyota-starlet-hatch?referringPage=SearchResults
Toyota,Corolla,2013,Yes,$0,N/A,, Selling Registered,"CVT,",5,Petrol,https://manheim.co.nz/damaged-vehicles/000000000007416247/2013-toyota-corolla-gx-1-5p-wagon-cvt-station-wagon?referringPage=SearchResults
Ssangyong,Actyon Sport,2017,No,$0,N/A,," Right Side Damage, Airbags Deployed, Structural Damage, Selling De-Registered","Automatic,",5,Diesel,https://manheim.co.nz/damaged-vehicles/000000000007436316/2017-ssangyong-actyon-sport-wkmte-2wd-a5-2-0d-5-dual-cab-utility?referringPage=SearchResults
Nissan,Note,2014,No,$0,N/A,," Front Damage, Roof Damage, Structural Damage, Selling De-Registered","Automatic,",5,Petrol,https://manheim.co.nz/damaged-vehicles/000000000007436375/2014-nissan-note-hatch?referringPage=SearchResults
Mazda,Demio,2015,No,$0,"126,780",," Right Rear Damage, Structural Damage, Selling De-Registered","Automatic,",5,Petrol,https://manheim.co.nz/damaged-vehicles/000000000007436441/2015-mazda-demio-hatch?referringPage=SearchResults
Toyota,Vellfire,2021,No,N/A,N/A,," Left Rear Damage, Structural Damage, Selling De-Registered","Automatic,",7,Hybrid,https://manheim.co.nz/damaged-vehicles/000000000007416456/2021-toyota-vellfire-station-wagon?referringPage=SearchResults
Mazda,Atenza,2009,No,$0,N/A,," Structural Damage, Selling De-Registered","Automatic,",5,Petrol,https://manheim.co.nz/damaged-vehicles/000000000007426455/2009-mazda-atenza-station-wagon?referringPage=SearchResults
GWM,Haval H6,2024,No,N/A,N/A,," Front Damage, Rear Damage, Structural Damage, Selling De-Registered",N/A,5,Hybrid,https://manheim.co.nz/damaged-vehicles/000000000007426534/2024-gwm-haval-h6-ultra-2wd-hybrid-1--station-wagon?referringPage=SearchResults
BMW,528i,1998,No,$0,N/A,," Front Damage, Structural Damage, Selling De-Registered",N/A,5,Petrol,https://manheim.co.nz/damaged-vehicles/000000000007426536/1998-bmw-528i-sedan-m-sedan?referringPage=SearchResults
Mazda,Bounty,2006,No,$0,"403,170",," Left Side Damage, Roof Damage, Right Side Damage, Structural Damage, Selling De-Registered","Automatic,",4,Diesel,https://manheim.co.nz/damaged-vehicles/000000000007436548/2006-mazda-bounty-c-plus-c-c-4wd-dx-utility?referringPage=SearchResults
Toyota,Hilux,2018,No,$0,N/A,," Rolled, Structural Damage, Selling De-Registered",N/A,5,Diesel,https://manheim.co.nz/damaged-vehicles/000000000007436567/2018-toyota-hilux-sr-td-dc-2-8d-4wd-6-dual-cab-utility?referringPage=SearchResults
Ford,Fiesta,2018,No,$0,"61,275",," Front Damage, Interior Damage, Airbags Deployed, Structural Damage, Selling De-Registered","Automatic,",5,Petrol,https://manheim.co.nz/damaged-vehicles/000000000007416615/2018-ford-fiesta-trend-1-5p-6at-ha-5-hatch?referringPage=SearchResults
Mercedes-Benz,GLE 350d,2018,No,N/A,"209,485",," Structural Damage, Selling De-Registered",N/A,N/A,Diesel,https://manheim.co.nz/damaged-vehicles/000000000007436645/2018-mercedes-benz-gle-350d-station-wagon?referringPage=SearchResults
Toyota,Aqua,2014,Yes,$0,"227,960",," Ignition Damage, Stolen & Recovered, Selling Registered","Automatic,",5,Hybrid,https://manheim.co.nz/damaged-vehicles/000000000007436675/2014-toyota-aqua-hatch?referringPage=SearchResults
Toyota,Hilux,2002,No,N/A,"217,905",," Rear Damage, Structural Damage, Selling De-Registered",N/A,3,Diesel,https://manheim.co.nz/damaged-vehicles/000000000007436709/2002-toyota-hilux-3-0d-4wd-s-c-c-c-5m-dual-cab-chassis?referringPage=SearchResults
Nissan,NV200,2016,No,$0,N/A,," Front Damage, Structural Damage, Selling De-Registered","Automatic,",5,Petrol,https://manheim.co.nz/damaged-vehicles/000000000007426721/2016-nissan-nv200-station-wagon?referringPage=SearchResults
Nissan,Navara,2017,Yes,$0,"172,184",," Front Damage, Selling Registered","Automatic,",5,Diesel,https://manheim.co.nz/damaged-vehicles/000000000007426738/2017-nissan-navara-rx-2-3d-7at-ut-4dr--dual-cab-utility?referringPage=SearchResults
Toyota,Corolla,2015,Yes,N/A,"106,452",," Ignition Damage, Left Rear Damage, Stolen & Recovered, Selling Registered","Automatic,",5,Hybrid,https://manheim.co.nz/damaged-vehicles/000000000007426820/2015-toyota-corolla-fielder-hybrid-station-wagon?referringPage=SearchResults
Toyota,Corolla,2014,No,$0,N/A,," Repossed Vehicle, Right Side Damage, Selling De-Registered",N/A,5,Hybrid,https://manheim.co.nz/damaged-vehicles/000000000007426880/2014-toyota-corolla-fielder-hybrid-station-wagon?referringPage=SearchResults
Toyota,Aqua,2019,No,$0,"102,782",," Front Damage, Structural Damage, Selling De-Registered","CVT,",5,Hybrid,https://manheim.co.nz/damaged-vehicles/000000000007406884/2019-toyota-aqua-hatch?referringPage=SearchResults
Ford,Fiesta,2006,No,$0,"51,164",," Left Side Damage, Airbags Deployed, Dismantled - Entire Vehicle, Selling De-Registered","Automatic,",5,Petrol,https://manheim.co.nz/damaged-vehicles/000000000007426902/2006-ford-fiesta-5dr-1-6-a-hatch?referringPage=SearchResults
Holden,Cruze,2009,No,$0,"30,578",," Left Front Damage, Left Rear Damage, Dismantled - Entire Vehicle, Selling De-Registered","Automatic,",5,Petrol,https://manheim.co.nz/damaged-vehicles/000000000007426910/2009-holden-cruze-cdx-1-8-at-sedan?referringPage=SearchResults
Ford,Focus,2005,No,$0,"50,587",," Left Rear Damage, Left Side Damage, Roof Damage, Right Side Damage, Dismantled - Entire Vehicle, Selling De-Registered","Automatic,",5,Petrol,https://manheim.co.nz/damaged-vehicles/000000000007426918/2005-ford-focus-hatch?referringPage=SearchResults
Mazda,MAZDA6,2005,No,$0,"236,256",," Left Front Damage, Left Side Damage, Structural Damage, Selling De-Registered",N/A,5,Petrol,https://manheim.co.nz/damaged-vehicles/000000000007426972/2005-mazda-mazda6-sedan-gsx-2-3-auto-sedan?referringPage=SearchResults
Mazda,Axela,2005,No,$0,"178,958",," Right Side Damage, Selling De-Registered","Automatic,",5,Petrol,https://manheim.co.nz/damaged-vehicles/000000000007436980/2005-mazda-axela-hatch?referringPage=SearchResults
BMW,X3,2019,No,N/A,N/A,," Front Damage, Structural Damage, Selling De-Registered",N/A,5,Petrol,https://manheim.co.nz/damaged-vehicles/000000000007437017/2019-bmw-x3-s20i-2-0pt-8at-touring?referringPage=SearchResults
LDV,G10,2022,No,$0,"84,905",," Stolen & Recovered, Water Damage, Selling De-Registered","Automatic,",5,Diesel,https://manheim.co.nz/damaged-vehicles/000000000007437082/2022-ldv-g10-cargo-diesel-auto-2-van?referringPage=SearchResults
Skoda,Kodiaq,2019,Yes,N/A,"190,794",, Selling Registered,"7spd Automatic,",7,Petrol,https://manheim.co.nz/damaged-vehicles/000000000007437111/2019-skoda-kodiaq-ambition-tsi-110kw-station-wagon?referringPage=SearchResults
Ford,Fiesta,2008,No,$0,"75,447",," Left Front Damage, Left Rear Damage, Left Side Damage, Right Front Damage, Dismantled - Entire Vehicle, Selling De-Registered","5spd Manual,",5,Petrol,https://manheim.co.nz/damaged-vehicles/000000000007427126/2008-ford-fiesta-5dr-1-6-m-hatch?referringPage=SearchResults
Mercedes-Benz,C200,2011,No,$0,N/A,," Front Damage, Structural Damage, Selling De-Registered","Automatic,",5,Petrol,https://manheim.co.nz/damaged-vehicles/000000000007427163/2011-mercedes-benz-c200-sedan?referringPage=SearchResults
Nissan,Skyline,1992,Yes,N/A,"104,510",," Ignition Damage, Stolen & Recovered, Selling Registered",N/A,N/A,Petrol,https://manheim.co.nz/damaged-vehicles/000000000007437172/1992-nissan-skyline-sedan?referringPage=SearchResults
Toyota,RAV4,2017,No,N/A,"146,373",," Rear Damage, Structural Damage, Selling De-Registered","Automatic,",5,Petrol,https://manheim.co.nz/damaged-vehicles/000000000007437178/2017-toyota-rav4-gxl-suv-2-5p-4wd-6a-station-wagon?referringPage=SearchResults
Suzuki,SV650,2023,No,$0,1,," Rear Damage, Structural Damage, Selling De-Registered","Automatic,",N/A,Petrol,https://manheim.co.nz/damaged-vehicles/000000000007417184/2023-suzuki-sv650-am3-abs-motorcycle?referringPage=SearchResults
Ford,Falcon,2009,No,$0,N/A,," Left Front Damage, Left Rear Damage, Dismantled - Interior, Selling De-Registered","Automatic,",5,Petrol,https://manheim.co.nz/damaged-vehicles/000000000007407259/2009-ford-falcon-fg-xt-sedan-fa-sedan?referringPage=SearchResults
Holden,Commodore,2018,No,N/A,N/A,," Left Front Damage, Right Front Damage, Airbags Deployed, Selling De-Registered","Automatic,",5,Petrol,https://manheim.co.nz/damaged-vehicles/000000000007407282/2018-holden-commodore-rs-2-0pt-9at-sedan?referringPage=SearchResults
Toyota,Hilux,2010,No,N/A,"131,706",," Front Damage, Structural Damage, Selling De-Registered","Automatic,",5,Diesel,https://manheim.co.nz/damaged-vehicles/000000000007437298/2010-toyota-hilux-utility?referringPage=SearchResults
Nissan,Qashqai,2009,No,$0,"139,794",," Front Damage, Structural Damage, Selling De-Registered","Automatic,",5,Petrol,https://manheim.co.nz/damaged-vehicles/000000000007427345/2009-nissan-qashqai-2-0-ti-at-hatch?referringPage=SearchResults
FOTON,Tunland,2015,Yes,$0,N/A,," Rear Damage, Selling Registered",N/A,5,Diesel,https://manheim.co.nz/damaged-vehicles/000000000007437379/2015-foton-tunland-2-8d-5mt-ut-4dr-5s-dual-cab-chassis?referringPage=SearchResults
Audi,Q5,2013,Yes,N/A,"139,030",," Front Damage, Selling Registered","Automatic,",5,Diesel,https://manheim.co.nz/damaged-vehicles/000000000007437420/2013-audi-q5-2-0-tdi-q-s-tronic-station-wagon?referringPage=SearchResults
Toyota,Highlander,2016,No,N/A,N/A,," Chassis Damage, Front Damage, Vandalised - Interior, Structural Damage, Selling De-Registered","Automatic,",7,Petrol,https://manheim.co.nz/damaged-vehicles/000000000007437460/2016-toyota-highlander-gxl-3-5p-4wd-6at-sw-station-wagon?referringPage=SearchResults
Holden,Commodore,2009,Yes,N/A,"241,154",," Left Front Damage, Right Rear Damage, Right Side Damage, Selling Registered","6spd Automatic,",5,Petrol,https://manheim.co.nz/damaged-vehicles/000000000007437476/2009-holden-commodore-calais-v-sedan-v8-a-sedan?referringPage=SearchResults
Ford,Ranger,2021,No,N/A,N/A,," Front Damage, Airbags Deployed, Structural Damage, Selling De-Registered","Automatic,",5,Diesel,https://manheim.co.nz/damaged-vehicles/000000000007437492/2021-ford-ranger-xlt-double-cab-w-s-utility?referringPage=SearchResults
Ford,Focus,2007,Yes,$0,N/A,," Right Side Damage, Selling Registered","5spd Manual,",5,Diesel,https://manheim.co.nz/damaged-vehicles/000000000007407510/2007-ford-focus-1-8td-wagon-station-wagon?referringPage=SearchResults
Porsche,Macan,2016,No,$0,"139,009",," Front Damage, Left Side Damage, Structural Damage, Selling De-Registered","Automatic,",5,Diesel,https://manheim.co.nz/damaged-vehicles/000000000007427529/2016-porsche-macan-s-diesel-3-0d-4wd-7-station-wagon?referringPage=SearchResults
Nissan,Pathfinder,2017,No,N/A,"100,394",," Front Damage, Has Key, Left Rear Damage, Left Side Damage, Structural Damage, Selling De-Registered",N/A,N/A,Petrol,https://manheim.co.nz/damaged-vehicles/000000000007437557/2017-nissan-pathfinder-st-station-wagon?referringPage=SearchResults
Suzuki,Liana,2003,No,$0,"106,728",," Rear Damage, Structural Damage, Selling De-Registered","Automatic,",5,Petrol,https://manheim.co.nz/damaged-vehicles/000000000007437573/2003-suzuki-liana-glxha2-1-6-5dr-hatch?referringPage=SearchResults
Nissan,X-trial,2007,No,$0,"158,293",," Left Rear Damage, Structural Damage, Selling De-Registered","Automatic,",5,Petrol,https://manheim.co.nz/damaged-vehicles/000000000007437576/2007-nissan-x-trial-station-wagon?referringPage=SearchResults
Holden,Cruze,2010,Yes,$0,N/A,," Left Front Damage, Right Side Damage, Selling Registered","Automatic,",5,Petrol,https://manheim.co.nz/damaged-vehicles/000000000007427625/2010-holden-cruze-cdx-1-8-at-sedan?referringPage=SearchResults
Mercedes-Benz,A180,2013,No,$0,N/A,," Left Front Damage, Structural Damage, Selling De-Registered","Automatic,",5,Petrol,https://manheim.co.nz/damaged-vehicles/000000000007427802/2013-mercedes-benz-a180-hatch?referringPage=SearchResults
Nissan,Tiida,2005,No,$0,N/A,," Left Front Damage, Structural Damage, Selling De-Registered","4spd Automatic,",5,Petrol,https://manheim.co.nz/damaged-vehicles/000000000007427828/2005-nissan-tiida-hatch?referringPage=SearchResults
Hyundai,Santa FE,2021,No,N/A,"135,863",," Rear Damage, Structural Damage, Selling De-Registered",N/A,7,Diesel,https://manheim.co.nz/damaged-vehicles/000000000007438035/2021-hyundai-santa-fe-tm-limited-2-2dt-4w-station-wagon?referringPage=SearchResults
Toyota,Hiace,2017,Yes,$0,"276,503",," Roof Damage, Selling Registered",N/A,2,Diesel,https://manheim.co.nz/damaged-vehicles/000000000007438055/2017-toyota-hiace-zx-td-3-0dt-4at-van?referringPage=SearchResults
Holden,VS Commodore,1997,No,N/A,N/A,," Left Front Damage, Left Rear Damage, Right Front Damage, Right Rear Damage, Selling De-Registered","Automatic,",5,Petrol,https://manheim.co.nz/damaged-vehicles/000000000007438060/1997-holden-vs-commodore-hsv-clubsport-aut--sedan?referringPage=SearchResults
Hyundai,IX35,2015,Yes,N/A,"178,593",, Selling Registered,"6spd Automatic,",5,Petrol,https://manheim.co.nz/damaged-vehicles/000000000007428167/2015-hyundai-ix35-gdi2-0elite6a-2-0p6-station-wagon?referringPage=SearchResults
Toyota,Aqua,2013,No,$0,N/A,," Chassis Damage, Front Damage, Airbags Deployed, Structural Damage, Selling De-Registered","Automatic,",5,Hybrid,https://manheim.co.nz/damaged-vehicles/000000000007428178/2013-toyota-aqua-hybrid-hatch?referringPage=SearchResults
Honda,Jazz,2016,No,$0,"115,911",," Left Side Damage, Structural Damage, Under Body Damage, Selling De-Registered",N/A,5,Petrol,https://manheim.co.nz/damaged-vehicles/000000000007438171/2016-honda-jazz-rs-1-5p-cvt-hatch?referringPage=SearchResults
Toyota,Caldina,2006,Yes,$0,"178,955",," Ignition Damage, Stolen & Recovered, Selling Registered",N/A,5,Petrol,https://manheim.co.nz/damaged-vehicles/000000000007438180/2006-toyota-caldina-station-wagon?referringPage=SearchResults
Honda,fit,2013,No,$0,"60,707",," Front Damage, Left Front Damage, Left Side Damage, Right Front Damage, Right Side Damage, Structural Damage, Selling De-Registered","Automatic,",5,Petrol,https://manheim.co.nz/damaged-vehicles/000000000007438201/2013-honda-fit-hatch?referringPage=SearchResults
Hyundai,I30,2011,No,$0,"17,910",," Left Front Damage, Left Rear Damage, Left Side Damage, Structural Damage, Selling De-Registered","Automatic,",5,Petrol,https://manheim.co.nz/damaged-vehicles/000000000007438222/2011-hyundai-i30-2-0-elite-a4-hatch?referringPage=SearchResults
Ford,Transit,2016,No,N/A,"396,110",," Rear Damage, Right Side Damage, Structural Damage, Selling De-Registered",N/A,3,Diesel,https://manheim.co.nz/damaged-vehicles/000000000007438231/2016-ford-transit-350l-lwb-van-2-2d-6-high-roof-van?referringPage=SearchResults
Toyota,Prius,2012,No,$0,N/A,," Rear Damage, Structural Damage, Selling De-Registered",N/A,5,Hybrid,https://manheim.co.nz/damaged-vehicles/000000000007438239/2012-toyota-prius-hybrid-hatch?referringPage=SearchResults
Suzuki,Swift,2008,No,$0,N/A,," Front Damage, Airbags Deployed, Structural Damage, Selling De-Registered","Automatic,",5,Petrol,https://manheim.co.nz/damaged-vehicles/000000000007438260/2008-suzuki-swift-hatch?referringPage=SearchResults
Mitsubishi,Colt Plus,2008,No,$0,N/A,," Airbags Deployed, Chassis Damage, Front Damage, Structural Damage, Selling De-Registered","Automatic,",5,Petrol,https://manheim.co.nz/damaged-vehicles/000000000007438318/2008-mitsubishi-colt-plus-1-5p-ls-5dr-hatch?referringPage=SearchResults
Toyota,Prius,2017,No,$0,N/A,," Front Damage, Rear Damage, Structural Damage, Selling De-Registered",N/A,5,Hybrid,https://manheim.co.nz/damaged-vehicles/000000000007438327/2017-toyota-prius-hybrid-hatch?referringPage=SearchResults
Toyota,Aqua,2018,No,$0,N/A,," Front Damage, Right Front Damage, Structural Damage, Suspension Damage, Selling De-Registered",N/A,5,Hybrid,https://manheim.co.nz/damaged-vehicles/000000000007438328/2018-toyota-aqua-hatch?referringPage=SearchResults
Volkswagen,Amarok,2017,No,N/A,"148,050",," Chassis Damage, Front Damage, Left Front Damage, Structural Damage, Selling De-Registered","Automatic,",5,Diesel,https://manheim.co.nz/damaged-vehicles/000000000007418395/2017-volkswagen-amarok-dc-4m-highline-2-0d-dual-cab-utility?referringPage=SearchResults
BMW,320i,2007,No,$0,N/A,," Left Front Damage, Left Rear Damage, Left Side Damage, Right Front Damage, Structural Damage, Selling De-Registered","Automatic,",5,Petrol,https://manheim.co.nz/damaged-vehicles/000000000007428501/2007-bmw-320i-touring?referringPage=SearchResults
Honda,Airwave,2006,No,$0,N/A,," Left Front Damage, Left Rear Damage, Rear Damage, Right Rear Damage, Structural Damage, Selling De-Registered","Automatic,",5,Petrol,https://manheim.co.nz/damaged-vehicles/000000000007428535/2006-honda-airwave-station-wagon?referringPage=SearchResults
Subaru,Forester,2006,No,$0,N/A,," Interior Damage, Vandalised - Interior, Stolen & Recovered, Selling De-Registered","Automatic,",5,Petrol,https://manheim.co.nz/damaged-vehicles/000000000007428548/2006-subaru-forester-hatch?referringPage=SearchResults
Mazda,MAZDA6,2013,No,$0,"190,747",," Chassis Damage, Front Damage, Structural Damage, Selling De-Registered","Automatic,",5,Petrol,https://manheim.co.nz/damaged-vehicles/000000000007438543/2013-mazda-mazda6-ltdptr-2-5p6a-sw5d5-station-wagon?referringPage=SearchResults
Suzuki,Swift,2015,No,$0,N/A,," Front Damage, Structural Damage, Selling De-Registered","Automatic,",5,Petrol,https://manheim.co.nz/damaged-vehicles/000000000007438561/2015-suzuki-swift-hatch?referringPage=SearchResults
Mazda,Axela,2005,Yes,$0,N/A,," Left Rear Damage, Left Side Damage, Selling Registered","Automatic,",5,Petrol,https://manheim.co.nz/damaged-vehicles/000000000007438592/2005-mazda-axela-sedan?referringPage=SearchResults
Holden,VX Commodore,2003,Yes,$0,N/A,," Left Front Damage, Left Side Damage, Right Front Damage, Selling Registered","Automatic,",5,Petrol,https://manheim.co.nz/damaged-vehicles/000000000007418598/2003-holden-vx-commodore-lumina-sedan-v6-aut-sedan?referringPage=SearchResults
Mazda,Bongo,2008,Yes,$0,"176,784",, Selling Registered,N/A,3,Petrol,https://manheim.co.nz/damaged-vehicles/000000000007418610/2008-mazda-bongo-van?referringPage=SearchResults
Ford,Falcon UTE,2004,No,N/A,N/A,," Left Front Damage, Left Side Damage, Right Front Damage, Right Side Damage, Airbags Deployed, Selling De-Registered","Automatic,",2,Petrol,https://manheim.co.nz/damaged-vehicles/000000000007418688/2004-ford-falcon-ute-ba-xr8-pick-up-fa-coup%C3%A9?referringPage=SearchResults
DONGFENG,box,2026,No,N/A,N/A,," Left Front Damage, Airbags Deployed, Structural Damage, Selling De-Registered","Automatic, Fuel Type, Electri",5,Electric,https://manheim.co.nz/damaged-vehicles/000000000007428750/2026-dongfeng-box-44kwh-ev-at-hatch?referringPage=SearchResults
Volvo,XC90,2015,No,N/A,"109,913",," Rear Damage, Structural Damage, Selling De-Registered","Automatic,",7,Petrol,https://manheim.co.nz/damaged-vehicles/000000000007438772/2015-volvo-xc90-t6-awd-inscription-station-wagon?referringPage=SearchResults
Kawasaki,ex,2008,Yes,$0,"25,656",," Right Side Damage, Selling Registered","Manual,",N/A,Petrol,https://manheim.co.nz/damaged-vehicles/000000000007438776/2008-kawasaki-ex-250j-motorcycle?referringPage=SearchResults
Toyota,Aqua,2012,No,$0,"185,777",," Front Damage, Left Front Damage, Right Front Damage, Structural Damage, Selling De-Registered","Automatic,",5,Hybrid,https://manheim.co.nz/damaged-vehicles/000000000007438777/2012-toyota-aqua-hatch?referringPage=SearchResults
Toyota,Estima,2005,No,$0,"203,816",," Front Damage, Left Side Damage, Malicious/Vandalised, Roof Damage, Structural Damage, Selling De-Registered","4spd,",8,Petrol,https://manheim.co.nz/damaged-vehicles/000000000007438809/2005-toyota-estima-station-wagon?referringPage=SearchResults
Audi,A4,2009,No,$0,N/A,," Rear Damage, Structural Damage, Selling De-Registered",N/A,5,Petrol,https://manheim.co.nz/damaged-vehicles/000000000007428811/2009-audi-a4-2-0t-sedan?referringPage=SearchResults
Isuzu,D-max,2016,No,N/A,"372,493",," Rear Damage, Structural Damage, Selling De-Registered",N/A,5,Diesel,https://manheim.co.nz/damaged-vehicles/000000000007438827/2016-isuzu-d-max-lx-dx-3-0d-4wd-5mt--utility?referringPage=SearchResults
Subaru,Impreza,2013,No,$0,"103,538",," Front Damage, Left Front Damage, Right Front Damage, Structural Damage, Selling De-Registered","Automatic,",5,Petrol,https://manheim.co.nz/damaged-vehicles/000000000007428858/2013-subaru-impreza-hatch?referringPage=SearchResults
Audi,A4,2014,No,$0,"180,978",," Front Damage, Right Front Damage, Structural Damage, Suspension Damage, Selling De-Registered","Automatic,",5,Petrol,https://manheim.co.nz/damaged-vehicles/000000000007428874/2014-audi-a4-avtfsiq-2-0p7a-sw4d-station-wagon?referringPage=SearchResults
Toyota,Prius,2015,No,$0,N/A,," Front Damage, Rear Damage, Structural Damage, Stolen & Recovered, Selling De-Registered",N/A,N/A,Hybrid,https://manheim.co.nz/damaged-vehicles/000000000007428890/2015-toyota-prius-hatch?referringPage=SearchResults
Volvo,V60,2014,No,$0,"116,268",," Left Rear Damage, Structural Damage, Selling De-Registered","6spd Automatic,",5,Petrol,https://manheim.co.nz/damaged-vehicles/000000000007428896/2014-volvo-v60-station-wagon?referringPage=SearchResults
Mazda,CX-5,2016,No,$0,N/A,," Chassis Damage, Front Damage, Structural Damage, Selling De-Registered","6spd Automatic,",5,Diesel,https://manheim.co.nz/damaged-vehicles/000000000007438895/2016-mazda-cx-5-gsx-dsl-2-2d-4wd-6a-station-wagon?referringPage=SearchResults
Subaru,Legacy,2004,No,$0,N/A,," Interior Damage, Ignition Damage, Right Rear Damage, Vandalised - Interior, Stolen & Recovered, Selling De-Registered","Automatic,",5,Petrol,https://manheim.co.nz/damaged-vehicles/000000000007438942/2004-subaru-legacy-station-wagon?referringPage=SearchResults
Toyota,Hilux,2019,Yes,N/A,"155,293",," Stolen & Recovered, Selling Registered","Automatic,",5,Diesel,https://manheim.co.nz/damaged-vehicles/000000000007378962/2019-toyota-hilux-sr-td-dc-2-8dt-dual-cab-utility?referringPage=SearchResults
Volkswagen,Golf,2014,No,N/A,"116,213",," Front Damage, Right Front Damage, Underbody Damage, Structural Damage, Selling De-Registered","Automatic,",5,Petrol,https://manheim.co.nz/damaged-vehicles/000000000007438986/2014-volkswagen-golf-r-hatch?referringPage=SearchResults
Nissan,Serena,2012,No,$0,N/A,," Front Damage, Structural Damage, Selling De-Registered",N/A,8,Hybrid,https://manheim.co.nz/damaged-vehicles/000000000007439001/2012-nissan-serena-station-wagon?referringPage=SearchResults
Honda,Integra,1999,No,$0,"229,979",," Left Side Damage, Right Side Damage, Structural Damage, Selling De-Registered","5spd Manual,",4,Petrol,https://manheim.co.nz/damaged-vehicles/000000000007439095/1999-honda-integra-hatch?referringPage=SearchResults
Chevrolet,Silverado,2024,No,N/A,N/A,," Chassis Damage, Left Side Damage, Right Front Damage, Right Side Damage, Structural Damage, Selling De-Registered","Automatic,",5,Diesel,https://manheim.co.nz/damaged-vehicles/000000000007439132/2024-chevrolet-silverado-t1xch1-2500-hd-dual-cab-utility?referringPage=SearchResults
Audi,Q3,2020,No,N/A,"122,197",," Right Side Damage, Structural Damage, Selling De-Registered","Automatic,",5,Petrol,https://manheim.co.nz/damaged-vehicles/000000000007439172/2020-audi-q3-station-wagon?referringPage=SearchResults
Holden,Captiva,2014,No,$0,N/A,," Right Side Damage, Structural Damage, Selling De-Registered",N/A,7,Diesel,https://manheim.co.nz/damaged-vehicles/000000000007439174/2014-holden-captiva-ls-2-2d-6at-sw-4dr--station-wagon?referringPage=SearchResults
BMW,M5,2014,No,N/A,"138,114",," Right Side Damage, Structural Damage, Selling De-Registered","Automatic,",5,Petrol,https://manheim.co.nz/damaged-vehicles/000000000007439180/2014-bmw-m5-auto-sedan?referringPage=SearchResults
Mazda,Atenza,2008,Yes,$0,1,, Selling Registered,"Automatic,",5,Petrol,https://manheim.co.nz/damaged-vehicles/000000000007439189/2008-mazda-atenza-station-wagon?referringPage=SearchResults
Mercedes-Benz,CLS 500,2005,Yes,$0,"102,319",, Selling Registered,"Automatic,",4,Petrol,https://manheim.co.nz/damaged-vehicles/000000000007439193/2005-mercedes-benz-cls-500-sedan?referringPage=SearchResults
BMW,320d,2014,Yes,N/A,"181,745",," Left Front Damage, Selling Registered","Automatic,",5,Diesel,https://manheim.co.nz/damaged-vehicles/000000000007439241/2014-bmw-320d-sedan?referringPage=SearchResults
Nissan,Sunny,2001,No,$0,"170,681",," Front Damage, Left Front Damage, Left Rear Damage, Structural Damage, Selling De-Registered","4spd Automatic,",5,Petrol,https://manheim.co.nz/damaged-vehicles/000000000007439242/2001-nissan-sunny-sedan?referringPage=SearchResults
Toyota,Hilux,2014,No,N/A,"190,857",," Water Damage, Selling De-Registered","Automatic,",5,Diesel,https://manheim.co.nz/damaged-vehicles/000000000007369254/2014-toyota-hilux-utility?referringPage=SearchResults
Nissan,Tiida,2012,Yes,$0,N/A,," Left Side Damage, Right Rear Damage, Vandalised - Interior, Selling Registered","Automatic,",5,Petrol,https://manheim.co.nz/damaged-vehicles/000000000007429295/2012-nissan-tiida-latio-sedan?referringPage=SearchResults
Hyundai,Accent,2015,No,$0,"133,752",," Front Damage, Left Front Damage, Left Rear Damage, Rear Damage, Right Rear Damage, Structural Damage, Selling De-Registered","Automatic,",5,Petrol,https://manheim.co.nz/damaged-vehicles/000000000007429428/2015-hyundai-accent-1-6-5d-a4-hatch?referringPage=SearchResults
Toyota,Vitz,2005,No,$0,N/A,," Front Damage, Left Front Damage, Structural Damage, Selling De-Registered","Automatic,",5,Petrol,https://manheim.co.nz/damaged-vehicles/000000000007429477/2005-toyota-vitz-hatch?referringPage=SearchResults
Toyota,Corolla,2010,No,$0,"101,151",," Front Damage, Structural Damage, Selling De-Registered","4spd Automatic,",5,Petrol,https://manheim.co.nz/damaged-vehicles/000000000007429478/2010-toyota-corolla-1-8p-glx-hatch-5-4a-hatch?referringPage=SearchResults
Honda,Prelude,1996,No,$0,N/A,," Left Front Damage, Left Rear Damage, Right Front Damage, Right Rear Damage, Structural Damage, Selling De-Registered","5spd Manual,",4,Petrol,https://manheim.co.nz/damaged-vehicles/000000000007439486/1996-honda-prelude-vti-r-sedan?referringPage=SearchResults
Land Rover,Discovery,2018,No,N/A,"72,316",," Ignition Damage, Water Damage, Selling De-Registered",N/A,N/A,Diesel,https://manheim.co.nz/damaged-vehicles/000000000007439487/2018-land-rover-discovery-td6-station-wagon?referringPage=SearchResults
Toyota,Hilux 3.0TD,2004,No,$0,"452,999",," Front Damage, Structural Damage, Selling De-Registered",N/A,N/A,Diesel,https://manheim.co.nz/damaged-vehicles/000000000007429507/2004-toyota-hilux-3-0td-na-utility?referringPage=SearchResults
Mazda,CX-5,2018,Yes,N/A,"182,120",," Stolen & Recovered, Selling Registered","Automatic,",5,Diesel,https://manheim.co.nz/damaged-vehicles/000000000007409635/2018-mazda-cx-5-gsx-dsl-2-2d-4wd-6a-station-wagon?referringPage=SearchResults
Nissan,Navara,2017,No,N/A,"129,141",," Front Damage, Structural Damage, Selling De-Registered","Automatic,",5,Diesel,https://manheim.co.nz/damaged-vehicles/000000000007439672/2017-nissan-navara-st-2-3d-7am-ut-4dr--dual-cab-utility?referringPage=SearchResults
Nissan,Qashqai,2016,Yes,$0,"332,028",," Front Damage, Selling Registered","Automatic,",5,Petrol,https://manheim.co.nz/damaged-vehicles/000000000007429789/2016-nissan-qashqai-st-2-0p-cvt-station-wagon?referringPage=SearchResults
Toyota,Camry,1997,No,$0,"225,488",," Left Side Damage, Structural Damage, Selling De-Registered","4spd Automatic,",5,Petrol,https://manheim.co.nz/damaged-vehicles/000000000007429807/1997-toyota-camry-gracia-station-wagon?referringPage=SearchResults
Toyota,Blade,2006,No,$0,"121,438",," Front Damage, Right Side Damage, Airbags Deployed, Structural Damage, Selling De-Registered","Automatic,",5,Petrol,https://manheim.co.nz/damaged-vehicles/000000000007419867/2006-toyota-blade-hatch?referringPage=SearchResults
JAC.,Heritage 21.65-4,2003,Yes,$500,1,0," Left Side Damage, Selling Registered","Automatic,",N/A,N/A,https://manheim.co.nz/damaged-vehicles/000000000007439928/2003-jac-heritage-21-65-4-camper-trailer?referringPage=SearchResults
Toyota,RAV4,2016,No,N/A,"123,983",," Front Damage, Airbags Deployed, Structural Damage, Selling De-Registered","Automatic,",5,Petrol,https://manheim.co.nz/damaged-vehicles/000000000007439930/2016-toyota-rav4-gxl-suv-2-5p-4wd-6a-station-wagon?referringPage=SearchResults
Ford,Kuga,2010,Yes,$0,"132,784",," Left Side Damage, Selling Registered","Automatic,",5,Petrol,https://manheim.co.nz/damaged-vehicles/000000000007439935/2010-ford-kuga-station-wagon?referringPage=SearchResults
Nissan,Bluebird,2006,No,$0,"198,826",," Front Damage, Structural Damage, Selling De-Registered","Automatic,",5,Petrol,https://manheim.co.nz/damaged-vehicles/000000000007439940/2006-nissan-bluebird-sylphy-sedan?referringPage=SearchResults
