Manufacturer,Model,Year,Registration Status,Price,Mileage,Keys,Damage description,Transmission,Seats,Fuel Type,Link
Nissan,X-trail,2007,No,$750,"150,380",," Right Front Damage, Structural Damage, Selling De-Registered","Automatic,",5,Petrol,https://manheim.co.nz/damaged-vehicles/000000000007430074/2007-nissan-x-trail-station-wagon?referringPage=SearchResults
Toyota,Aqua,2013,No,$0,"121,380",," Left Rear Damage, Rear Damage, Structural Damage, Selling De-Registered","Automatic,",5,Hybrid,https://manheim.co.nz/damaged-vehicles/000000000007430080/2013-toyota-aqua-hatch?referringPage=SearchResults
Renault,Koleos,2015,No,$950,"101,429",," Right Front Damage, Structural Damage, Selling De-Registered","Automatic,",5,Diesel,https://manheim.co.nz/damaged-vehicles/000000000007430085/2015-renault-koleos-2-0-4x4-2-0d-4wd-6a-station-wagon?referringPage=SearchResults
Suzuki,Swift,2020,No,$0,N/A,," Front Damage, Airbags Deployed, Structural Damage, Selling De-Registered",N/A,5,Petrol,https://manheim.co.nz/damaged-vehicles/000000000007430096/2020-suzuki-swift-glc-1-2p-cvt-hatch?referringPage=SearchResults
Mazda,Axela,2007,No,$700,"237,055",," Left Side Damage, Selling De-Registered","Automatic,",5,Petrol,https://manheim.co.nz/damaged-vehicles/000000000007430106/2007-mazda-axela-hatch?referringPage=SearchResults
Suzuki,Swift,2009,Yes,"$1,650","173,908",," Right Front Damage, Right Rear Damage, Structural Damage, Selling Registered",N/A,N/A,Petrol,https://manheim.co.nz/damaged-vehicles/000000000007440150/2009-suzuki-swift-hatch?referringPage=SearchResults
Nissan,Wingroad,1997,No,$600,"145,723",," Left Side Damage, Structural Damage, Selling De-Registered",N/A,5,Petrol,https://manheim.co.nz/damaged-vehicles/000000000007440161/1997-nissan-wingroad-station-wagon?referringPage=SearchResults
Ford,Territory,2011,No,$700,"155,651",," Left Side Damage, Airbags Deployed, Structural Damage, Selling De-Registered","Automatic,",7,Petrol,https://manheim.co.nz/damaged-vehicles/000000000007440162/2011-ford-territory-station-wagon?referringPage=SearchResults
Toyota,Landcruiser,1998,No,"$5,050","231,643",," Front Damage, Left Side Damage, Roof Damage, Right Side Damage, Structural Damage, Selling De-Registered","5spd Automatic,",5,Diesel,https://manheim.co.nz/damaged-vehicles/000000000007440186/1998-toyota-landcruiser-station-wagon?referringPage=SearchResults
Hyundai,I30,2012,Yes,$650,N/A,," Right Front Damage, Selling Registered","Automatic,",5,Diesel,https://manheim.co.nz/damaged-vehicles/000000000007440190/2012-hyundai-i30-gd-1-6-crdi-elite-a-hatch?referringPage=SearchResults
Mazda,Atenza,2011,No,$650,"217,901",," Left Side Damage, Structural Damage, Selling De-Registered",N/A,5,Petrol,https://manheim.co.nz/damaged-vehicles/000000000007440197/2011-mazda-atenza-sedan?referringPage=SearchResults
Toyota,Avensis,2006,Yes,$600,N/A,," Left Front Damage, Selling Registered",N/A,5,Petrol,https://manheim.co.nz/damaged-vehicles/000000000007440250/2006-toyota-avensis-station-wagon?referringPage=SearchResults
Nissan,Bluebird,2005,Yes,$750,"114,662",," Right Side Damage, Selling Registered",N/A,5,Petrol,https://manheim.co.nz/damaged-vehicles/000000000007440259/2005-nissan-bluebird-sylphy-sedan?referringPage=SearchResults
Audi,A5,2014,No,"$1,400",N/A,," Front Damage, Airbags Deployed, Structural Damage, Selling De-Registered","Automatic,",4,Petrol,https://manheim.co.nz/damaged-vehicles/000000000007430253/2014-audi-a5-2-0t-hatch?referringPage=SearchResults
Volkswagen,Golf,2013,No,$0,N/A,," Right Rear Damage, Structural Damage, Suspension Damage, Selling De-Registered",N/A,N/A,Petrol,https://manheim.co.nz/damaged-vehicles/000000000007440262/2013-volkswagen-golf-hatch?referringPage=SearchResults
Holden,Barina Spark,2014,No,$400,"137,990",," Left Side Damage, Structural Damage, Selling De-Registered","Automatic,",5,Petrol,https://manheim.co.nz/damaged-vehicles/000000000007440276/2014-holden-barina-spark-cd-1-2p4a-ha5s-hatch?referringPage=SearchResults
Suzuki,Swift,2012,No,$500,"518,555",," Rear Damage, Structural Damage, Selling De-Registered","Automatic,",5,Petrol,https://manheim.co.nz/damaged-vehicles/000000000007440311/2012-suzuki-swift-ltd-1-4-5dr-hatch?referringPage=SearchResults
Suzuki,UK,2018,Yes,$0,"13,975",," Left Side Damage, Selling Registered","Automatic,",N/A,Petrol,https://manheim.co.nz/damaged-vehicles/000000000007440312/2018-suzuki-uk-110ne-address-scooter?referringPage=SearchResults
Ssangyong,Tivoli,2016,No,"$1,250","159,845",," Front Damage, Left Front Damage, Left Rear Damage, Rear Damage, Structural Damage, Selling De-Registered","Automatic,",5,Petrol,https://manheim.co.nz/damaged-vehicles/000000000007440314/2016-ssangyong-tivoli-sports-auto-1-6p-6a-station-wagon?referringPage=SearchResults
Volkswagen,Golf,2008,No,$750,"88,278",," Front Damage, Left Front Damage, Left Side Damage, Right Front Damage, Structural Damage, Selling De-Registered","Automatic,",5,Petrol,https://manheim.co.nz/damaged-vehicles/000000000007440317/2008-volkswagen-golf-103kw-tsi-6dsg-hatch?referringPage=SearchResults
Toyota,Aqua,2014,No,$850,N/A,," Front Damage, Left Front Damage, Left Side Damage, Right Front Damage, Structural Damage, Selling De-Registered","Automatic,",5,Hybrid,https://manheim.co.nz/damaged-vehicles/000000000007440351/2014-toyota-aqua-hatch?referringPage=SearchResults
Kia,Cerato,2007,Yes,$600,"202,430",," Left Front Damage, Selling Registered","Automatic,",5,Petrol,https://manheim.co.nz/damaged-vehicles/000000000007440357/2007-kia-cerato-2-0-auto-sedan-sedan?referringPage=SearchResults
Toyota,Aqua,2012,No,$700,N/A,," Rear Damage, Structural Damage, Selling De-Registered",N/A,5,Hybrid,https://manheim.co.nz/damaged-vehicles/000000000007420370/2012-toyota-aqua-hatch?referringPage=SearchResults
Mazda,Premacy,2007,No,$500,N/A,," Left Front Damage, Left Rear Damage, Left Side Damage, Right Front Damage, Structural Damage, Selling De-Registered","Automatic,",7,Petrol,https://manheim.co.nz/damaged-vehicles/000000000007420395/2007-mazda-premacy-station-wagon?referringPage=SearchResults
Toyota,Hilux,2016,No,N/A,N/A,," Chassis Damage, Front Damage, Right Front Damage, Airbags Deployed, Structural Damage, Suspension Damage, Selling De-Registered","Manual,",2,Diesel,https://manheim.co.nz/damaged-vehicles/000000000007430440/2016-toyota-hilux-s-td-sc-cc-2-8d-5mt-dual-cab-chassis?referringPage=SearchResults
Suzuki,Swift,2006,No,$500,"95,159",," Front Damage, Structural Damage, Selling De-Registered",N/A,5,Petrol,https://manheim.co.nz/damaged-vehicles/000000000007440446/2006-suzuki-swift-hatch?referringPage=SearchResults
Nissan,Bluebird,2006,No,$600,"184,380",," Left Front Damage, Structural Damage, Selling De-Registered","4spd Automatic,",5,Petrol,https://manheim.co.nz/damaged-vehicles/000000000007440450/2006-nissan-bluebird-sedan?referringPage=SearchResults
Nissan,Note,2017,No,$700,"102,646",," Left Front Damage, Left Rear Damage, Right Front Damage, Selling De-Registered","Automatic,",5,Petrol,https://manheim.co.nz/damaged-vehicles/000000000007430464/2017-nissan-note-hatch?referringPage=SearchResults
Nissan,X-trail,2018,No,N/A,N/A,," Interior Damage, Left Front Damage, Structural Damage, Selling De-Registered",N/A,7,Petrol,https://manheim.co.nz/damaged-vehicles/000000000007420471/2018-nissan-x-trail-st-2-5p-6cvt-sw-5dr-station-wagon?referringPage=SearchResults
Nissan,Tiida,2007,No,$500,N/A,," Left Side Damage, Right Rear Damage, Structural Damage, Selling De-Registered",N/A,5,Petrol,https://manheim.co.nz/damaged-vehicles/000000000007440481/2007-nissan-tiida-hatch?referringPage=SearchResults
Mitsubishi,Outlander,2021,No,N/A,"57,836",," Left Rear Damage, Structural Damage, Selling De-Registered","Automatic,",7,Petrol,https://manheim.co.nz/damaged-vehicles/000000000007440487/2021-mitsubishi-outlander-sp-2-4p-4wd-cvt-station-wagon?referringPage=SearchResults
Honda,Jazz,2006,No,$600,"307,037",," Right Front Damage, Structural Damage, Selling De-Registered","4spd CVT,",5,Petrol,https://manheim.co.nz/damaged-vehicles/000000000007440499/2006-honda-jazz-1-3i-5d-cvt-hatch-hatch?referringPage=SearchResults
Audi,A4,2007,No,$500,"113,994",," Front Damage, Structural Damage, Selling De-Registered",N/A,5,Petrol,https://manheim.co.nz/damaged-vehicles/000000000007430494/2007-audi-a4-2-0tq-tip-avant-station-wagon?referringPage=SearchResults
Vespa,Primavera,2018,No,$0,"8,400",, Selling De-Registered,"Automatic,",N/A,Petrol,https://manheim.co.nz/damaged-vehicles/000000000007430526/2018-vespa-primavera-150-iget-scooter?referringPage=SearchResults
Toyota,Corolla,2008,No,"$1,350",N/A,," Front Damage, Left Front Damage, Left Side Damage, Roof Damage, Right Front Damage, Right Rear Damage, Structural Damage, Selling De-Registered","Automatic,",5,Petrol,https://manheim.co.nz/damaged-vehicles/000000000007440554/2008-toyota-corolla-station-wagon?referringPage=SearchResults
Hyundai,I30,2012,No,$500,"131,689",," Rear Damage, Structural Damage, Selling De-Registered","Automatic,",5,Petrol,https://manheim.co.nz/damaged-vehicles/000000000007440559/2012-hyundai-i30-1-6-a4-hatch?referringPage=SearchResults
Honda,Jazz,2006,Yes,$0,"160,866",," Right Side Damage, Selling Registered","Automatic,",5,Petrol,https://manheim.co.nz/damaged-vehicles/000000000007440587/2006-honda-jazz-hatch?referringPage=SearchResults
Toyota,Corolla,2016,No,N/A,N/A,," Glass Broken, Left Front Damage, Left Side Damage, Right Side Damage, Structural Damage, Selling De-Registered",N/A,5,Hybrid,https://manheim.co.nz/damaged-vehicles/000000000007440604/2016-toyota-corolla-axio-hybrid-sedan?referringPage=SearchResults
Ford,Escape,2017,No,"$1,300",N/A,," Right Rear Damage, Right Side Damage, Airbags Deployed, Underbody Damage, Selling De-Registered","Automatic,",5,Petrol,https://manheim.co.nz/damaged-vehicles/000000000007430607/2017-ford-escape-ambiente-fwd-petrol-station-wagon?referringPage=SearchResults
Mazda,Demio,2003,Yes,$600,"219,452",," Glass Broken, Ignition Damage, Stolen & Recovered, Selling Registered","Automatic,",5,Petrol,https://manheim.co.nz/damaged-vehicles/000000000007420620/2003-mazda-demio-hatch?referringPage=SearchResults
Kawasaki,VN,2021,No,$0,"1,732",," Structural Damage, Selling De-Registered",N/A,N/A,Petrol,https://manheim.co.nz/damaged-vehicles/000000000007440638/2021-kawasaki-vn-900c-motorcycle?referringPage=SearchResults
Toyota,Corolla,2024,No,N/A,N/A,," Front Damage, Rear Damage, Structural Damage, Selling De-Registered","Automatic,",5,Hybrid,https://manheim.co.nz/damaged-vehicles/000000000007440654/2024-toyota-corolla-sx-1-8ph-hd-hatch?referringPage=SearchResults
TRAYLA,Tandem,2018,No,$0,N/A,0," Front Damage, Rolled, Selling De-Registered",N/A,N/A,N/A,https://manheim.co.nz/damaged-vehicles/000000000007440664/2018-trayla-tandem-trailer?referringPage=SearchResults
Mazda,Verisa,2007,No,$650,N/A,," Rear Damage, Structural Damage, Selling De-Registered","Automatic,",5,Petrol,https://manheim.co.nz/damaged-vehicles/000000000007440665/2007-mazda-verisa-hatch?referringPage=SearchResults
Mazda,Axela,2005,Yes,$600,N/A,," Left Front Damage, Left Side Damage, Right Rear Damage, Right Side Damage, Selling Registered","4spd Automatic,",5,Petrol,https://manheim.co.nz/damaged-vehicles/000000000007420712/2005-mazda-axela-hatch?referringPage=SearchResults
Honda,CBR,2021,No,"$1,000",1,," Front Fork Damaged, Structural Damage, Selling De-Registered","Automatic,",N/A,Petrol,https://manheim.co.nz/damaged-vehicles/000000000007390754/2021-honda-cbr-650-p-motorcycle?referringPage=SearchResults
Holden,Adventra,2005,No,$700,N/A,," Right Rear Damage, Selling De-Registered","Automatic,",5,Petrol,https://manheim.co.nz/damaged-vehicles/000000000007430755/2005-holden-adventra-cx6-station-wagon?referringPage=SearchResults
Mazda,Axela,2009,No,$600,"96,058",," Front Damage, Structural Damage, Selling De-Registered","Automatic,",5,Petrol,https://manheim.co.nz/damaged-vehicles/000000000007430756/2009-mazda-axela-hatch?referringPage=SearchResults
Ford,Escape,2020,No,"$1,050","122,762",," Left Rear Damage, Rear Damage, Structural Damage, Selling De-Registered","Automatic,",2,Petrol,https://manheim.co.nz/damaged-vehicles/000000000007430772/2020-ford-escape-trend-awd-petrol-2--station-wagon?referringPage=SearchResults
Mitsubishi,Lancer,2012,No,$500,"125,483",," Front Damage, Left Front Damage, Left Rear Damage, Rear Damage, Structural Damage, Selling De-Registered","CVT,",5,Petrol,https://manheim.co.nz/damaged-vehicles/000000000007440786/2012-mitsubishi-lancer-2-0p-sei-hatch-auto-hatch?referringPage=SearchResults
Mazda,Demio,2012,No,$675,N/A,," Left Side Damage, Structural Damage, Selling De-Registered",N/A,5,Petrol,https://manheim.co.nz/damaged-vehicles/000000000007440819/2012-mazda-demio-hatch?referringPage=SearchResults
Toyota,RAV4,2013,No,$550,N/A,," Front Damage, Fire Damage, Structural Damage, Selling De-Registered","Automatic,",5,Petrol,https://manheim.co.nz/damaged-vehicles/000000000007440820/2013-toyota-rav4-station-wagon?referringPage=SearchResults
Toyota,Passo,2008,No,$0,N/A,," Left Rear Damage, Rear Damage, Right Rear Damage, Structural Damage, Selling De-Registered","Automatic,",5,Petrol,https://manheim.co.nz/damaged-vehicles/000000000007440849/2008-toyota-passo-hatch?referringPage=SearchResults
Toyota,Aqua,2016,No,$700,N/A,," Front Damage, Airbags Deployed, Structural Damage, Selling De-Registered","Automatic,",5,Hybrid,https://manheim.co.nz/damaged-vehicles/000000000007430848/2016-toyota-aqua-hatch?referringPage=SearchResults
Honda,Civic,2007,No,$500,"125,486",," Rear Damage, Structural Damage, Selling De-Registered",N/A,5,Petrol,https://manheim.co.nz/damaged-vehicles/000000000007440852/2007-honda-civic-sedan?referringPage=SearchResults
Volkswagen,Beetle,2014,No,"$1,300",N/A,," Front Damage, Structural Damage, Selling De-Registered","Automatic,",4,Petrol,https://manheim.co.nz/damaged-vehicles/000000000007440860/2014-volkswagen-beetle-hatch?referringPage=SearchResults
Holden,Cruze,2011,No,$800,"94,710",," Left Front Damage, Left Rear Damage, Right Rear Damage, Underbody Damage, Selling De-Registered","Automatic,",5,Petrol,https://manheim.co.nz/damaged-vehicles/000000000007440862/2011-holden-cruze-sedan?referringPage=SearchResults
Ford,Falcon,2009,No,$0,"64,563",, Selling De-Registered,"Automatic,",5,Petrol,https://manheim.co.nz/damaged-vehicles/000000000007440879/2009-ford-falcon-fg-xr6-sedan-a-sedan?referringPage=SearchResults
Tesla,Model 3,2022,No,N/A,N/A,," Rear Damage, Right Rear Damage, Structural Damage, Water Damage, Selling De-Registered","Automatic, Fuel Type, Electri",5,Electric,https://manheim.co.nz/damaged-vehicles/000000000007420872/2022-tesla-model-3-rear-wheel-drive-60-sedan?referringPage=SearchResults
Fiat,Abarth 595,2022,No,$800,N/A,," Front Damage, Airbags Deployed, Structural Damage, Selling De-Registered",N/A,4,Petrol,https://manheim.co.nz/damaged-vehicles/000000000007420879/2022-fiat-abarth-595-1-4pt-5at-hatch?referringPage=SearchResults
Toyota,Toyoace,1991,No,"$1,125","224,796",," Rolled, Structural Damage, Selling De-Registered","Manual,",3,Diesel,https://manheim.co.nz/damaged-vehicles/000000000007430884/1991-toyota-toyoace-g15-utility?referringPage=SearchResults
Ford,Falcon,2000,No,$500,N/A,," Right Front Damage, Right Rear Damage, Selling De-Registered","Automatic,",5,Petrol,https://manheim.co.nz/damaged-vehicles/000000000007440883/2000-ford-falcon-au-futura-w-station-wagon?referringPage=SearchResults
Nissan,Elgrand,2013,No,"$1,300","145,578",," Rear Damage, Structural Damage, Selling De-Registered","Automatic,",8,Petrol,https://manheim.co.nz/damaged-vehicles/000000000007440892/2013-nissan-elgrand-station-wagon?referringPage=SearchResults
Honda,Shuttle,2017,No,$700,"162,170",," Front Damage, Left Front Damage, Right Front Damage, Structural Damage, Selling De-Registered",N/A,5,Hybrid,https://manheim.co.nz/damaged-vehicles/000000000007440893/2017-honda-shuttle-hatch?referringPage=SearchResults
Nissan,Caravan,2005,No,$500,"339,564",," Engine Damage, Left Rear Damage, Left Side Damage, Stolen & Recovered, Selling De-Registered","Automatic,",3,Petrol,https://manheim.co.nz/damaged-vehicles/000000000007420894/2005-nissan-caravan-van?referringPage=SearchResults
Toyota,Hilux,2017,No,N/A,"136,389",," Chassis Damage, Front Damage, Airbags Deployed, Structural Damage, Selling De-Registered","Automatic,",5,Diesel,https://manheim.co.nz/damaged-vehicles/000000000007440912/2017-toyota-hilux-utility?referringPage=SearchResults
BMW,Misc,1995,No,"$2,150",N/A,0," Fire Damage Internal, Structural Damage, Fire Damaged, Selling De-Registered",N/A,N/A,N/A,https://manheim.co.nz/damaged-vehicles/000000000007440915/1995-bmw-misc-trailer--boat-?referringPage=SearchResults
Toyota,Corolla,2017,No,"$2,300",N/A,," Left Side Damage, Structural Damage, Selling De-Registered","Automatic,",5,Petrol,https://manheim.co.nz/damaged-vehicles/000000000007440931/2017-toyota-corolla-hatch?referringPage=SearchResults
Honda,Stream,2008,No,$600,"154,500",," Right Front Damage, Structural Damage, Selling De-Registered",N/A,7,Petrol,https://manheim.co.nz/damaged-vehicles/000000000007440939/2008-honda-stream-station-wagon?referringPage=SearchResults
Toyota,Aqua,2012,No,"$1,250",N/A,," Rear Damage, Structural Damage, Selling De-Registered","Automatic,",5,Hybrid,https://manheim.co.nz/damaged-vehicles/000000000007430934/2012-toyota-aqua-hybrid-hatch?referringPage=SearchResults
Citroen,C5,2014,No,$500,"251,456",," Rear Damage, Roof Damage, Structural Damage, Selling De-Registered","6spd Automatic,",5,Diesel,https://manheim.co.nz/damaged-vehicles/000000000007430936/2014-citroen-c5-2-0exclusivetourer-station-wagon?referringPage=SearchResults
Mazda,Demio,2006,Yes,$600,"192,355",, Selling Registered,"Automatic,",5,Petrol,https://manheim.co.nz/damaged-vehicles/000000000007430945/2006-mazda-demio-hatch?referringPage=SearchResults
Audi,A3,2011,No,"$1,500","134,582",, Selling De-Registered,"Automatic,",5,Petrol,https://manheim.co.nz/damaged-vehicles/000000000007430954/2011-audi-a3-2-0t-quattro-hatch?referringPage=SearchResults
Ssangyong,Actyon,2015,No,$800,"364,743",," Right Side Damage, Structural Damage, Selling De-Registered","Automatic,",5,Diesel,https://manheim.co.nz/damaged-vehicles/000000000007430966/2015-ssangyong-actyon-sport-auto-2-0d-4wd-dual-cab-utility?referringPage=SearchResults
Ford,Ranger,2019,No,$25,N/A,," Fire Damage, Structural Damage, Selling De-Registered","Automatic,",5,Diesel,https://manheim.co.nz/damaged-vehicles/000000000007440960/2019-ford-ranger-xlt-double-cab-w-sa-dual-cab-utility?referringPage=SearchResults
Toyota,Aqua,2014,No,"$1,050",N/A,," Front Damage, Rear Damage, Structural Damage, Selling De-Registered","Automatic,",5,Hybrid,https://manheim.co.nz/damaged-vehicles/000000000007440976/2014-toyota-aqua-hatch?referringPage=SearchResults
Toyota,Alphard,2004,No,"$1,050","205,159",," Front Damage, Left Front Damage, Left Rear Damage, Right Front Damage, Structural Damage, Selling De-Registered","Automatic,",2,Petrol,https://manheim.co.nz/damaged-vehicles/000000000007440979/2004-toyota-alphard-g-station-wagon?referringPage=SearchResults
Toyota,Camry,2013,No,$0,N/A,," Left Side Damage, Rear Damage, Structural Damage, Selling De-Registered","Automatic,",5,Petrol,https://manheim.co.nz/damaged-vehicles/000000000007420974/2013-toyota-camry-gl-2-5p-sdn-6a-sedan?referringPage=SearchResults
Ford,Fiesta,2012,No,$650,"17,000",," Left Front Damage, Left Side Damage, Right Front Damage, Right Side Damage, Airbags Deployed, Selling De-Registered","5spd Manual,",5,Petrol,https://manheim.co.nz/damaged-vehicles/000000000007401004/2012-ford-fiesta-5dr-1-6-m-zetec-hatch?referringPage=SearchResults
BMW,325i,2009,No,$0,"151,508",," Right Side Damage, Structural Damage, Selling De-Registered",N/A,5,Petrol,https://manheim.co.nz/damaged-vehicles/000000000007441041/2009-bmw-325i-sedan?referringPage=SearchResults
Mazda,Axela,2006,No,$500,"140,412",," Left Front Damage, Left Rear Damage, Left Side Damage, Rear Damage, Roof Damage, Right Front Damage, Right Rear Damage, Right Side Damage, Structural Damage, Selling De-Registered","Automatic,",5,Petrol,https://manheim.co.nz/damaged-vehicles/000000000007441097/2006-mazda-axela-hatch?referringPage=SearchResults
Mazda,Bongo,2013,No,$0,"230,414",," Structural Damage, Stolen & Recovered, Selling De-Registered","Automatic,",5,Petrol,https://manheim.co.nz/damaged-vehicles/000000000007441099/2013-mazda-bongo-van?referringPage=SearchResults
Nissan,Leaf,2014,No,$500,N/A,," Front Damage, Structural Damage, Selling De-Registered","Automatic, Drive Type, Front Wheel Drive, Fuel Type, Electri",5,Electric,https://manheim.co.nz/damaged-vehicles/000000000007441100/2014-nissan-leaf-hatch?referringPage=SearchResults
Ford,Focus,2016,No,"$1,300",N/A,," Front Damage, Rear Damage, Structural Damage, Selling De-Registered","Automatic,",5,Petrol,https://manheim.co.nz/damaged-vehicles/000000000007441131/2016-ford-focus-trend-1-5p-6at-ha-5-hatch?referringPage=SearchResults
Honda,Jazz,2008,No,$550,N/A,," Front Damage, Left Side Damage, Roof Damage, Right Side Damage, Structural Damage, Selling De-Registered","5spd Automatic,",5,Petrol,https://manheim.co.nz/damaged-vehicles/000000000007441138/2008-honda-jazz-sport-hatch?referringPage=SearchResults
Mitsubishi,Colt,2008,No,$400,"167,071",," Front Damage, Structural Damage, Selling De-Registered",N/A,5,Petrol,https://manheim.co.nz/damaged-vehicles/000000000007441139/2008-mitsubishi-colt-plus-station-wagon?referringPage=SearchResults
Subaru,Impreza,2001,Yes,$625,"237,440",, Selling Registered,"4spd Automatic,",5,Petrol,https://manheim.co.nz/damaged-vehicles/000000000007431136/2001-subaru-impreza-20-n-station-wagon?referringPage=SearchResults
Toyota,Hilux,1996,No,"$1,550","328,624",," Chassis Damage, Front Damage, Left Rear Damage, Structural Damage, Selling De-Registered","5spd Automatic,",5,Diesel,https://manheim.co.nz/damaged-vehicles/000000000007441152/1996-toyota-hilux-surf-station-wagon?referringPage=SearchResults
Nissan,Lafesta,2013,No,$650,"136,727",," Left Front Damage, Structural Damage, Selling De-Registered",N/A,7,Petrol,https://manheim.co.nz/damaged-vehicles/000000000007441163/2013-nissan-lafesta-station-wagon?referringPage=SearchResults
Honda,CRV,2004,No,$625,"190,750",," Front Damage, Left Side Damage, Structural Damage, Selling De-Registered","Automatic,",5,Petrol,https://manheim.co.nz/damaged-vehicles/000000000007441172/2004-honda-crv-hatch?referringPage=SearchResults
Volkswagen,Golf,2010,No,$500,"95,626",," Right Front Damage, Structural Damage, Selling De-Registered","5spd Automatic,",5,Petrol,https://manheim.co.nz/damaged-vehicles/000000000007441175/2010-volkswagen-golf-tsi-118kw-7dsg-hatch?referringPage=SearchResults
Mitsubishi,Colt,2009,No,$625,N/A,," Front Damage, Left Front Damage, Left Side Damage, Structural Damage, Selling De-Registered",N/A,5,Petrol,https://manheim.co.nz/damaged-vehicles/000000000007441178/2009-mitsubishi-colt-plus-1-5p-ls-5dr-hatch?referringPage=SearchResults
Toyota,Ractis,2013,No,$850,"52,954",," Right Front Damage, Right Side Damage, Structural Damage, Selling De-Registered","Automatic,",5,Petrol,https://manheim.co.nz/damaged-vehicles/000000000007441179/2013-toyota-ractis-hatch?referringPage=SearchResults
Mitsubishi,Outlander,2006,No,$950,"136,094",," Left Front Damage, Left Side Damage, Structural Damage, Suspension Damage, Selling De-Registered","Automatic,",7,Petrol,https://manheim.co.nz/damaged-vehicles/000000000007421174/2006-mitsubishi-outlander-station-wagon?referringPage=SearchResults
Toyota,Prius,2015,No,$700,"326,869",," Left Side Damage, Structural Damage, Selling De-Registered",N/A,5,Hybrid,https://manheim.co.nz/damaged-vehicles/000000000007431184/2015-toyota-prius-hatch?referringPage=SearchResults
Nissan,Cube,2005,No,$600,"259,900",," Rear Damage, Structural Damage, Selling De-Registered",N/A,5,Petrol,https://manheim.co.nz/damaged-vehicles/000000000007431188/2005-nissan-cube-hatch?referringPage=SearchResults
Mazda,CX-7,2007,No,$500,N/A,," Right Front Damage, Structural Damage, Selling De-Registered","Automatic,",5,Petrol,https://manheim.co.nz/damaged-vehicles/000000000007431198/2007-mazda-cx-7-station-wagon?referringPage=SearchResults
Nissan,Tiida,2008,Yes,"$2,050",N/A,," Left Side Damage, Vandalised - Interior, Stolen & Recovered, Selling Registered","Automatic,",5,Petrol,https://manheim.co.nz/damaged-vehicles/000000000007431203/2008-nissan-tiida-hatch?referringPage=SearchResults
Toyota,Corolla,2006,Yes,$0,"137,325",," Glass Broken, Ignition Damage, Left Rear Damage, Stolen & Recovered, Selling Registered","4spd Automatic,",5,Petrol,https://manheim.co.nz/damaged-vehicles/000000000007441204/2006-toyota-corolla-1-8p-gl-hatch5-4a-hatch?referringPage=SearchResults
Toyota,Prius,2009,No,$700,"138,771",," Front Damage, Structural Damage, Selling De-Registered","Automatic,",5,Hybrid,https://manheim.co.nz/damaged-vehicles/000000000007441208/2009-toyota-prius-hatch?referringPage=SearchResults
BMW,320i,2015,No,"$1,550",N/A,," Front Damage, Structural Damage, Selling De-Registered","Automatic,",5,Petrol,https://manheim.co.nz/damaged-vehicles/000000000007441210/2015-bmw-320i-sedan?referringPage=SearchResults
Audi,Q3,2015,No,"$1,000",N/A,," Front Damage, Left Front Damage, Left Side Damage, Right Front Damage, Right Side Damage, Structural Damage, Suspension Damage, Selling De-Registered","Automatic,",5,Petrol,https://manheim.co.nz/damaged-vehicles/000000000007431229/2015-audi-q3-station-wagon?referringPage=SearchResults
Toyota,Vitz,2007,Yes,$0,"127,386",," Ignition Damage, Dismantled - Interior, Stolen & Recovered, Selling Registered","Automatic,",5,Petrol,https://manheim.co.nz/damaged-vehicles/000000000007441232/2007-toyota-vitz-rs-hatch?referringPage=SearchResults
Mazda,Axela,2004,No,$500,"237,246",," Left Front Damage, Left Rear Damage, Right Front Damage, Structural Damage, Selling De-Registered","Automatic,",5,Petrol,https://manheim.co.nz/damaged-vehicles/000000000007441235/2004-mazda-axela-hatch?referringPage=SearchResults
MINI,Cooper,2002,Yes,$550,"164,303",," Right Side Damage, Selling Registered",N/A,4,Petrol,https://manheim.co.nz/damaged-vehicles/000000000007441278/2002-mini-cooper-sedan?referringPage=SearchResults
Nissan,March,2006,No,$150,"151,939",," Right Rear Damage, Structural Damage, Selling De-Registered",N/A,5,Petrol,https://manheim.co.nz/damaged-vehicles/000000000007441280/2006-nissan-march-hatch?referringPage=SearchResults
Mazda,Axela,2006,No,$700,"262,506",," Left Front Damage, Structural Damage, Selling De-Registered","Automatic,",5,Petrol,https://manheim.co.nz/damaged-vehicles/000000000007431294/2006-mazda-axela-hatch?referringPage=SearchResults
Toyota,Aqua,2014,No,$500,"198,886",," Left Side Damage, Right Front Damage, Structural Damage, Selling De-Registered","Automatic,",5,Hybrid,https://manheim.co.nz/damaged-vehicles/000000000007431295/2014-toyota-aqua-hatch?referringPage=SearchResults
Suzuki,Swift,2014,No,$0,N/A,," Right Front Damage, Airbags Deployed, Structural Damage, Selling De-Registered","Automatic,",5,Petrol,https://manheim.co.nz/damaged-vehicles/000000000007371309/2014-suzuki-swift-hatch?referringPage=SearchResults
Yamaha,MT03LA,2019,No,$200,1,," Structural Damage, Selling De-Registered",N/A,N/A,Petrol,https://manheim.co.nz/damaged-vehicles/000000000007401316/2019-yamaha-mt03la-k-motorcycle?referringPage=SearchResults
Toyota,IST,2005,No,"$1,150","178,812",," Right Rear Damage, Structural Damage, Selling De-Registered","Automatic,",5,Petrol,https://manheim.co.nz/damaged-vehicles/000000000007441375/2005-toyota-ist-hatch?referringPage=SearchResults
Nissan,Note,2005,No,$525,N/A,," Front Damage, Rear Damage, Structural Damage, Selling De-Registered",N/A,5,Petrol,https://manheim.co.nz/damaged-vehicles/000000000007441376/2005-nissan-note-hatch?referringPage=SearchResults
Mitsubishi,ASX,2019,No,"$1,700","59,875",," Rear Damage, Structural Damage, Selling De-Registered","CVT,",5,Petrol,https://manheim.co.nz/damaged-vehicles/000000000007441379/2019-mitsubishi-asx-xls-2-0p-cvt-station-wagon?referringPage=SearchResults
Toyota,Camry,2020,No,N/A,"94,747",," Rolled, Structural Damage, Selling De-Registered",N/A,5,Hybrid,https://manheim.co.nz/damaged-vehicles/000000000007441380/2020-toyota-camry-zr-2-5ph-cvt-sedan?referringPage=SearchResults
Hyundai,Iload,2019,No,"$1,300",N/A,," Front Damage, Left Side Damage, Rear Damage, Airbags Deployed, Structural Damage, Selling De-Registered","Automatic,",3,Diesel,https://manheim.co.nz/damaged-vehicles/000000000007441382/2019-hyundai-iload-van?referringPage=SearchResults
Toyota,Yaris,2020,No,N/A,N/A,," Front Damage, Rear Damage, Structural Damage, Selling De-Registered","Automatic,",5,Hybrid,https://manheim.co.nz/damaged-vehicles/000000000007441393/2020-toyota-yaris-hatch?referringPage=SearchResults
Audi,Q5,2012,No,"$2,300",N/A,," Rear Damage, Right Rear Damage, Suspension Damage, Selling De-Registered","Automatic,",5,Diesel,https://manheim.co.nz/damaged-vehicles/000000000007441395/2012-audi-q5-station-wagon?referringPage=SearchResults
Nissan,Leaf,2017,No,N/A,"118,383",," Structural Damage, Water Damage, Selling De-Registered",N/A,5,Electric,https://manheim.co.nz/damaged-vehicles/000000000007441401/2017-nissan-leaf-hatch?referringPage=SearchResults
LDV,T60,2019,No,N/A,"170,047",," Right Front Damage, Structural Damage, Selling De-Registered",N/A,5,Diesel,https://manheim.co.nz/damaged-vehicles/000000000007441402/2019-ldv-t60-4wd-mt-2-8dt-4wd-6m-dual-cab-utility?referringPage=SearchResults
Honda,fit,2014,No,$650,"131,221",," Front Damage, Vandalised - Entire Vehicle, Structural Damage, Selling De-Registered","Automatic,",5,Hybrid,https://manheim.co.nz/damaged-vehicles/000000000007441414/2014-honda-fit-hatch?referringPage=SearchResults
Toyota,Aqua,2017,No,$750,N/A,," Front Damage, Airbags Deployed, Structural Damage, Selling De-Registered","CVT,",5,Hybrid,https://manheim.co.nz/damaged-vehicles/000000000007431413/2017-toyota-aqua-hybrid-hatch?referringPage=SearchResults
Nissan,Primera,2002,No,$400,N/A,," Front Damage, Left Front Damage, Left Side Damage, Rear Damage, Roof Damage, Right Front Damage, Rolled, Right Rear Damage, Right Side Damage, Structural Damage, Selling De-Registered","4spd Automatic,",5,Petrol,https://manheim.co.nz/damaged-vehicles/000000000007441427/2002-nissan-primera-sedan?referringPage=SearchResults
Mazda,Demio,2012,Yes,"$2,050",N/A,," Ignition Damage, Left Front Damage, Right Rear Damage, Right Side Damage, Vandalised - Interior, Stolen & Recovered, Selling Registered","Automatic,",5,Petrol,https://manheim.co.nz/damaged-vehicles/000000000007441434/2012-mazda-demio-hatch?referringPage=SearchResults
Mercedes-Benz,A180,2013,No,$0,"131,429",," Front Damage, Glass Broken, Right Front Damage, Structural Damage, Selling De-Registered","Automatic,",5,Petrol,https://manheim.co.nz/damaged-vehicles/000000000007441439/2013-mercedes-benz-a180-hatch?referringPage=SearchResults
Holden,Commodore,2017,No,"$1,500","306,206",," Front Damage, Left Front Damage, Right Front Damage, Structural Damage, Selling De-Registered","Automatic,",5,Petrol,https://manheim.co.nz/damaged-vehicles/000000000007431446/2017-holden-commodore-vf2-sv6-3-6p-6at-sedan?referringPage=SearchResults
Toyota,Corolla,2015,No,$0,N/A,," Left Side Damage, Structural Damage, Selling De-Registered",N/A,5,Hybrid,https://manheim.co.nz/damaged-vehicles/000000000007431457/2015-toyota-corolla-fielder-hybrid-station-wagon?referringPage=SearchResults
Audi,Q7,2008,Yes,"$1,600",N/A,," Engine Damage, Fire Damage, Right Rear Damage, Right Side Damage, Selling Registered","Automatic,",7,Petrol,https://manheim.co.nz/damaged-vehicles/000000000007431464/2008-audi-q7-3-6-quattro-s-line-station-wagon?referringPage=SearchResults
Nissan,Note,2006,No,$500,"149,777",," Rear Damage, Structural Damage, Selling De-Registered","Automatic,",5,Petrol,https://manheim.co.nz/damaged-vehicles/000000000007441478/2006-nissan-note-station-wagon?referringPage=SearchResults
Ford,Telstar GL,1990,No,$325,N/A,," Fire Damage, Fire - Interior, Selling De-Registered","Automatic,",5,Petrol,https://manheim.co.nz/damaged-vehicles/000000000007441494/1990-ford-telstar-gl-sedan?referringPage=SearchResults
Toyota,Aqua,2014,No,$750,N/A,," Front Damage, Ignition Damage, Left Side Damage, Vandalised - Interior, Structural Damage, Stolen & Recovered, Selling De-Registered","Automatic,",5,Hybrid,https://manheim.co.nz/damaged-vehicles/000000000007441500/2014-toyota-aqua-hatch?referringPage=SearchResults
Mazda,Atenza,2006,No,$600,N/A,," Right Front Damage, Right Side Damage, Airbags Deployed, Structural Damage, Selling De-Registered","Automatic,",5,Petrol,https://manheim.co.nz/damaged-vehicles/000000000007441512/2006-mazda-atenza-station-wagon?referringPage=SearchResults
Toyota,SAI,2010,No,"$1,300",N/A,," Rear Damage, Structural Damage, Selling De-Registered",N/A,5,Hybrid,https://manheim.co.nz/damaged-vehicles/000000000007441514/2010-toyota-sai-hybrid-sedan?referringPage=SearchResults
Kawasaki,KLX,2018,No,$0,N/A,," Interior Damage, Ignition Damage, Tank Damage, Structural Damage, Selling De-Registered",N/A,N/A,Petrol,https://manheim.co.nz/damaged-vehicles/000000000007421512/2018-kawasaki-klx-250s-motorcycle?referringPage=SearchResults
Toyota,Yaris,2014,No,"$1,000","160,400",," Front Damage, Right Front Damage, Structural Damage, Selling De-Registered","5spd Manual,",5,Petrol,https://manheim.co.nz/damaged-vehicles/000000000007421516/2014-toyota-yaris-yr-1-3p-hatch5-5m-hatch?referringPage=SearchResults
Renault,Lutecia,2007,No,$600,"123,578",," Right Rear Damage, Structural Damage, Suspension Damage, Selling De-Registered","Automatic,",5,Petrol,https://manheim.co.nz/damaged-vehicles/000000000007421524/2007-renault-lutecia-hatch?referringPage=SearchResults
Hyundai,I30,2009,Yes,$700,N/A,," Left Front Damage, Roof Damage, Selling Registered","4spd Automatic,",5,Petrol,https://manheim.co.nz/damaged-vehicles/000000000007441523/2009-hyundai-i30-hatch?referringPage=SearchResults
Holden,Astra,2004,Yes,$600,N/A,," Left Front Damage, Left Side Damage, Selling Registered","4spd Automatic,",5,Petrol,https://manheim.co.nz/damaged-vehicles/000000000007441528/2004-holden-astra-city-hatch-auto-hatch?referringPage=SearchResults
Mazda,Atenza,2002,Yes,$625,"197,566",," Right Front Damage, Suspension Damage, Selling Registered","Automatic,",5,Petrol,https://manheim.co.nz/damaged-vehicles/000000000007441538/2002-mazda-atenza-station-wagon?referringPage=SearchResults
Lexus,IS350,2007,No,"$1,150",N/A,," Rear Damage, Structural Damage, Selling De-Registered","Automatic,",5,Petrol,https://manheim.co.nz/damaged-vehicles/000000000007441554/2007-lexus-is350-sedan?referringPage=SearchResults
Mazda,MAZDA6,2013,Yes,$0,"272,901",," Front Damage, Rear Damage, Right Front Damage, Stolen & Recovered, Selling Registered","Automatic,",5,Petrol,https://manheim.co.nz/damaged-vehicles/000000000007441555/2013-mazda-mazda6-sdn-gsx-2-5-6at-ptr-sedan?referringPage=SearchResults
Toyota,Aqua,2016,No,"$1,300",N/A,," Front Damage, Ignition Damage, Rear Damage, Structural Damage, Stolen & Recovered, Selling De-Registered","Automatic,",5,Hybrid,https://manheim.co.nz/damaged-vehicles/000000000007441557/2016-toyota-aqua-hybrid-hatch?referringPage=SearchResults
Mitsubishi,Outlander,2006,No,$500,"277,314",," Front Damage, Glass Broken, Structural Damage, Selling De-Registered","CVT,",7,Petrol,https://manheim.co.nz/damaged-vehicles/000000000007441562/2006-mitsubishi-outlander-station-wagon?referringPage=SearchResults
Mazda,CX-3,2016,No,$700,N/A,," Airbags Deployed, Chassis Damage, Front Damage, Right Side Damage, Structural Damage, Suspension Damage, Selling De-Registered","Automatic,",5,Petrol,https://manheim.co.nz/damaged-vehicles/000000000007441567/2016-mazda-cx-3-limited-2-0p-6at-sw-station-wagon?referringPage=SearchResults
Audi,A4,2010,No,$500,N/A,," Right Front Damage, Right Side Damage, Structural Damage, Suspension Damage, Selling De-Registered",N/A,5,Petrol,https://manheim.co.nz/damaged-vehicles/000000000007431561/2010-audi-a4-avant-station-wagon?referringPage=SearchResults
Ford,Focus,2018,No,$800,"115,276",," Left Rear Damage, Structural Damage, Selling De-Registered",N/A,5,Petrol,https://manheim.co.nz/damaged-vehicles/000000000007431574/2018-ford-focus-sport-1-5p-6at-hatch?referringPage=SearchResults
Ford,Courier,2006,No,$1,N/A,," Vandalised - Entire Vehicle, Dismantled - Entire Vehicle, Structural Damage, Stolen & Recovered, Stolen & Stripped, Selling De-Registered","Automatic,",5,Diesel,https://manheim.co.nz/damaged-vehicles/000000000007421570/2006-ford-courier-2-5td-xlx-cr-w-s-4x-dual-cab-utility?referringPage=SearchResults
Mitsubishi,ASX,2021,No,"$1,400","66,819",," Front Damage, Airbags Deployed, Structural Damage, Selling De-Registered","Automatic,",5,Petrol,https://manheim.co.nz/damaged-vehicles/000000000007441570/2021-mitsubishi-asx-station-wagon?referringPage=SearchResults
Nissan,Serena,2012,No,$0,"127,082",," Front Damage, Left Front Damage, Right Front Damage, Structural Damage, Selling De-Registered","Automatic,",8,Hybrid,https://manheim.co.nz/damaged-vehicles/000000000007441572/2012-nissan-serena-station-wagon?referringPage=SearchResults
Nissan,Teana,2004,No,$600,"215,108",," Left Side Damage, Structural Damage, Selling De-Registered","Automatic,",5,Petrol,https://manheim.co.nz/damaged-vehicles/000000000007441583/2004-nissan-teana-sedan?referringPage=SearchResults
Opel,Astra,2023,No,$675,N/A,," Front Damage, Structural Damage, Selling De-Registered","Automatic,",5,Petrol,https://manheim.co.nz/damaged-vehicles/000000000007441589/2023-opel-astra-sri-1-2pt-8at-ha-hatch?referringPage=SearchResults
Subaru,XV,2016,No,$0,N/A,," Front Damage, Rear Damage, Structural Damage, Selling De-Registered","Automatic,",5,Petrol,https://manheim.co.nz/damaged-vehicles/000000000007431587/2016-subaru-xv-hatch?referringPage=SearchResults
Suzuki,Swift,2012,No,$725,"116,077",," Front Damage, Glass Broken, Structural Damage, Selling De-Registered","CVT,",5,Petrol,https://manheim.co.nz/damaged-vehicles/000000000007431592/2012-suzuki-swift-hatch?referringPage=SearchResults
Hyundai,Accent,2015,No,$800,"135,458",," Left Front Damage, Left Side Damage, Structural Damage, Selling De-Registered","5spd Automatic,",5,Petrol,https://manheim.co.nz/damaged-vehicles/000000000007441593/2015-hyundai-accent-1-6-5d-a4-hatch?referringPage=SearchResults
Mazda,MPV,2006,No,$600,N/A,," Rear Damage, Right Rear Damage, Right Side Damage, Structural Damage, Selling De-Registered","Automatic,",8,Petrol,https://manheim.co.nz/damaged-vehicles/000000000007441594/2006-mazda-mpv-station-wagon?referringPage=SearchResults
Mazda,Axela,2013,No,$75,N/A,," Airbags Deployed, Front Damage, Structural Damage, Selling De-Registered",N/A,5,Petrol,https://manheim.co.nz/damaged-vehicles/000000000007441596/2013-mazda-axela-hatch?referringPage=SearchResults
Toyota,Corolla,2004,No,$500,"250,661",," Front Damage, Left Side Damage, Structural Damage, Selling De-Registered","5spd Manual,",5,Petrol,https://manheim.co.nz/damaged-vehicles/000000000007441597/2004-toyota-corolla-x-station-wagon?referringPage=SearchResults
Honda,Jazz,2006,No,$50,"226,618",," Structural Damage, Selling De-Registered",N/A,5,Petrol,https://manheim.co.nz/damaged-vehicles/000000000007441600/2006-honda-jazz-sport-hatch?referringPage=SearchResults
Toyota,Wish,2010,No,"$1,550","119,110",," Rear Damage, Structural Damage, Selling De-Registered","Automatic,",7,Petrol,https://manheim.co.nz/damaged-vehicles/000000000007441612/2010-toyota-wish-station-wagon?referringPage=SearchResults
Toyota,Aqua,2013,No,$0,N/A,," Front Damage, Glass Broken, Left Front Damage, Structural Damage, Suspension Damage, Selling De-Registered","CVT,",5,Hybrid,https://manheim.co.nz/damaged-vehicles/000000000007441617/2013-toyota-aqua-hybrid-hatch?referringPage=SearchResults
Nissan,Wingroad,2006,No,$0,"179,102",," Left Front Damage, Left Side Damage, Structural Damage, Suspension Damage, Selling De-Registered",N/A,5,Petrol,https://manheim.co.nz/damaged-vehicles/000000000007431619/2006-nissan-wingroad-station-wagon?referringPage=SearchResults
Toyota,Corolla,2012,No,$700,"267,782",," Front Damage, Structural Damage, Selling De-Registered","Automatic,",5,Petrol,https://manheim.co.nz/damaged-vehicles/000000000007431623/2012-toyota-corolla-1-8p-gx-hatch-5-6m-hatch?referringPage=SearchResults
Mazda,Demio,2005,No,$600,N/A,," Right Rear Damage, Structural Damage, Selling De-Registered","Automatic,",5,Petrol,https://manheim.co.nz/damaged-vehicles/000000000007441747/2005-mazda-demio-hatch?referringPage=SearchResults
Mazda,Axela,2004,No,$650,N/A,," Right Front Damage, Structural Damage, Selling De-Registered","Automatic,",5,Petrol,https://manheim.co.nz/damaged-vehicles/000000000007441748/2004-mazda-axela-hatch?referringPage=SearchResults
Suzuki,Swift,2005,No,$200,"185,413",," Front Damage, Structural Damage, Selling De-Registered","4spd Automatic,",5,Petrol,https://manheim.co.nz/damaged-vehicles/000000000007441749/2005-suzuki-swift-hatch?referringPage=SearchResults
Volkswagen,T5,2008,No,$500,N/A,," Front Damage, Structural Damage, Selling De-Registered","Automatic,",3,Diesel,https://manheim.co.nz/damaged-vehicles/000000000007431755/2008-volkswagen-t5-lwb-1-9-tdi-man-van?referringPage=SearchResults
Toyota,Yaris,2013,No,"$1,050",N/A,," Rear Damage, Selling De-Registered","Manual,",5,Petrol,https://manheim.co.nz/damaged-vehicles/000000000007421766/2013-toyota-yaris-yr-1-3p-hatch5-5m-hatch?referringPage=SearchResults
Mazda,CX-5,2013,No,"$1,050",1,, Selling De-Registered,N/A,5,Diesel,https://manheim.co.nz/damaged-vehicles/000000000007431840/2013-mazda-cx-5-hatch?referringPage=SearchResults
Toyota,Aqua,2013,No,$750,N/A,," Front Damage, Structural Damage, Selling De-Registered",N/A,5,Hybrid,https://manheim.co.nz/damaged-vehicles/000000000007391851/2013-toyota-aqua-hatch?referringPage=SearchResults
Nissan,X-trail ST 2.5P/6CVT/SW/5DR S,2014,No,"$1,500",N/A,," Front Damage, Right Rear Damage, Right Side Damage, Structural Damage, Selling De-Registered","Automatic,",7,Petrol,https://manheim.co.nz/damaged-vehicles/000000000007441854/2014-nissan-x-trail-st-2-5p-6cvt-sw-5dr-s-station-wagon?referringPage=SearchResults
Toyota,Wish,2010,No,$750,N/A,," Chassis Damage, Rear Damage, Structural Damage, Selling De-Registered","Automatic,",7,Petrol,https://manheim.co.nz/damaged-vehicles/000000000007441856/2010-toyota-wish-station-wagon?referringPage=SearchResults
Nissan,Vanette,2018,No,"$1,300",N/A,," Structural Damage, Stolen & Recovered, Selling De-Registered","Automatic,",5,Petrol,https://manheim.co.nz/damaged-vehicles/000000000007441857/2018-nissan-vanette-utility?referringPage=SearchResults
Toyota,Camry,2005,No,$650,N/A,," Front Damage, Rear Damage, Structural Damage, Selling De-Registered","Automatic,",5,Petrol,https://manheim.co.nz/damaged-vehicles/000000000007441859/2005-toyota-camry-2-4p-altise-sedan-4-sedan?referringPage=SearchResults
Toyota,Camry,2014,No,$600,"505,431",," Front Damage, Structural Damage, Under Body Damage, Selling De-Registered",N/A,5,Hybrid,https://manheim.co.nz/damaged-vehicles/000000000007441885/2014-toyota-camry-2-5hybrid-i-tech-cv-sedan?referringPage=SearchResults
Suzuki,Swift,2006,No,$575,"140,690",," Front Damage, Left Front Damage, Left Rear Damage, Left Side Damage, Rear Damage, Right Side Damage, Structural Damage, Selling De-Registered","5spd Manual,",5,Petrol,https://manheim.co.nz/damaged-vehicles/000000000007441886/2006-suzuki-swift-hatch?referringPage=SearchResults
Ford,Escape,2018,No,$950,"85,015",," Front Damage, Structural Damage, Selling De-Registered","6spd Automatic,",5,Petrol,https://manheim.co.nz/damaged-vehicles/000000000007441887/2018-ford-escape-trend-fwd-petrol-1--station-wagon?referringPage=SearchResults
Mazda,Axela,2005,No,$0,"222,336",," Front Damage, Structural Damage, Selling De-Registered","Automatic,",5,Petrol,https://manheim.co.nz/damaged-vehicles/000000000007441888/2005-mazda-axela-sedan?referringPage=SearchResults
Nissan,Pulsar,1999,Yes,$225,"234,703",," Right Side Damage, Selling Registered","3spd Automatic,",5,Petrol,https://manheim.co.nz/damaged-vehicles/000000000007441912/1999-nissan-pulsar-hatch?referringPage=SearchResults
MG,ZS,2022,No,"$1,900","22,725",," Left Rear Damage, Right Rear Damage, Structural Damage, Selling De-Registered","Automatic,",5,Petrol,https://manheim.co.nz/damaged-vehicles/000000000007441913/2022-mg-zs-t-essence-1-3pt-6at-station-wagon?referringPage=SearchResults
Mazda,Axela,2005,No,$650,N/A,," Right Side Damage, Structural Damage, Selling De-Registered",N/A,5,Petrol,https://manheim.co.nz/damaged-vehicles/000000000007441916/2005-mazda-axela-hatch?referringPage=SearchResults
Toyota,Prius,2017,No,N/A,"233,318",," Left Rear Damage, Rear Damage, Structural Damage, Selling De-Registered","CVT,",5,Hybrid,https://manheim.co.nz/damaged-vehicles/000000000007441917/2017-toyota-prius-hatch?referringPage=SearchResults
Ford,Fiesta,2004,No,$500,"103,600",," Left Rear Damage, Rear Damage, Right Rear Damage, Structural Damage, Selling De-Registered","Automatic,",5,Petrol,https://manheim.co.nz/damaged-vehicles/000000000007441918/2004-ford-fiesta-5dr-1-6-a-hatch?referringPage=SearchResults
Toyota,Prius,2013,No,"$1,350","166,426",," Front Damage, Structural Damage, Selling De-Registered","Automatic,",5,Hybrid,https://manheim.co.nz/damaged-vehicles/000000000007441919/2013-toyota-prius-hybird-hatch?referringPage=SearchResults
Toyota,Corolla,2002,No,$650,N/A,," Right Rear Damage, Structural Damage, Selling De-Registered","Automatic,",5,Petrol,https://manheim.co.nz/damaged-vehicles/000000000007441920/2002-toyota-corolla-1-8p-gl-hatch5-4a-hatch?referringPage=SearchResults
Toyota,Corolla,2006,Yes,"$1,300","223,540",," Left Front Damage, Left Rear Damage, Left Side Damage, Selling Registered","Automatic,",5,Petrol,https://manheim.co.nz/damaged-vehicles/000000000007441941/2006-toyota-corolla-1-8p-gl-wagon5-4a-station-wagon?referringPage=SearchResults
Toyota,Aqua,2014,No,$400,N/A,," Engine Damage, Fire Damage, Fire - Engine, Structural Damage, Under Bonnet Fire, Selling De-Registered",N/A,5,Hybrid,https://manheim.co.nz/damaged-vehicles/000000000007441943/2014-toyota-aqua-hatch?referringPage=SearchResults
Nissan,Maxima,2000,No,$0,"278,011",," Front Damage, Left Side Damage, Right Front Damage, Selling De-Registered","Automatic,",5,Petrol,https://manheim.co.nz/damaged-vehicles/000000000007441944/2000-nissan-maxima-sedan?referringPage=SearchResults
Toyota,Aqua,2014,No,$700,"72,335",," Left Front Damage, Left Side Damage, Airbags Deployed, Structural Damage, Selling De-Registered","Automatic,",5,Hybrid,https://manheim.co.nz/damaged-vehicles/000000000007441948/2014-toyota-aqua-hatch?referringPage=SearchResults
Honda,Accord,2007,No,$500,"189,222",," Left Front Damage, Structural Damage, Selling De-Registered","5spd Automatic,",5,Petrol,https://manheim.co.nz/damaged-vehicles/000000000007441949/2007-honda-accord-sedan?referringPage=SearchResults
Mazda,Premacy,2010,No,$500,"193,565",," Rear Damage, Structural Damage, Selling De-Registered",N/A,7,Petrol,https://manheim.co.nz/damaged-vehicles/000000000007441957/2010-mazda-premacy-station-wagon?referringPage=SearchResults
Toyota,Corolla,1997,No,$625,"328,130",," Front Damage, Structural Damage, Selling De-Registered",N/A,N/A,Petrol,https://manheim.co.nz/damaged-vehicles/000000000007441960/1997-toyota-corolla-1-6p-gl-hback-hatch?referringPage=SearchResults
Volkswagen,Golf TSI,2014,No,$525,"386,200",," Airbags Deployed, Structural Damage, Selling De-Registered","6spd Automatic,",6,Petrol,https://manheim.co.nz/damaged-vehicles/000000000007441963/2014-volkswagen-golf-tsi-highline-7dsg-hatch?referringPage=SearchResults
Mazda,MAZDA3,2006,No,$200,N/A,," Front Damage, Airbags Deployed, Structural Damage, Selling De-Registered","5spd Manual,",5,Petrol,https://manheim.co.nz/damaged-vehicles/000000000007441974/2006-mazda-mazda3-sporthatch-glx-2-0-hatch?referringPage=SearchResults
Toyota,Vitz,2004,No,"$1,050","145,525",," Left Front Damage, Right Front Damage, Structural Damage, Selling De-Registered","Automatic,",5,Petrol,https://manheim.co.nz/damaged-vehicles/000000000007441975/2004-toyota-vitz-hatch?referringPage=SearchResults
Mazda,626,1996,Yes,$0,"322,344",," Glass Broken, Ignition Damage, Left Front Damage, Left Rear Damage, Vandalised - Interior, Stolen & Recovered, Selling Registered","Automatic,",5,Petrol,https://manheim.co.nz/damaged-vehicles/000000000007422018/1996-mazda-626-sedan-glx-2-0-m5-sedan?referringPage=SearchResults
Ford,Falcon,2016,No,"$1,400",N/A,," Left Front Damage, Left Rear Damage, Left Side Damage, Selling De-Registered","Automatic,",5,Petrol,https://manheim.co.nz/damaged-vehicles/000000000007392021/2016-ford-falcon-xr6-sedan-auto-4-0p-sedan?referringPage=SearchResults
Nissan,X-trail,2017,No,N/A,N/A,," Rear Damage, Structural Damage, Selling De-Registered",N/A,7,Petrol,https://manheim.co.nz/damaged-vehicles/000000000007422077/2017-nissan-x-trail-st-2-5p-6cvt-sw-5dr-station-wagon?referringPage=SearchResults
Nissan,Skyline,2007,No,$500,"187,722",," Left Front Damage, Structural Damage, Selling De-Registered","Automatic,",5,Petrol,https://manheim.co.nz/damaged-vehicles/000000000007442094/2007-nissan-skyline-sedan?referringPage=SearchResults
Nissan,Latio,2013,No,$500,"67,766",," Left Front Damage, Left Side Damage, Structural Damage, Selling De-Registered","Automatic,",5,Petrol,https://manheim.co.nz/damaged-vehicles/000000000007442095/2013-nissan-latio-sedan?referringPage=SearchResults
Suzuki,Swift,2009,No,$500,"192,919",," Rear Damage, Structural Damage, Selling De-Registered","Automatic,",5,Petrol,https://manheim.co.nz/damaged-vehicles/000000000007442096/2009-suzuki-swift-hatch?referringPage=SearchResults
Volkswagen,Golf,2001,No,$400,"174,344",," Right Side Damage, Structural Damage, Selling De-Registered","Automatic,",5,Petrol,https://manheim.co.nz/damaged-vehicles/000000000007442097/2001-volkswagen-golf-2l-auto-hatch?referringPage=SearchResults
BMW,123d,2008,No,$675,"244,388",, Selling De-Registered,"6spd Automatic,",4,Diesel,https://manheim.co.nz/damaged-vehicles/000000000007422118/2008-bmw-123d-sedan?referringPage=SearchResults
Honda,Civic,2013,No,$600,N/A,," Left Side Damage, Airbags Deployed, Structural Damage, Selling De-Registered","Automatic,",5,Petrol,https://manheim.co.nz/damaged-vehicles/000000000007442122/2013-honda-civic-s-1-8p-6mt-hatch?referringPage=SearchResults
Mercedes-Benz,GLA180,2015,No,"$2,300",N/A,," Left Front Damage, Left Side Damage, Structural Damage, Suspension Damage, Selling De-Registered","Automatic,",5,Petrol,https://manheim.co.nz/damaged-vehicles/000000000007442123/2015-mercedes-benz-gla180-station-wagon?referringPage=SearchResults
Mazda,Demio,2006,Yes,$0,"111,576",," Glass Broken, Left Rear Damage, Right Side Damage, Stolen & Recovered, Selling Registered","Automatic,",5,Petrol,https://manheim.co.nz/damaged-vehicles/000000000007442125/2006-mazda-demio-hatch?referringPage=SearchResults
Suzuki,Swift,2008,Yes,"$1,050","127,092",," Left Side Damage, Selling Registered","Automatic,",5,Petrol,https://manheim.co.nz/damaged-vehicles/000000000007442130/2008-suzuki-swift-hatch?referringPage=SearchResults
Nissan,Tiida,2009,No,$600,"220,163",," Left Front Damage, Left Rear Damage, Structural Damage, Stolen & Recovered, Selling De-Registered","4spd Automatic,",5,Petrol,https://manheim.co.nz/damaged-vehicles/000000000007442163/2009-nissan-tiida-hatch?referringPage=SearchResults
Toyota,Aqua,2012,No,"$1,050","159,713",," Glass Broken, Ignition Damage, Left Rear Damage, Left Side Damage, Rear Damage, Right Front Damage, Vandalised - Interior, Structural Damage, Stolen & Recovered, Selling De-Registered","Automatic,",5,Hybrid,https://manheim.co.nz/damaged-vehicles/000000000007442168/2012-toyota-aqua-hatch?referringPage=SearchResults
Toyota,Camry,2013,No,"$1,400","431,729",," Front Damage, Structural Damage, Selling De-Registered","Automatic,",5,Hybrid,https://manheim.co.nz/damaged-vehicles/000000000007432163/2013-toyota-camry-hybird-sedan?referringPage=SearchResults
Holden,Colorado,2014,No,$850,N/A,," Right Front Damage, Vandalised - Interior, Structural Damage, Selling De-Registered",N/A,5,Diesel,https://manheim.co.nz/damaged-vehicles/000000000007432171/2014-holden-colorado-lt-dc-pu-2-8d-4wd-6-dual-cab-utility?referringPage=SearchResults
Toyota,Prius,2011,No,$950,N/A,," Left Rear Damage, Rear Damage, Structural Damage, Selling De-Registered","Automatic,",5,Hybrid,https://manheim.co.nz/damaged-vehicles/000000000007412170/2011-toyota-prius-hatch?referringPage=SearchResults
Audi,A3,2015,No,"$1,500","108,006",," Left Rear Damage, Right Front Damage, Right Rear Damage, Right Side Damage, Airbags Deployed, Structural Damage, Selling De-Registered","Automatic,",5,Petrol,https://manheim.co.nz/damaged-vehicles/000000000007442170/2015-audi-a3-station-wagon?referringPage=SearchResults
Kia,Cerato,2006,Yes,$500,"188,853",," Front Damage, Selling Registered","Automatic,",5,Petrol,https://manheim.co.nz/damaged-vehicles/000000000007442172/2006-kia-cerato-2-0-auto-hatch-hatch?referringPage=SearchResults
Holden,Commodore,2014,No,$800,"311,856",," Right Front Damage, Structural Damage, Suspension Damage, Selling De-Registered","Automatic,",2,Petrol,https://manheim.co.nz/damaged-vehicles/000000000007442175/2014-holden-commodore-vfevoke-3-6p6a-ut2s-x-cab-utility?referringPage=SearchResults
Mitsubishi,L300,2013,No,$200,"236,081",," Left Side Damage, Structural Damage, Selling De-Registered","Automatic,",3,Petrol,https://manheim.co.nz/damaged-vehicles/000000000007442177/2013-mitsubishi-l300-2-4p-lwb-5-door-van?referringPage=SearchResults
Toyota,Vitz,2002,No,$500,"204,992",," Front Damage, Structural Damage, Selling De-Registered","Automatic,",5,Petrol,https://manheim.co.nz/damaged-vehicles/000000000007442182/2002-toyota-vitz-hatch?referringPage=SearchResults
Mazda,Axela,2007,No,$500,"277,779",," Rear Damage, Structural Damage, Selling De-Registered","Automatic,",5,Petrol,https://manheim.co.nz/damaged-vehicles/000000000007442188/2007-mazda-axela-hatch?referringPage=SearchResults
Nissan,Primera,2007,Yes,$500,"227,443",," Left Rear Damage, Right Side Damage, Selling Registered","Automatic,",5,Petrol,https://manheim.co.nz/damaged-vehicles/000000000007432184/2007-nissan-primera-2-0-petrol-sx-hatch-hatch?referringPage=SearchResults
Toyota,Aqua,2020,No,N/A,"101,182",," Glass Broken, Left Front Damage, Left Rear Damage, Rear Damage, Right Rear Damage, Structural Damage, Selling De-Registered",N/A,5,Hybrid,https://manheim.co.nz/damaged-vehicles/000000000007432187/2020-toyota-aqua-hatch?referringPage=SearchResults
Holden,Commodore,2011,No,$600,N/A,," Airbags Deployed, Front Damage, Rear Damage, Structural Damage, Selling De-Registered","Automatic,",5,Petrol,https://manheim.co.nz/damaged-vehicles/000000000007442191/2011-holden-commodore-sedan?referringPage=SearchResults
Toyota,Prius,2015,No,$800,"386,440",," Rear Damage, Structural Damage, Selling De-Registered","Automatic,",5,Hybrid,https://manheim.co.nz/damaged-vehicles/000000000007442192/2015-toyota-prius-alpha-station-wagon?referringPage=SearchResults
Toyota,Prius,2010,No,$700,"98,234",," Front Damage, Underbody Damage, Structural Damage, Selling De-Registered","Automatic,",5,Hybrid,https://manheim.co.nz/damaged-vehicles/000000000007442193/2010-toyota-prius-hatch?referringPage=SearchResults
Mazda,MAZDA3,2008,No,$600,N/A,," Front Damage, Structural Damage, Selling De-Registered","Automatic,",5,Petrol,https://manheim.co.nz/damaged-vehicles/000000000007442194/2008-mazda-mazda3-sporthatch-gsx-2-0-hatch?referringPage=SearchResults
BMW,320i,2009,No,$500,N/A,," Chassis Damage, Front Damage, Right Front Damage, Airbags Deployed, Structural Damage, Selling De-Registered","6spd Automatic,",5,Petrol,https://manheim.co.nz/damaged-vehicles/000000000007442195/2009-bmw-320i-sedan?referringPage=SearchResults
Honda,Accord,2006,No,$550,N/A,," Right Side Damage, Structural Damage, Selling De-Registered","Automatic,",5,Petrol,https://manheim.co.nz/damaged-vehicles/000000000007442196/2006-honda-accord-sedan?referringPage=SearchResults
Ford,Ranger,2018,No,N/A,"72,688",," Right Front Damage, Airbags Deployed, Structural Damage, Selling De-Registered","Automatic,",4,Diesel,https://manheim.co.nz/damaged-vehicles/000000000007442198/2018-ford-ranger-xlt-super-w-s-3-2d-dual-cab-chassis?referringPage=SearchResults
Mazda,CX-7,2010,No,$500,N/A,," Rear Damage, Right Front Damage, Structural Damage, Selling De-Registered","Automatic,",5,Petrol,https://manheim.co.nz/damaged-vehicles/000000000007442202/2010-mazda-cx-7-station-wagon?referringPage=SearchResults
Suzuki,Swift,2008,Yes,"$1,250","190,911",, Selling Registered,"Automatic,",5,Petrol,https://manheim.co.nz/damaged-vehicles/000000000007442204/2008-suzuki-swift-glxa-1-5-5dr-hatch?referringPage=SearchResults
Ford,Focus,2008,No,$600,"155,862",," Front Damage, Left Side Damage, Right Side Damage, Airbags Deployed, Structural Damage, Selling De-Registered","Automatic,",5,Petrol,https://manheim.co.nz/damaged-vehicles/000000000007442215/2008-ford-focus-1-6-a-hatch-hatch?referringPage=SearchResults
Mazda,Axela,2004,No,$500,"172,180",," Left Side Damage, Right Side Damage, Structural Damage, Under Body Damage, Selling De-Registered","Automatic,",5,Petrol,https://manheim.co.nz/damaged-vehicles/000000000007442219/2004-mazda-axela-hatch?referringPage=SearchResults
Toyota,Aqua,2012,No,$0,N/A,," Stolen & Recovered, Suspension Damage, Selling De-Registered",N/A,5,Hybrid,https://manheim.co.nz/damaged-vehicles/000000000007442227/2012-toyota-aqua-hybrid-hatch?referringPage=SearchResults
Suzuki,Swift,2016,No,"$1,550","100,106",," Rear Damage, Structural Damage, Selling De-Registered",N/A,5,Petrol,https://manheim.co.nz/damaged-vehicles/000000000007442231/2016-suzuki-swift-hatch?referringPage=SearchResults
Ford,Mondeo,2002,No,$0,N/A,," Left Front Damage, Left Rear Damage, Right Front Damage, Right Rear Damage, Dismantled - Interior, Selling De-Registered","5spd Manual,",5,Petrol,https://manheim.co.nz/damaged-vehicles/000000000007442234/2002-ford-mondeo-2-0-sedan-man-sedan?referringPage=SearchResults
Subaru,Impreza,2013,No,$500,"158,027",," Ignition Damage, Stolen & Recovered, Selling De-Registered","Automatic,",5,Petrol,https://manheim.co.nz/damaged-vehicles/000000000007442236/2013-subaru-impreza-station-wagon?referringPage=SearchResults
Toyota,Aqua,2012,No,$700,N/A,," Right Rear Damage, Structural Damage, Selling De-Registered","Automatic,",5,Hybrid,https://manheim.co.nz/damaged-vehicles/000000000007442241/2012-toyota-aqua-hatch?referringPage=SearchResults
TRAILER,Dunbier,1998,No,$500,458 HR Showin,0," Left Side Damage, Structural Damage, Selling De-Registered",N/A,N/A,N/A,https://manheim.co.nz/damaged-vehicles/000000000007442247/1998-trailer-dunbier-trailer--boat-?referringPage=SearchResults
Volkswagen,Amarok,2014,No,N/A,"245,345",," Rear Damage, Structural Damage, Selling De-Registered",N/A,5,Diesel,https://manheim.co.nz/damaged-vehicles/000000000007442261/2014-volkswagen-amarok-dc-4m-hl-auto-utility?referringPage=SearchResults
Suzuki,Swift,2013,No,$575,"122,729",," Front Damage, Airbags Deployed, Structural Damage, Selling De-Registered","Automatic,",5,Petrol,https://manheim.co.nz/damaged-vehicles/000000000007442263/2013-suzuki-swift-hatch?referringPage=SearchResults
Toyota,Prius,2012,No,$700,N/A,," Right Front Damage, Suspension Damage, Selling De-Registered","Automatic,",5,Hybrid,https://manheim.co.nz/damaged-vehicles/000000000007442266/2012-toyota-prius-hatch?referringPage=SearchResults
Honda,CRV,2003,No,$550,"235,942",," Left Side Damage, Rear Damage, Underbody Damage, Structural Damage, Selling De-Registered","Automatic,",5,Petrol,https://manheim.co.nz/damaged-vehicles/000000000007442275/2003-honda-crv-sport-5d-at-2-4-wag-station-wagon?referringPage=SearchResults
Honda,Crossroad,2007,No,$0,N/A,," Right Front Damage, Right Side Damage, Airbags Deployed, Structural Damage, Selling De-Registered","Automatic,",7,Petrol,https://manheim.co.nz/damaged-vehicles/000000000007442281/2007-honda-crossroad-station-wagon?referringPage=SearchResults
Holden,Astra,2000,No,$500,N/A,," Left Front Damage, Right Rear Damage, Selling De-Registered","5spd Manual,",5,Petrol,https://manheim.co.nz/damaged-vehicles/000000000007442295/2000-holden-astra-city-h-b-man-hatch?referringPage=SearchResults
Mitsubishi,Outlander,2010,No,$950,"157,558",," Left Side Damage, Right Front Damage, Underbody Damage, Structural Damage, Selling De-Registered","Automatic,",7,Petrol,https://manheim.co.nz/damaged-vehicles/000000000007422291/2010-mitsubishi-outlander-2-0-2wd-ls-station-wagon?referringPage=SearchResults
Ford,Ranger,2019,No,N/A,"85,350",," Right Front Damage, Airbags Deployed, Selling De-Registered",N/A,5,Diesel,https://manheim.co.nz/damaged-vehicles/000000000007422327/2019-ford-ranger-xlt-double-cab-w-s-dual-cab-utility?referringPage=SearchResults
Holden,Rodeo 4X2,2003,No,$700,"263,485",," Rear Damage, Structural Damage, Selling De-Registered","Automatic,",5,Petrol,https://manheim.co.nz/damaged-vehicles/000000000007422334/2003-holden-rodeo-4x2-lt-crew-pu-3-5-v6-a-dual-cab-utility?referringPage=SearchResults
Volkswagen,Passat,2010,Yes,"$1,050","167,447",," Left Side Damage, Rear Damage, Selling Registered",N/A,5,Diesel,https://manheim.co.nz/damaged-vehicles/000000000007432342/2010-volkswagen-passat-tdi-125kw-cr-dpf-se-sedan?referringPage=SearchResults
Volkswagen,Golf,2012,No,$800,N/A,," Right Front Damage, Structural Damage, Selling De-Registered","Automatic,",5,Petrol,https://manheim.co.nz/damaged-vehicles/000000000007432348/2012-volkswagen-golf-hatch?referringPage=SearchResults
Subaru,Impreza,2002,Yes,$0,N/A,," Ignition Damage, Left Front Damage, Right Front Damage, Right Side Damage, Vandalised - Interior, Stolen & Recovered, Selling Registered","Automatic,",5,Petrol,https://manheim.co.nz/damaged-vehicles/000000000007442341/2002-subaru-impreza-station-wagon?referringPage=SearchResults
BMW,Mini,2015,No,"$1,200","125,638",," Front Damage, Structural Damage, Stolen & Recovered, Selling De-Registered","Automatic,",4,Petrol,https://manheim.co.nz/damaged-vehicles/000000000007442348/2015-bmw-mini-cooper-hatch?referringPage=SearchResults
Toyota,Aqua,2015,No,$700,"181,538",," Front Damage, Glass Broken, Ignition Damage, Rear Damage, Structural Damage, Stolen & Recovered, Selling De-Registered","Automatic,",5,Hybrid,https://manheim.co.nz/damaged-vehicles/000000000007442356/2015-toyota-aqua-hybrid-hatch?referringPage=SearchResults
Toyota,Wish,2009,No,$0,"173,389",," Front Damage, Rear Damage, Structural Damage, Selling De-Registered","Automatic,",7,Petrol,https://manheim.co.nz/damaged-vehicles/000000000007442364/2009-toyota-wish-station-wagon?referringPage=SearchResults
Jaguar,XF,2011,No,$0,N/A,," Rear Damage, Structural Damage, Selling De-Registered","Automatic,",5,Diesel,https://manheim.co.nz/damaged-vehicles/000000000007442369/2011-jaguar-xf-v6-4dr-sedan?referringPage=SearchResults
Honda,Airwave,2005,No,$600,"218,406",," Left Side Damage, Structural Damage, Selling De-Registered","Automatic,",5,Petrol,https://manheim.co.nz/damaged-vehicles/000000000007442371/2005-honda-airwave-station-wagon?referringPage=SearchResults
Volkswagen,Polo,2007,No,$0,N/A,," Left Rear Damage, Structural Damage, Selling De-Registered","4spd Automatic,",5,Petrol,https://manheim.co.nz/damaged-vehicles/000000000007442377/2007-volkswagen-polo-hatch?referringPage=SearchResults
Mazda,MAZDA2,2017,No,$0,N/A,," Front Damage, Left Front Damage, Roof Damage, Right Front Damage, Structural Damage, Selling De-Registered","Automatic,",5,Petrol,https://manheim.co.nz/damaged-vehicles/000000000007442388/2017-mazda-mazda2-gsx-1-5p-6at-hatch?referringPage=SearchResults
Mazda,Axela,2014,No,$950,N/A,," Front Damage, Rear Damage, Structural Damage, Selling De-Registered",N/A,5,Petrol,https://manheim.co.nz/damaged-vehicles/000000000007432450/2014-mazda-axela-hatch?referringPage=SearchResults
Volvo,XC90,2008,No,$500,"120,054",," Airbags Deployed, Rear Damage, Structural Damage, Selling De-Registered","5spd Automatic,",7,Diesel,https://manheim.co.nz/damaged-vehicles/000000000007432468/2008-volvo-xc90-2-4-d5-awd-5dr-6sp-station-wagon?referringPage=SearchResults
Subaru,Impreza,2005,Yes,$0,N/A,," Rear Damage, Right Rear Damage, Right Side Damage, Vandalised - Interior, Stolen & Recovered, Selling Registered","Automatic,",5,Petrol,https://manheim.co.nz/damaged-vehicles/000000000007442495/2005-subaru-impreza-hatch?referringPage=SearchResults
Peugeot,208,2012,Yes,$0,"104,666",," Left Side Damage, Selling Registered",N/A,5,Petrol,https://manheim.co.nz/damaged-vehicles/000000000007442496/2012-peugeot-208-allure-5-dr-hatch?referringPage=SearchResults
BMW,328i,2012,No,$0,"165,164",," Front Damage, Left Front Damage, Right Front Damage, Right Rear Damage, Right Side Damage, Structural Damage, Selling De-Registered","Automatic,",5,Petrol,https://manheim.co.nz/damaged-vehicles/000000000007442499/2012-bmw-328i-sedan-4dr-8a-2-0l-sedan?referringPage=SearchResults
Suzuki,Swift,2014,No,$0,N/A,," Rear Damage, Structural Damage, Selling De-Registered",N/A,5,Petrol,https://manheim.co.nz/damaged-vehicles/000000000007442500/2014-suzuki-swift-rs-hatch?referringPage=SearchResults
Mitsubishi,Outlander,2006,No,$650,N/A,," Airbags Deployed, Front Damage, Structural Damage, Selling De-Registered","Automatic,",7,Petrol,https://manheim.co.nz/damaged-vehicles/000000000007432513/2006-mitsubishi-outlander-station-wagon?referringPage=SearchResults
Mercedes-Benz,S63,2014,No,N/A,N/A,," Interior Damage, Selling De-Registered",N/A,5,Petrol,https://manheim.co.nz/damaged-vehicles/000000000007432518/2014-mercedes-benz-s63-amg-v8-bi-turbo-sedan?referringPage=SearchResults
Nissan,Bluebird,2006,No,$0,"200,040",," Front Damage, Left Front Damage, Left Rear Damage, Rear Damage, Right Rear Damage, Vandalised - Interior, Structural Damage, Stolen & Recovered, Selling De-Registered","Automatic,",5,Petrol,https://manheim.co.nz/damaged-vehicles/000000000007442532/2006-nissan-bluebird-sylphy-sedan?referringPage=SearchResults
Suzuki,Escudo,2007,No,$0,"203,928",," Front Damage, Left Front Damage, Right Side Damage, Suspension Damage, Under Body Damage, Selling De-Registered","5spd Automatic,",5,Petrol,https://manheim.co.nz/damaged-vehicles/000000000007442533/2007-suzuki-escudo-station-wagon?referringPage=SearchResults
Toyota,RAV4,2002,No,$0,"201,014",," Front Damage, Left Front Damage, Right Front Damage, Structural Damage, Selling De-Registered","5spd Manual,",5,Petrol,https://manheim.co.nz/damaged-vehicles/000000000007442534/2002-toyota-rav4-station-wagon?referringPage=SearchResults
Toyota,Caldina,2004,Yes,$0,"299,686",," Left Rear Damage, Right Front Damage, Right Rear Damage, Right Side Damage, Selling Registered","Automatic,",5,Petrol,https://manheim.co.nz/damaged-vehicles/000000000007442537/2004-toyota-caldina-station-wagon?referringPage=SearchResults
Ford,Laser GL,1992,No,$0,"192,767",," Left Front Damage, Structural Damage, Selling De-Registered",N/A,5,Petrol,https://manheim.co.nz/damaged-vehicles/000000000007442538/1992-ford-laser-gl-hatch?referringPage=SearchResults
BMW,523i,2011,No,$0,N/A,," Left Side Damage, Right Rear Damage, Structural Damage, Stolen & Recovered, Selling De-Registered","Automatic,",5,Petrol,https://manheim.co.nz/damaged-vehicles/000000000007442540/2011-bmw-523i-sedan?referringPage=SearchResults
Honda,CRV,2010,No,$650,"247,146",," Has Key, Right Rear Damage, Structural Damage, Selling De-Registered","Automatic,",5,Petrol,https://manheim.co.nz/damaged-vehicles/000000000007432546/2010-honda-crv-van?referringPage=SearchResults
Holden,Commodore,2005,No,$700,N/A,," Left Front Damage, Right Front Damage, Right Rear Damage, Airbags Deployed, Selling De-Registered","Automatic,",5,Petrol,https://manheim.co.nz/damaged-vehicles/000000000007442558/2005-holden-commodore-s-v6-auto-sedan?referringPage=SearchResults
Toyota,IST,2004,No,$0,N/A,," Right Front Damage, Right Side Damage, Structural Damage, Selling De-Registered","Automatic,",5,Petrol,https://manheim.co.nz/damaged-vehicles/000000000007442562/2004-toyota-ist-hatch?referringPage=SearchResults
Toyota,Wish,2013,No,$0,"96,750",," Front Damage, Rear Damage, Structural Damage, Selling De-Registered","Automatic,",7,Petrol,https://manheim.co.nz/damaged-vehicles/000000000007442563/2013-toyota-wish-station-wagon?referringPage=SearchResults
Suzuki,SX4,2009,No,$0,"148,978",," Left Front Damage, Structural Damage, Selling De-Registered","Automatic,",5,Petrol,https://manheim.co.nz/damaged-vehicles/000000000007442564/2009-suzuki-sx4-hatch?referringPage=SearchResults
Toyota,Aqua,2016,No,$900,"186,385",," Left Side Damage, Structural Damage, Suspension Damage, Selling De-Registered",N/A,5,Hybrid,https://manheim.co.nz/damaged-vehicles/000000000007442565/2016-toyota-aqua-hatch?referringPage=SearchResults
Toyota,Echo,2003,Yes,$0,"363,375",," Left Front Damage, Left Side Damage, Selling Registered","Automatic,",5,Petrol,https://manheim.co.nz/damaged-vehicles/000000000007442566/2003-toyota-echo-hatch?referringPage=SearchResults
Honda,Accord,2003,No,$0,"236,273",," Left Side Damage, Structural Damage, Selling De-Registered","6spd,",5,Petrol,https://manheim.co.nz/damaged-vehicles/000000000007442567/2003-honda-accord-sedan?referringPage=SearchResults
Mazda,Demio,2007,No,$0,"88,456",," Front Damage, Structural Damage, Selling De-Registered","Automatic,",5,Petrol,https://manheim.co.nz/damaged-vehicles/000000000007442568/2007-mazda-demio-hatch?referringPage=SearchResults
Hyundai,i30,2015,No,$0,"198,596",," Front Damage, Structural Damage, Accident Damage, Selling De-Registered",N/A,N/A,Petrol,https://manheim.co.nz/damaged-vehicles/000000000007442569/2015-hyundai-i30-gd-1-8-a6-hatch?referringPage=SearchResults
Subaru,XV,2014,No,$0,N/A,," Right Rear Damage, Right Side Damage, Structural Damage, Selling De-Registered",N/A,5,Hybrid,https://manheim.co.nz/damaged-vehicles/000000000007442570/2014-subaru-xv-hybrid-hatch?referringPage=SearchResults
Ford,Falcon,2003,No,$0,"153,556",," Dismantled - Entire Vehicle, Selling De-Registered",N/A,5,Petrol,https://manheim.co.nz/damaged-vehicles/000000000007442577/2003-ford-falcon-ba-fairmont-6c-sedan?referringPage=SearchResults
Suzuki,Ignis,2017,No,$700,"108,712",," Front Damage, Left Front Damage, Left Side Damage, Structural Damage, Selling De-Registered",N/A,5,Hybrid,https://manheim.co.nz/damaged-vehicles/000000000007422585/2017-suzuki-ignis-hybrid-hatch?referringPage=SearchResults
Honda,Civic,2006,No,$500,"273,518",," Left Side Damage, Structural Damage, Selling De-Registered","Automatic,",5,Hybrid,https://manheim.co.nz/damaged-vehicles/000000000007422589/2006-honda-civic-hybrid-sedan?referringPage=SearchResults
MG,ZS,2025,No,"$1,400",N/A,," Structural Damage, Selling De-Registered",N/A,5,Hybrid,https://manheim.co.nz/damaged-vehicles/000000000007422595/2025-mg-zs-essence-1-5pht-3hd-station-wagon?referringPage=SearchResults
Nissan,Bluebird,2008,Yes,$800,N/A,," Right Side Damage, Selling Registered","Automatic,",5,Petrol,https://manheim.co.nz/damaged-vehicles/000000000007432590/2008-nissan-bluebird-sylphy-sedan?referringPage=SearchResults
Ford,Falcon,2003,No,$650,N/A,," Left Front Damage, Left Rear Damage, Right Front Damage, Right Rear Damage, Selling De-Registered","Automatic,",5,Petrol,https://manheim.co.nz/damaged-vehicles/000000000007442594/2003-ford-falcon-ba-futura-4fa-sedan?referringPage=SearchResults
Ford,Falcon,2007,No,$0,"83,597",," Dismantled - Entire Vehicle, Selling De-Registered","Automatic,",5,Petrol,https://manheim.co.nz/damaged-vehicles/000000000007442595/2007-ford-falcon-bf2-xr6-sedan-a-sedan?referringPage=SearchResults
Toyota,Caldina,2005,Yes,$0,"169,834",," Glass Broken, Ignition Damage, Left Side Damage, Right Rear Damage, Vandalised - Interior, Stolen & Recovered, Selling Registered","4spd Automatic,",5,Petrol,https://manheim.co.nz/damaged-vehicles/000000000007442597/2005-toyota-caldina-station-wagon?referringPage=SearchResults
Mitsubishi,Colt,2005,Yes,"$1,350","44,830",," Glass Broken, Ignition Damage, Left Side Damage, Vandalised - Interior, Stolen & Recovered, Selling Registered","Automatic,",5,Petrol,https://manheim.co.nz/damaged-vehicles/000000000007432602/2005-mitsubishi-colt-hatch?referringPage=SearchResults
Honda,fit,2006,No,$800,"178,311",," Left Rear Damage, Rear Damage, Right Rear Damage, Structural Damage, Selling De-Registered","Automatic,",5,Petrol,https://manheim.co.nz/damaged-vehicles/000000000007432623/2006-honda-fit-hatch?referringPage=SearchResults
Toyota,Aqua,2014,Yes,N/A,N/A,," Ignition Damage, Right Front Damage, Vandalised - Interior, Stolen & Recovered, Selling Registered","Automatic,",5,Hybrid,https://manheim.co.nz/damaged-vehicles/000000000007422775/2014-toyota-aqua-hatch?referringPage=SearchResults
Mazda,Axela,2006,No,$0,"151,175",," Right Side Damage, Structural Damage, Selling De-Registered","Automatic,",5,Petrol,https://manheim.co.nz/damaged-vehicles/000000000007442825/2006-mazda-axela-hatch?referringPage=SearchResults
Toyota,Corolla,2001,No,$0,"325,433",," Left Rear Damage, Rear Damage, Structural Damage, Selling De-Registered","5spd Manual,",5,Petrol,https://manheim.co.nz/damaged-vehicles/000000000007442829/2001-toyota-corolla-1-6p-xl-hatchback-5-hatch?referringPage=SearchResults
Nissan,Pulsar,2013,No,$0,"96,229",," Structural Damage, Selling De-Registered",N/A,5,Petrol,https://manheim.co.nz/damaged-vehicles/000000000007442835/2013-nissan-pulsar-st-hatch?referringPage=SearchResults
Subaru,Impreza,2011,No,N/A,"171,403",," Rear Damage, Structural Damage, Selling De-Registered",N/A,5,Petrol,https://manheim.co.nz/damaged-vehicles/000000000007442836/2011-subaru-impreza-sedan-wrx-2-5-man-sedan?referringPage=SearchResults
Nissan,Tiida,2006,No,$0,N/A,," Glass Broken, Ignition Damage, Structural Damage, Stolen & Recovered, Suspension Damage, Selling De-Registered",N/A,5,Petrol,https://manheim.co.nz/damaged-vehicles/000000000007442838/2006-nissan-tiida-latio-sedan?referringPage=SearchResults
Mazda,Capella,2001,Yes,$0,"116,434",," Glass Broken, Ignition Damage, Structural Damage, Stolen & Recovered, Selling Registered",N/A,5,Petrol,https://manheim.co.nz/damaged-vehicles/000000000007442839/2001-mazda-capella-sedan?referringPage=SearchResults
Toyota,Vitz,2004,No,$0,"196,590",," Front Damage, Ignition Damage, Left Rear Damage, Rear Damage, Structural Damage, Selling De-Registered","Automatic,",5,Petrol,https://manheim.co.nz/damaged-vehicles/000000000007442841/2004-toyota-vitz-hatch?referringPage=SearchResults
Toyota,Blade,2007,No,$0,"209,958",," Left Rear Damage, Right Front Damage, Right Rear Damage, Right Side Damage, Underbody Damage, Structural Damage, Selling De-Registered","Automatic,",5,Petrol,https://manheim.co.nz/damaged-vehicles/000000000007442845/2007-toyota-blade-master-hatch?referringPage=SearchResults
Mitsubishi,Triton,2011,No,$0,"358,749",," Right Side Damage, Structural Damage, Selling De-Registered","Manual,",5,Diesel,https://manheim.co.nz/damaged-vehicles/000000000007442846/2011-mitsubishi-triton-4wd-2-5d-d-cab-glx-utility?referringPage=SearchResults
Porsche,944,1984,No,"$2,300","40,049",," Front Damage, Roof Damage, Structural Damage, Selling De-Registered","5spd Manual,",4,Petrol,https://manheim.co.nz/damaged-vehicles/000000000007432848/1984-porsche-944-hatch?referringPage=SearchResults
BAILEY,Pegasus 534,2010,Yes,"$9,650",N/A,0," Hail Dmg, Roof Damage, Selling Registered",N/A,N/A,N/A,https://manheim.co.nz/damaged-vehicles/000000000007432851/2010-bailey-pegasus-534-caravan?referringPage=SearchResults
Toyota,Corolla,1996,Yes,$0,"213,728",," Right Rear Damage, Selling Registered","Automatic,",5,Petrol,https://manheim.co.nz/damaged-vehicles/000000000007442850/1996-toyota-corolla-windy-hatch?referringPage=SearchResults
Toyota,Aqua,2014,No,$0,"141,650",," Roof Damage, Structural Damage, Selling De-Registered","Automatic,",5,Hybrid,https://manheim.co.nz/damaged-vehicles/000000000007442851/2014-toyota-aqua-hatch?referringPage=SearchResults
Mercedes-Benz,GLA180,2015,No,"$1,400","87,229",," Left Rear Damage, Structural Damage, Selling De-Registered","Automatic,",5,Petrol,https://manheim.co.nz/damaged-vehicles/000000000007442854/2015-mercedes-benz-gla180-station-wagon?referringPage=SearchResults
Jeep,Grand Cherokee,2010,No,$0,N/A,," Right Side Damage, Suspension Damage, Selling De-Registered","Automatic,",5,Diesel,https://manheim.co.nz/damaged-vehicles/000000000007442858/2010-jeep-grand-cherokee-ltd-3-0-crd-station-wagon?referringPage=SearchResults
Honda,fit,2005,No,$0,"145,343",," Rear Damage, Structural Damage, Selling De-Registered",N/A,5,Petrol,https://manheim.co.nz/damaged-vehicles/000000000007442866/2005-honda-fit-aria-sedan?referringPage=SearchResults
Holden,Equinox,2020,No,"$2,300","33,461",," Front Damage, Structural Damage, Selling De-Registered","Automatic,",5,Petrol,https://manheim.co.nz/damaged-vehicles/000000000007442868/2020-holden-equinox-ltz-2-0p-9at-2-0l-station-wagon?referringPage=SearchResults
Ford,Telstar,1997,No,$0,"204,156",," Left Rear Damage, Structural Damage, Selling De-Registered","Automatic,",5,Petrol,https://manheim.co.nz/damaged-vehicles/000000000007432862/1997-ford-telstar-2-0-contour-man-4dr-sedan?referringPage=SearchResults
Lexus,IS300H,2023,No,N/A,N/A,," Front Damage, Rear Damage, Structural Damage, Selling De-Registered","Automatic,",5,Hybrid,https://manheim.co.nz/damaged-vehicles/000000000007432866/2023-lexus-is300h-2-5ph-hd-sedan?referringPage=SearchResults
Suzuki,Swift,2007,No,$0,"142,980",," Rear Damage, Structural Damage, Selling De-Registered","Automatic,",5,Petrol,https://manheim.co.nz/damaged-vehicles/000000000007422866/2007-suzuki-swift-hatch?referringPage=SearchResults
Toyota,Vitz,2006,No,$0,"147,912",," Interior Damage, Left Front Damage, Rear Damage, Vandalised - Interior, Structural Damage, Selling De-Registered","4spd Automatic,",5,Petrol,https://manheim.co.nz/damaged-vehicles/000000000007442871/2006-toyota-vitz-hatch?referringPage=SearchResults
Audi,A5,2010,No,$0,"90,066",," Left Side Damage, Structural Damage, Selling De-Registered","Automatic,",4,Petrol,https://manheim.co.nz/damaged-vehicles/000000000007442875/2010-audi-a5-cabriolet-coup%C3%A9?referringPage=SearchResults
Subaru,WRX,2014,No,N/A,N/A,," Structural Damage, Selling De-Registered","Automatic,",5,Petrol,https://manheim.co.nz/damaged-vehicles/000000000007442877/2014-subaru-wrx-s4-sedan?referringPage=SearchResults
Hyundai,I30,2011,No,$0,"136,166",," Front Damage, Structural Damage, Selling De-Registered","4spd Automatic,",5,Petrol,https://manheim.co.nz/damaged-vehicles/000000000007442880/2011-hyundai-i30-hatch?referringPage=SearchResults
Peugeot,4008,2013,Yes,$0,"169,352",," Right Rear Damage, Selling Registered","Automatic,",5,Petrol,https://manheim.co.nz/damaged-vehicles/000000000007442881/2013-peugeot-4008-allure-2x4-2-0-cvt-touring?referringPage=SearchResults
Suzuki,Swift,2020,No,$0,N/A,," Airbags Deployed, Front Damage, Left Side Damage, Right Side Damage, Airbags Deployed, Structural Damage, Selling De-Registered","Automatic,",5,Petrol,https://manheim.co.nz/damaged-vehicles/000000000007442883/2020-suzuki-swift-gl-1-2p-cvt-hatch?referringPage=SearchResults
Nissan,Leaf,2016,Yes,$625,"164,814",, Selling Registered,"Automatic, Drive Type, Front Wheel Drive, Fuel Type, Electri",5,Electric,https://manheim.co.nz/damaged-vehicles/000000000007442888/2016-nissan-leaf-hatch?referringPage=SearchResults
Honda,Hr-v,2016,No,N/A,"73,485",," Front Damage, Rear Damage, Structural Damage, Selling De-Registered","Automatic,",5,Petrol,https://manheim.co.nz/damaged-vehicles/000000000007442890/2016-honda-hr-v-sport-1-8p-cvt-sw-5-station-wagon?referringPage=SearchResults
Holden,Captiva,2014,No,$0,"141,623",," Rear Damage, Structural Damage, Selling De-Registered","Automatic,",7,Petrol,https://manheim.co.nz/damaged-vehicles/000000000007442897/2014-holden-captiva-station-wagon?referringPage=SearchResults
Toyota,Vitz,2002,Yes,$0,N/A,," Glass Broken, Ignition Damage, Left Rear Damage, Selling Registered","Automatic,",5,Petrol,https://manheim.co.nz/damaged-vehicles/000000000007442898/2002-toyota-vitz-hatch?referringPage=SearchResults
Honda,Shuttle,2016,No,$0,"112,662",," Chassis Damage, Front Damage, Structural Damage, Selling De-Registered",N/A,5,Hybrid,https://manheim.co.nz/damaged-vehicles/000000000007442903/2016-honda-shuttle-station-wagon?referringPage=SearchResults
Toyota,Soarer,1992,No,$200,"489,582",," Front Damage, Structural Damage, Selling De-Registered",N/A,5,Petrol,https://manheim.co.nz/damaged-vehicles/000000000007432905/1992-toyota-soarer-gt-coup%C3%A9?referringPage=SearchResults
Mazda,Demio,2001,No,$0,N/A,," Front Damage, Ignition Damage, Left Side Damage, Right Side Damage, Structural Damage, Stolen & Recovered, Selling De-Registered","Automatic,",5,Petrol,https://manheim.co.nz/damaged-vehicles/000000000007442941/2001-mazda-demio-hatchback-5-dr-1-5-hatch?referringPage=SearchResults
Toyota,Prius,2015,No,$0,N/A,," Left Front Damage, Structural Damage, Selling De-Registered","Automatic,",5,Hybrid,https://manheim.co.nz/damaged-vehicles/000000000007442942/2015-toyota-prius-hybrid-hatch?referringPage=SearchResults
Toyota,Spade,2013,No,$0,"129,896",," Front Damage, Structural Damage, Selling De-Registered","Automatic,",5,Petrol,https://manheim.co.nz/damaged-vehicles/000000000007442944/2013-toyota-spade-hatch?referringPage=SearchResults
Mazda,Axela,2008,No,$0,N/A,," Roof Damage, Right Side Damage, Structural Damage, Selling De-Registered",N/A,5,Petrol,https://manheim.co.nz/damaged-vehicles/000000000007442951/2008-mazda-axela-hatch?referringPage=SearchResults
MINI,Cooper,2010,No,$0,"198,211",," Front Damage, Structural Damage, Selling De-Registered",N/A,4,Petrol,https://manheim.co.nz/damaged-vehicles/000000000007442961/2010-mini-cooper-hatch-6a-2dr-1-6i-hatch?referringPage=SearchResults
Nissan,Elgrand,2005,No,$0,N/A,," Front Damage, Left Front Damage, Right Front Damage, Structural Damage, Selling De-Registered","Automatic,",8,Petrol,https://manheim.co.nz/damaged-vehicles/000000000007442964/2005-nissan-elgrand-van?referringPage=SearchResults
Mazda,Verisa,2005,No,$0,"327,110",," Rear Damage, Structural Damage, Selling De-Registered",N/A,5,Petrol,https://manheim.co.nz/damaged-vehicles/000000000007442973/2005-mazda-verisa-hatch?referringPage=SearchResults
Toyota,Mark Saloon,2005,No,$0,N/A,," Ignition Damage, Rear Damage, Right Rear Damage, Structural Damage, Stolen & Recovered, Selling De-Registered","Automatic,",5,Petrol,https://manheim.co.nz/damaged-vehicles/000000000007442975/2005-toyota-mark-saloon-sedan?referringPage=SearchResults
Nissan,Terrano,1997,Yes,$0,"230,446",," Stolen & Recovered, Selling Registered","4spd Automatic,",5,Petrol,https://manheim.co.nz/damaged-vehicles/000000000007442978/1997-nissan-terrano-regulus-rs-r-station-wagon?referringPage=SearchResults
Volkswagen,Tiguan,2012,No,"$1,300","300,544",," Left Front Damage, Left Side Damage, Structural Damage, Selling De-Registered",N/A,5,Diesel,https://manheim.co.nz/damaged-vehicles/000000000007432972/2012-volkswagen-tiguan-tdi-103kw-6a-hatch?referringPage=SearchResults
Ssangyong,Actyon Sport,2014,Yes,"$1,450",N/A,, Selling Registered,"6spd Automatic,",5,Diesel,https://manheim.co.nz/damaged-vehicles/000000000007442989/2014-ssangyong-actyon-sport-4x4-auto-diesel-dual-cab-chassis?referringPage=SearchResults
Nissan,Teana,2006,Yes,$0,"159,913",," Ignition Damage, Left Rear Damage, Right Front Damage, Vandalised - Interior, Stolen & Recovered, Selling Registered","Automatic,",5,Petrol,https://manheim.co.nz/damaged-vehicles/000000000007442995/2006-nissan-teana-sedan?referringPage=SearchResults
Subaru,Impreza Hatchback,2010,No,$0,N/A,," Front Damage, Rear Damage, Structural Damage, Selling De-Registered","Automatic,",5,Petrol,https://manheim.co.nz/damaged-vehicles/000000000007442998/2010-subaru-impreza-hatchback-hatch?referringPage=SearchResults
Nissan,March,2016,No,"$1,300",N/A,," Front Damage, Rear Damage, Structural Damage, Selling De-Registered",N/A,5,Petrol,https://manheim.co.nz/damaged-vehicles/000000000007432993/2016-nissan-march-hatch?referringPage=SearchResults
Honda,fit,2008,No,$675,N/A,," Right Front Damage, Selling De-Registered","Automatic,",5,Petrol,https://manheim.co.nz/damaged-vehicles/000000000007433007/2008-honda-fit-hatch?referringPage=SearchResults
Volkswagen,Golf,2008,No,$0,N/A,," Left Front Damage, Structural Damage, Selling De-Registered","Automatic,",5,Petrol,https://manheim.co.nz/damaged-vehicles/000000000007443003/2008-volkswagen-golf-hatch?referringPage=SearchResults
Nissan,Note,2006,No,$0,N/A,," Front Damage, Rear Damage, Structural Damage, Selling De-Registered","Automatic,",5,Petrol,https://manheim.co.nz/damaged-vehicles/000000000007443008/2006-nissan-note-hatch?referringPage=SearchResults
Toyota,Prius,2018,Yes,N/A,N/A,," Front Damage, Right Front Damage, Selling Registered",N/A,5,Hybrid,https://manheim.co.nz/damaged-vehicles/000000000007443010/2018-toyota-prius-hatch?referringPage=SearchResults
Toyota,Hilux,2001,No,N/A,"747,726",," Chassis Damage, Right Rear Damage, Structural Damage, Selling De-Registered","Automatic,",5,Diesel,https://manheim.co.nz/damaged-vehicles/000000000007443014/2001-toyota-hilux-3-0td-4wd-sr5-d-c-5-dual-cab-utility?referringPage=SearchResults
Toyota,Aqua,2013,No,$0,"99,771",," Left Side Damage, Right Side Damage, Vandalised - Interior, Structural Damage, Stolen & Recovered, Selling De-Registered","Automatic,",5,Hybrid,https://manheim.co.nz/damaged-vehicles/000000000007443016/2013-toyota-aqua-hatch?referringPage=SearchResults
Suzuki,Swift,2009,No,$575,N/A,," Right Side Damage, Structural Damage, Selling De-Registered","Automatic,",5,Petrol,https://manheim.co.nz/damaged-vehicles/000000000007413014/2009-suzuki-swift-hatch?referringPage=SearchResults
Mercedes-Benz,C200,2010,No,$800,N/A,," Right Front Damage, Selling De-Registered","5spd Automatic,",5,Petrol,https://manheim.co.nz/damaged-vehicles/000000000007443042/2010-mercedes-benz-c200-sedan?referringPage=SearchResults
Toyota,Hiace,2021,No,N/A,N/A,," Front Damage, Left Front Damage, Left Rear Damage, Rear Damage, Roof Damage, Right Front Damage, Right Rear Damage, Underbody Damage, Structural Damage, Selling De-Registered","6spd Automatic,",2,Diesel,https://manheim.co.nz/damaged-vehicles/000000000007443047/2021-toyota-hiace-zx-pvn-2-8dt-6at-van?referringPage=SearchResults
Volvo,S60 Saloon,2012,Yes,$0,"167,338",," Rear Damage, Right Side Damage, Selling Registered","Automatic,",5,Petrol,https://manheim.co.nz/damaged-vehicles/000000000007443049/2012-volvo-s60-saloon-sedan?referringPage=SearchResults
Subaru,Forester,1997,No,$0,N/A,," Ignition Damage, Left Rear Damage, Rear Damage, Right Rear Damage, Vandalised - Interior, Structural Damage, Stolen & Recovered, Selling De-Registered","5spd Manual,",5,Petrol,https://manheim.co.nz/damaged-vehicles/000000000007443063/1997-subaru-forester-station-wagon?referringPage=SearchResults
Honda,Civic,2005,Yes,"$1,425","204,377",," Left Rear Damage, Selling Registered","5spd Manual,",5,Petrol,https://manheim.co.nz/damaged-vehicles/000000000007443084/2005-honda-civic-sedan?referringPage=SearchResults
Honda,fit,2013,No,$700,"173,849",," Right Side Damage, Structural Damage, Selling De-Registered",N/A,5,Hybrid,https://manheim.co.nz/damaged-vehicles/000000000007413109/2013-honda-fit-hatch?referringPage=SearchResults
Nissan,Qashqai,2010,No,$500,"254,283",," Right Side Damage, Structural Damage, Selling De-Registered",N/A,7,Petrol,https://manheim.co.nz/damaged-vehicles/000000000007413113/2010-nissan-qashqai--2-2-0-st-cvt-hatch?referringPage=SearchResults
Hyundai,Accent,2014,No,$700,"161,757",," Front Damage, Left Front Damage, Right Front Damage, Airbags Deployed, Structural Damage, Selling De-Registered",N/A,5,Petrol,https://manheim.co.nz/damaged-vehicles/000000000007433137/2014-hyundai-accent-1-6-5d-a4-hatch?referringPage=SearchResults
Toyota,Aqua,2015,No,$0,N/A,," Rear Damage, Structural Damage, Selling De-Registered","Automatic,",5,Hybrid,https://manheim.co.nz/damaged-vehicles/000000000007443141/2015-toyota-aqua-hatch?referringPage=SearchResults
Mazda,MAZDA2,2012,No,$0,N/A,," Interior Damage, Structural Damage, Water Damage, Selling De-Registered","Automatic,",5,Petrol,https://manheim.co.nz/damaged-vehicles/000000000007443149/2012-mazda-mazda2-sport-1-5-4at-hatch?referringPage=SearchResults
Toyota,Markx,2008,No,$0,N/A,," Front Damage, Structural Damage, Selling De-Registered","Automatic,",6,Petrol,https://manheim.co.nz/damaged-vehicles/000000000007443176/2008-toyota-markx-zio-station-wagon?referringPage=SearchResults
Mazda,MAZDA3,2004,No,$0,N/A,," Left Rear Damage, Structural Damage, Selling De-Registered","Automatic,",5,Petrol,https://manheim.co.nz/damaged-vehicles/000000000007443186/2004-mazda-mazda3-sporthatch-sp23-aut-hatch?referringPage=SearchResults
Volkswagen,Tiguan,2023,Yes,N/A,"61,733",," Engine Damage, Selling Registered","Automatic,",7,Petrol,https://manheim.co.nz/damaged-vehicles/000000000007413194/2023-volkswagen-tiguan-allspace-style-awd-station-wagon?referringPage=SearchResults
Toyota,Corolla,2007,No,$0,N/A,," Front Damage, Structural Damage, Selling De-Registered","Automatic,",5,Petrol,https://manheim.co.nz/damaged-vehicles/000000000007443208/2007-toyota-corolla-axio-sedan?referringPage=SearchResults
Toyota,Premio,2008,No,$0,"107,231",," Right Side Damage, Structural Damage, Selling De-Registered","Automatic,",5,Petrol,https://manheim.co.nz/damaged-vehicles/000000000007443213/2008-toyota-premio-sedan?referringPage=SearchResults
Nissan,Tiida Hatchback,2005,No,$0,"180,470",," Front Damage, Structural Damage, Selling De-Registered","Automatic,",5,Petrol,https://manheim.co.nz/damaged-vehicles/000000000007443220/2005-nissan-tiida-hatchback-hatch?referringPage=SearchResults
Toyota,Corolla,1995,Yes,$0,"190,842",," Glass Broken, Ignition Damage, Left Rear Damage, Vandalised - Interior, Stolen & Recovered, Selling Registered","4spd Automatic,",5,Petrol,https://manheim.co.nz/damaged-vehicles/000000000007443236/1995-toyota-corolla-sedan?referringPage=SearchResults
Toyota,Prius,2011,No,$0,"279,303",," Right Side Damage, Structural Damage, Selling De-Registered","Automatic,",5,Hybrid,https://manheim.co.nz/damaged-vehicles/000000000007443254/2011-toyota-prius-hybrid-hatch?referringPage=SearchResults
M.v. Agusta,Turismo Veloce,2017,No,$0,N/A,," Engine Damage, Water Damage, Selling De-Registered","Manual,",N/A,Petrol,https://manheim.co.nz/damaged-vehicles/000000000007443261/2017-mv-agusta-turismo-veloce-motorcycle?referringPage=SearchResults
Mitsubishi,ASX,2019,No,"$1,450","151,597",," Front Damage, Structural Damage, Selling De-Registered","Automatic,",5,Petrol,https://manheim.co.nz/damaged-vehicles/000000000007423276/2019-mitsubishi-asx-xls-2-0p-cvt-station-wagon?referringPage=SearchResults
Mazda,MAZDA6,2009,Yes,$0,"266,057",," Right Rear Damage, Selling Registered","Automatic,",5,Petrol,https://manheim.co.nz/damaged-vehicles/000000000007443283/2009-mazda-mazda6-sport-gsx-2-5-5at-hatch?referringPage=SearchResults
Suzuki,Grand Vitara,2015,No,$0,"144,223",," Front Damage, Structural Damage, Selling De-Registered","Automatic,",5,Petrol,https://manheim.co.nz/damaged-vehicles/000000000007443298/2015-suzuki-grand-vitara-wa2wdn-2-4p-4at-sw--station-wagon?referringPage=SearchResults
Mazda,Demio,2014,No,$0,"134,835",," Left Rear Damage, Left Side Damage, Structural Damage, Selling De-Registered","Automatic,",5,Petrol,https://manheim.co.nz/damaged-vehicles/000000000007443304/2014-mazda-demio-hatch?referringPage=SearchResults
Mercedes-Benz,CLC,2008,No,"$1,550","147,202",," Left Front Damage, Airbags Deployed, Structural Damage, Selling De-Registered","Automatic,",4,Petrol,https://manheim.co.nz/damaged-vehicles/000000000007433313/2008-mercedes-benz-clc-200k-hatch?referringPage=SearchResults
Holden,Commodore,2005,No,$500,"414,962",," Left Front Damage, Left Side Damage, Right Front Damage, Structural Damage, Suspension Damage, Selling De-Registered","Automatic,",5,Petrol,https://manheim.co.nz/damaged-vehicles/000000000007433317/2005-holden-commodore-s-v6-auto-sedan?referringPage=SearchResults
Toyota,Fortuner,2018,No,N/A,"181,674",," Structural Damage, Selling De-Registered","Automatic,",7,Diesel,https://manheim.co.nz/damaged-vehicles/000000000007443325/2018-toyota-fortuner-limited-2-8d-4wd-6a-station-wagon?referringPage=SearchResults
Toyota,Vitz,2007,No,$0,N/A,," Right Front Damage, Right Side Damage, Structural Damage, Selling De-Registered","Automatic,",5,Petrol,https://manheim.co.nz/damaged-vehicles/000000000007443347/2007-toyota-vitz-hatch?referringPage=SearchResults
Toyota,Corolla,2012,No,$0,"206,845",," Right Front Damage, Structural Damage, Suspension Damage, Selling De-Registered","Automatic,",5,Petrol,https://manheim.co.nz/damaged-vehicles/000000000007443349/2012-toyota-corolla-1-8p-gx-hatch-5-4a-hatch?referringPage=SearchResults
Nissan,Fuga,2007,Yes,"$1,050","167,353",, Selling Registered,"Automatic,",5,Petrol,https://manheim.co.nz/damaged-vehicles/000000000007423340/2007-nissan-fuga-450gt-sedan?referringPage=SearchResults
Suzuki,Swift Hatchback,2007,No,$0,"178,945",," Left Side Damage, Structural Damage, Selling De-Registered","Automatic,",5,Petrol,https://manheim.co.nz/damaged-vehicles/000000000007443351/2007-suzuki-swift-hatchback-hatch?referringPage=SearchResults
Mazda,MPV,2005,No,$0,N/A,," Left Side Damage, Structural Damage, Selling De-Registered","Automatic,",7,Petrol,https://manheim.co.nz/damaged-vehicles/000000000007443352/2005-mazda-mpv-station-wagon?referringPage=SearchResults
Nissan,Dualis,2010,No,$0,"80,827",," Airbags Deployed, Left Side Damage, Rear Damage, Right Side Damage, Structural Damage, Selling De-Registered",N/A,5,Petrol,https://manheim.co.nz/damaged-vehicles/000000000007443365/2010-nissan-dualis-station-wagon?referringPage=SearchResults
Toyota,Hiace,2008,No,N/A,"292,799",," Airbags Deployed, Front Damage, Left Side Damage, Structural Damage, Selling De-Registered","Automatic,",3,Petrol,https://manheim.co.nz/damaged-vehicles/000000000007443473/2008-toyota-hiace-van?referringPage=SearchResults
Toyota,Vitz,2004,Yes,$0,"200,482",," Front Damage, Selling Registered","5spd Manual,",5,Petrol,https://manheim.co.nz/damaged-vehicles/000000000007443474/2004-toyota-vitz-hatch?referringPage=SearchResults
Toyota,Hilux,1996,No,"$1,500","383,841",," Front Damage, Left Rear Damage, Right Front Damage, Structural Damage, Selling De-Registered","Automatic,",5,Petrol,https://manheim.co.nz/damaged-vehicles/000000000007433524/1996-toyota-hilux-surf-station-wagon?referringPage=SearchResults
Nissan,Tiida,2011,No,$0,"174,537",," Right Side Damage, Structural Damage, Selling De-Registered",N/A,5,Petrol,https://manheim.co.nz/damaged-vehicles/000000000007443532/2011-nissan-tiida-1-8-petrol-hatch-st-hatch?referringPage=SearchResults
Holden,Trax,2016,No,$700,"91,061",," Left Rear Damage, Structural Damage, Selling De-Registered","Automatic,",5,Petrol,https://manheim.co.nz/damaged-vehicles/000000000007433560/2016-holden-trax-ls-1-8p-6at-sw-4dr--station-wagon?referringPage=SearchResults
Kia,RIO,2020,No,N/A,"43,348",," Front Damage, Structural Damage, Selling De-Registered","Automatic,",5,Petrol,https://manheim.co.nz/damaged-vehicles/000000000007433576/2020-kia-rio-lx-1-4p-6at-hatch?referringPage=SearchResults
Toyota,Hilux,2019,Yes,N/A,N/A,," Stolen & Recovered, Selling Registered",N/A,N/A,Diesel,https://manheim.co.nz/damaged-vehicles/000000000007433578/2019-toyota-hilux-sr5-cruiser-td-dc-2-utility?referringPage=SearchResults
Ford,Falcon,2002,No,$650,N/A,, Selling De-Registered,N/A,5,Petrol,https://manheim.co.nz/damaged-vehicles/000000000007433619/2002-ford-falcon-auiii-xr6-4fa-sedan?referringPage=SearchResults
Custom,Homebuilt,1984,No,$0,N/A,0," Front Damage, Structural Damage, Selling De-Registered",N/A,N/A,N/A,https://manheim.co.nz/damaged-vehicles/000000000007443616/1984-custom-homebuilt-caravan?referringPage=SearchResults
KTM,390,2025,No,$0,N/A,, Selling De-Registered,N/A,N/A,Petrol,https://manheim.co.nz/damaged-vehicles/000000000007433646/2025-ktm-390-duke-399p-motorcycle?referringPage=SearchResults
Holden,Captiva,2015,Yes,$700,"309,856",," Left Side Damage, Selling Registered","Automatic,",7,Diesel,https://manheim.co.nz/damaged-vehicles/000000000007433673/2015-holden-captiva-7-ltz-2-2d-4wd-6at--station-wagon?referringPage=SearchResults
Toyota,Vellfire,2013,No,N/A,"116,934",," Right Front Damage, Structural Damage, Suspension Damage, Selling De-Registered","CVT,",8,Petrol,https://manheim.co.nz/damaged-vehicles/000000000007433689/2013-toyota-vellfire-station-wagon?referringPage=SearchResults
Suzuki,GSX250,2022,Yes,$0,N/A,," Stolen & Recovered, Selling Registered","Manual,",N/A,Petrol,https://manheim.co.nz/damaged-vehicles/000000000007443680/2022-suzuki-gsx250-frlm2-motorcycle?referringPage=SearchResults
Toyota,Aqua,2014,No,"$1,400","114,317",," Front Damage, Rear Damage, Structural Damage, Selling De-Registered","Automatic,",5,Hybrid,https://manheim.co.nz/damaged-vehicles/000000000007433705/2014-toyota-aqua-hatch?referringPage=SearchResults
CARAVAN,Caravan,2015,Yes,"$4,100",N/A,0," Roof Damage, Stolen & Recovered, Selling Registered",N/A,N/A,N/A,https://manheim.co.nz/damaged-vehicles/000000000007443716/2015-caravan-caravan-caravan?referringPage=SearchResults
Ford,Falcon UTE,2006,No,$650,N/A,," Left Front Damage, Left Rear Damage, Right Front Damage, Airbags Deployed, Dismantled - Interior, Selling De-Registered",N/A,2,Petrol,https://manheim.co.nz/damaged-vehicles/000000000007433725/2006-ford-falcon-ute-dual-cab-utility?referringPage=SearchResults
Kia,Optima,2012,Yes,"$1,925",N/A,," Right Side Damage, Stolen & Recovered, Selling Registered",N/A,5,Petrol,https://manheim.co.nz/damaged-vehicles/000000000007393729/2012-kia-optima-2-4-petrol-auto-ex-sedan?referringPage=SearchResults
LDV,T60,2021,No,N/A,"137,860",," Structural Damage, Under Body Damage, Selling De-Registered",N/A,5,Diesel,https://manheim.co.nz/damaged-vehicles/000000000007433761/2021-ldv-t60-4wd-at-2-8dt-4wd-6a-dual-cab-utility?referringPage=SearchResults
Volkswagen,Touran,2006,Yes,"$1,000",N/A,, Selling Registered,"Automatic,",5,Petrol,https://manheim.co.nz/damaged-vehicles/000000000007413817/2006-volkswagen-touran-2-0-fsi-station-wagon?referringPage=SearchResults
Nissan,Lafesta,2005,Yes,$700,N/A,," Stolen & Recovered, Selling Registered","5spd Automatic,",7,Petrol,https://manheim.co.nz/damaged-vehicles/000000000007413828/2005-nissan-lafesta-highway-star-station-wagon?referringPage=SearchResults
Nissan,Tiida,2006,No,$650,"112,664",," Front Damage, Structural Damage, Selling De-Registered",N/A,5,Petrol,https://manheim.co.nz/damaged-vehicles/000000000007423821/2006-nissan-tiida-sedan?referringPage=SearchResults
Toyota,Markx,2005,No,$700,"174,088",," Rear Damage, Structural Damage, Selling De-Registered","Automatic,",5,Petrol,https://manheim.co.nz/damaged-vehicles/000000000007433823/2005-toyota-markx-sedan?referringPage=SearchResults
Mazda,CX-5,2012,No,$650,"247,035",," Left Rear Damage, Structural Damage, Selling De-Registered","Automatic,",5,Petrol,https://manheim.co.nz/damaged-vehicles/000000000007423834/2012-mazda-cx-5-station-wagon?referringPage=SearchResults
Toyota,Aqua,2014,No,$500,N/A,," Left Front Damage, Structural Damage, Selling De-Registered","Automatic,",5,Hybrid,https://manheim.co.nz/damaged-vehicles/000000000007433852/2014-toyota-aqua-hatch?referringPage=SearchResults
BMW,Mini,2015,No,"$1,400","129,180",," Front Damage, Right Side Damage, Structural Damage, Selling De-Registered","Manual,",5,Petrol,https://manheim.co.nz/damaged-vehicles/000000000007433864/2015-bmw-mini-crossover-hatch?referringPage=SearchResults
Subaru,Impreza,2004,No,$700,"152,045",," Vandalised - Interior, Structural Damage, Selling De-Registered","Automatic,",5,Petrol,https://manheim.co.nz/damaged-vehicles/000000000007433869/2004-subaru-impreza-station-wagon?referringPage=SearchResults
Suzuki,Ignis,2018,Yes,"$5,250","13,529",," Stolen & Recovered, Selling Registered","5spd Automatic,",5,Petrol,https://manheim.co.nz/damaged-vehicles/000000000007443862/2018-suzuki-ignis-glx-1-2p-5mt-station-wagon?referringPage=SearchResults
Nissan,Dualis,2007,No,$500,N/A,," Front Damage, Left Front Damage, Left Rear Damage, Right Front Damage, Structural Damage, Selling De-Registered","Automatic,",5,Petrol,https://manheim.co.nz/damaged-vehicles/000000000007433881/2007-nissan-dualis-station-wagon?referringPage=SearchResults
Toyota,Yaris Cross,2020,No,N/A,N/A,," Front Damage, Airbags Deployed, Structural Damage, Selling De-Registered","Automatic,",5,Hybrid,https://manheim.co.nz/damaged-vehicles/000000000007433992/2020-toyota-yaris-cross-station-wagon?referringPage=SearchResults
Ford,Courier,2000,No,$1,N/A,," Fire Damage, Structural Damage, Stolen & Recovered, Selling De-Registered",N/A,5,Diesel,https://manheim.co.nz/damaged-vehicles/000000000007433993/2000-ford-courier-xl-crew-cab-svp-dual-cab-utility?referringPage=SearchResults
Ford,Ranger,2007,No,$0,"173,907",," Front Damage, Left Side Damage, Structural Damage, Selling De-Registered","Automatic,",4,Diesel,https://manheim.co.nz/damaged-vehicles/000000000007424031/2007-ford-ranger-3-0td-xl-rc-c-c-4x4-utility?referringPage=SearchResults
Toyota,Hilux,1998,No,"$1,400","267,493",," Front Damage, Left Front Damage, Right Front Damage, Structural Damage, Selling De-Registered","Automatic,",5,Petrol,https://manheim.co.nz/damaged-vehicles/000000000007434088/1998-toyota-hilux-surf-station-wagon?referringPage=SearchResults
Ford,Falcon,2009,No,$700,"293,704",," Left Front Damage, Left Rear Damage, Right Front Damage, Right Rear Damage, Vandalised - Interior, Selling De-Registered","5spd Automatic,",5,Petrol,https://manheim.co.nz/damaged-vehicles/000000000007444089/2009-ford-falcon-fg-xt-sedan-fa-sedan?referringPage=SearchResults
Kia,Sportage,2026,No,N/A,342,," Left Front Damage, Left Rear Damage, Right Front Damage, Right Rear Damage, Structural Damage, Selling De-Registered","Automatic,",5,Hybrid,https://manheim.co.nz/damaged-vehicles/000000000007434092/2026-kia-sportage-x-line-hev-2wd-1-6p-station-wagon?referringPage=SearchResults
Mitsubishi,Dion,2000,No,$500,N/A,," Left Front Damage, Right Front Damage, Right Rear Damage, Dismantled - Interior, Selling De-Registered","Automatic,",7,Petrol,https://manheim.co.nz/damaged-vehicles/000000000007434125/2000-mitsubishi-dion-station-wagon?referringPage=SearchResults
Honda,Jazz,2023,No,N/A,"11,722",," Front Damage, Airbags Deployed, Structural Damage, Selling De-Registered","Automatic,",5,Hybrid,https://manheim.co.nz/damaged-vehicles/000000000007434126/2023-honda-jazz-e-hev-rs-1-5ph-e-he-hatch?referringPage=SearchResults
Citroen,C3,2018,No,"$1,400","33,662",," Right Front Damage, Right Rear Damage, Right Side Damage, Dismantled - Interior, Structural Damage, Selling De-Registered","Automatic,",5,Petrol,https://manheim.co.nz/damaged-vehicles/000000000007434127/2018-citroen-c3-aircross-shine-1-2p-hatch?referringPage=SearchResults
Renault,Captur,2020,No,$700,"85,488",," Structural Damage, Selling De-Registered","Automatic,",5,Petrol,https://manheim.co.nz/damaged-vehicles/000000000007444126/2020-renault-captur-dynamique-1-2p-6am-hatch?referringPage=SearchResults
Nissan,Vanette,2009,No,$850,"241,470",," Left Front Damage, Left Rear Damage, Left Side Damage, Structural Damage, Selling De-Registered","Automatic,",2,Petrol,https://manheim.co.nz/damaged-vehicles/000000000007444135/2009-nissan-vanette-van?referringPage=SearchResults
Mazda,Premacy,2007,No,$500,"256,706",," Rear Damage, Right Rear Damage, Structural Damage, Selling De-Registered","Automatic,",7,Petrol,https://manheim.co.nz/damaged-vehicles/000000000007434161/2007-mazda-premacy-station-wagon?referringPage=SearchResults
BMW,116i,2015,No,"$1,400","144,353",," Front Damage, Structural Damage, Selling De-Registered","Automatic,",5,Petrol,https://manheim.co.nz/damaged-vehicles/000000000007424171/2015-bmw-116i-hatch?referringPage=SearchResults
Mazda,Demio,2013,No,$0,N/A,," Front Damage, Airbags Deployed, Structural Damage, Selling De-Registered",N/A,5,Petrol,https://manheim.co.nz/damaged-vehicles/000000000007434185/2013-mazda-demio-hatch?referringPage=SearchResults
Ford,Courier,2005,Yes,"$1,000","439,837",, Selling Registered,"5spd Manual,",3,Petrol,https://manheim.co.nz/damaged-vehicles/000000000007434198/2005-ford-courier-2-6p-xl-c-c-4x2-utility?referringPage=SearchResults
Toyota,Hiace,2021,No,N/A,"210,637",," Right Side Damage, Structural Damage, Selling De-Registered","5spd Automatic,",2,Diesel,https://manheim.co.nz/damaged-vehicles/000000000007424199/2021-toyota-hiace-zx-pvn-2-8dt-6at-van?referringPage=SearchResults
Toyota,Wish,2005,No,$550,N/A,," Front Damage, Structural Damage, Selling De-Registered","Automatic,",7,Petrol,https://manheim.co.nz/damaged-vehicles/000000000007434256/2005-toyota-wish-station-wagon?referringPage=SearchResults
Honda,fit,2010,No,$900,"127,467",," Underbody Damage, Selling De-Registered","CVT,",5,Hybrid,https://manheim.co.nz/damaged-vehicles/000000000007424293/2010-honda-fit-hybrid-hatch?referringPage=SearchResults
Ford,Falcon S XR8,1991,No,"$1,075",N/A,," Left Front Damage, Left Side Damage, Roof Damage, Selling De-Registered",N/A,5,Petrol,https://manheim.co.nz/damaged-vehicles/000000000007414296/1991-ford-falcon-s-xr8-sedan?referringPage=SearchResults
BMW,320i,2011,No,"$1,300",N/A,," Left Side Damage, Airbags Deployed, Structural Damage, Selling De-Registered","Automatic,",5,Petrol,https://manheim.co.nz/damaged-vehicles/000000000007434300/2011-bmw-320i-sedan?referringPage=SearchResults
Lexus,GS300,2001,No,$400,N/A,," Airbags Deployed, Structural Damage, Selling De-Registered",N/A,5,Petrol,https://manheim.co.nz/damaged-vehicles/000000000007434354/2001-lexus-gs300-3-0p-sedan-5a-sedan?referringPage=SearchResults
Holden,Commodore,2006,No,$600,N/A,," Right Front Damage, Structural Damage, Selling De-Registered",N/A,5,Petrol,https://manheim.co.nz/damaged-vehicles/000000000007384386/2006-holden-commodore-sv6-3-6p-5at-sedan?referringPage=SearchResults
Jaguar,XF 3.0DS Saloon,2010,No,$650,"195,924",," Left Front Damage, Structural Damage, Selling De-Registered","Automatic,",5,Diesel,https://manheim.co.nz/damaged-vehicles/000000000007424396/2010-jaguar-xf-3-0ds-saloon-sedan?referringPage=SearchResults
Subaru,Legacy,2012,No,$750,N/A,," Right Front Damage, Structural Damage, Selling De-Registered","Automatic,",5,Petrol,https://manheim.co.nz/damaged-vehicles/000000000007434472/2012-subaru-legacy-station-wagon?referringPage=SearchResults
Nissan,Wingroad,2008,Yes,$600,"218,295",," Right Side Damage, Selling Registered","Automatic,",5,Petrol,https://manheim.co.nz/damaged-vehicles/000000000007424577/2008-nissan-wingroad-station-wagon?referringPage=SearchResults
LDV,V80,2018,No,"$2,300","133,277",," Front Damage, Left Front Damage, Left Side Damage, Structural Damage, Selling De-Registered",N/A,3,Diesel,https://manheim.co.nz/damaged-vehicles/000000000007424610/2018-ldv-v80-bigger-amt-2-5d-6am-high-roof-van?referringPage=SearchResults
CF Moto,Cforce 500,2023,No,$0,N/A,," Engine Damage, Gearbox Damage, Water Damage, Selling De-Registered",N/A,N/A,Petrol,https://manheim.co.nz/damaged-vehicles/000000000007424669/2023-cf-moto-cforce-500-quad-bike?referringPage=SearchResults
Nissan,X-trail,2014,No,$800,"94,797",," Structural Damage, Selling De-Registered",N/A,5,Petrol,https://manheim.co.nz/damaged-vehicles/000000000007404723/2014-nissan-x-trail-station-wagon?referringPage=SearchResults
Nissan,Tiida,2008,No,$600,N/A,," Right Side Damage, Structural Damage, Selling De-Registered",N/A,5,Petrol,https://manheim.co.nz/damaged-vehicles/000000000007434734/2008-nissan-tiida-hatch?referringPage=SearchResults
Mazda,Atenza,2006,Yes,$500,N/A,," Right Side Damage, Selling Registered","Automatic,",5,Petrol,https://manheim.co.nz/damaged-vehicles/000000000007434737/2006-mazda-atenza-sedan?referringPage=SearchResults
Suzuki,Baleno,2017,No,$750,"151,837",," Front Damage, Structural Damage, Selling De-Registered","Automatic,",5,Petrol,https://manheim.co.nz/damaged-vehicles/000000000007434777/2017-suzuki-baleno-glxa-1-4p-4at-hatch?referringPage=SearchResults
Ford,Laser,2001,No,$425,N/A,," Left Side Damage, Selling De-Registered",N/A,5,Petrol,https://manheim.co.nz/damaged-vehicles/000000000007424808/2001-ford-laser-1-6-lxi-5dr-man-hatch?referringPage=SearchResults
Toyota,Vitz,2001,No,$275,1,," Right Side Damage, Structural Damage, Stolen & Recovered, Selling De-Registered","Automatic,",5,Petrol,https://manheim.co.nz/damaged-vehicles/000000000007434813/2001-toyota-vitz-hatch?referringPage=SearchResults
Toyota,Aqua,2016,No,$850,"124,683",," Front Damage, Left Front Damage, Right Front Damage, Structural Damage, Selling De-Registered","Automatic,",5,Hybrid,https://manheim.co.nz/damaged-vehicles/000000000007434834/2016-toyota-aqua-hatch?referringPage=SearchResults
Mazda,Demio,2004,No,$500,"220,412",," Chassis Damage, Left Front Damage, Structural Damage, Suspension Damage, Selling De-Registered","Automatic,",5,Petrol,https://manheim.co.nz/damaged-vehicles/000000000007434840/2004-mazda-demio-hatch?referringPage=SearchResults
Volkswagen,Caddy,2015,No,"$1,300",N/A,," Fire Damage, Roof Damage, Fire - Interior, Structural Damage, Selling De-Registered","Automatic,",5,Diesel,https://manheim.co.nz/damaged-vehicles/000000000007424978/2015-volkswagen-caddy-maxi-life-1-6-dsg-station-wagon?referringPage=SearchResults
Ford,Focus,2014,Yes,"$1,000","171,244",, Selling Registered,"6spd Automatic,",5,Petrol,https://manheim.co.nz/damaged-vehicles/000000000007434994/2014-ford-focus-ambiente-1-6-a-w-station-wagon?referringPage=SearchResults
Toyota,Vitz,2004,No,"$1,025",N/A,," Right Rear Damage, Structural Damage, Selling De-Registered","Automatic,",5,Petrol,https://manheim.co.nz/damaged-vehicles/000000000007415008/2004-toyota-vitz-rs-hatch?referringPage=SearchResults
Suzuki,Swift,2020,No,"$2,300","70,081",," Front Damage, Structural Damage, Selling De-Registered","Automatic,",5,Petrol,https://manheim.co.nz/damaged-vehicles/000000000007415012/2020-suzuki-swift-rs-1-0pt-6at-hatch?referringPage=SearchResults
Nissan,Fuga,2007,No,$600,N/A,, Selling De-Registered,N/A,5,Petrol,https://manheim.co.nz/damaged-vehicles/000000000007425020/2007-nissan-fuga-sedan?referringPage=SearchResults
Mitsubishi,Mirage,1999,No,$400,N/A,, Selling De-Registered,N/A,5,Petrol,https://manheim.co.nz/damaged-vehicles/000000000007425037/1999-mitsubishi-mirage-dingo-hatch?referringPage=SearchResults
FORZA,Capri LX Motorcycle,2020,No,$0,"3,165",," Front Damage, Structural Damage, Stolen & Recovered, Selling De-Registered","Automatic,",N/A,Petrol,https://manheim.co.nz/damaged-vehicles/000000000007435030/2020-forza-capri-lx-motorcycle-motorcycle?referringPage=SearchResults
Honda,Elysion,2004,No,$650,N/A,, Selling De-Registered,N/A,8,Petrol,https://manheim.co.nz/damaged-vehicles/000000000007425052/2004-honda-elysion-station-wagon?referringPage=SearchResults
Ford,Focus,2009,Yes,$600,"243,569",," Ignition Damage, Selling Registered","Automatic,",5,Petrol,https://manheim.co.nz/damaged-vehicles/000000000007435072/2009-ford-focus-1-6-a-hatch-hatch?referringPage=SearchResults
Suzuki,Swift,2011,No,$400,"226,856",," Airbags Deployed, Front Damage, Airbags Deployed, Structural Damage, Suspension Damage, Selling De-Registered",N/A,5,Petrol,https://manheim.co.nz/damaged-vehicles/000000000007435076/2011-suzuki-swift-hatch?referringPage=SearchResults
Ford,Fiesta,2015,No,$700,"217,819",," Left Rear Damage, Rear Damage, Right Rear Damage, Structural Damage, Selling De-Registered","Automatic,",5,Petrol,https://manheim.co.nz/damaged-vehicles/000000000007435085/2015-ford-fiesta-hatch?referringPage=SearchResults
FOTON,Tunland,2018,No,$700,N/A,," Front Damage, Left Side Damage, Rear Damage, Structural Damage, Selling De-Registered",N/A,5,Diesel,https://manheim.co.nz/damaged-vehicles/000000000007435093/2018-foton-tunland-4wd-s-2-8dt-4wd-5mt-utility?referringPage=SearchResults
Ford,Escape,2018,No,"$1,000","195,288",," Front Damage, Airbags Deployed, Structural Damage, Selling De-Registered","Automatic,",5,Petrol,https://manheim.co.nz/damaged-vehicles/000000000007425095/2018-ford-escape-ambiente-fwd-petrol-station-wagon?referringPage=SearchResults
Nissan,Leaf,2014,No,$700,"120,241",," Left Side Damage, Right Side Damage, Structural Damage, Selling De-Registered","Automatic, Drive Type, Front Wheel Drive, Fuel Type, Electri",5,Electric,https://manheim.co.nz/damaged-vehicles/000000000007425100/2014-nissan-leaf-hatch?referringPage=SearchResults
Holden,Astra,2008,No,$500,N/A,," Front Damage, Structural Damage, Selling De-Registered","Automatic,",5,Petrol,https://manheim.co.nz/damaged-vehicles/000000000007425103/2008-holden-astra-my8-5-cd-hatch-auto-hatch?referringPage=SearchResults
Ford,Kuga,2013,No,$700,"106,792",," Engine Damage, Fire Damage, Left Front Damage, Fire - Engine, Selling De-Registered","6spd Automatic,",5,Petrol,https://manheim.co.nz/damaged-vehicles/000000000007435101/2013-ford-kuga-awd-1-6p-ecoboost-a-station-wagon?referringPage=SearchResults
Volkswagen,Caddy,2013,No,$700,N/A,," Front Damage, Structural Damage, Selling De-Registered","Manual,",2,Petrol,https://manheim.co.nz/damaged-vehicles/000000000007435116/2013-volkswagen-caddy-maxi-van-1-2-man-van?referringPage=SearchResults
Mitsubishi,Lancer,2012,No,$650,"191,365",," Right Side Damage, Structural Damage, Suspension Damage, Selling De-Registered",N/A,5,Petrol,https://manheim.co.nz/damaged-vehicles/000000000007435118/2012-mitsubishi-lancer-2-0p-sei-sedan-auto-sedan?referringPage=SearchResults
Toyota,RAV4,2023,No,N/A,N/A,," Airbags Deployed, Rear Damage, Right Front Damage, Right Side Damage, Structural Damage, Selling De-Registered","Automatic,",5,Hybrid,https://manheim.co.nz/damaged-vehicles/000000000007435130/2023-toyota-rav4-gxl-2-5ph-4wd-hd-station-wagon?referringPage=SearchResults
Hyundai,Sonata,2018,No,N/A,"172,561",," Right Front Damage, Right Side Damage, Structural Damage, Selling De-Registered","Automatic,",5,Petrol,https://manheim.co.nz/damaged-vehicles/000000000007435146/2018-hyundai-sonata-2-4p-6at-sl-4dr-5s-sedan?referringPage=SearchResults
Holden,Captiva,2010,Yes,$0,"161,174",, Selling Registered,"5spd Manual,",5,Petrol,https://manheim.co.nz/damaged-vehicles/000000000007415141/2010-holden-captiva-5-2-4l-fwd-mt-station-wagon?referringPage=SearchResults
Kawasaki,KLE,2019,No,$0,N/A,," Structural Damage, Selling De-Registered",N/A,N/A,Petrol,https://manheim.co.nz/damaged-vehicles/000000000007425150/2019-kawasaki-kle-300c-motorcycle?referringPage=SearchResults
Toyota,Markx,2007,No,$650,"199,012",," Left Rear Damage, Structural Damage, Selling De-Registered","Automatic,",5,Petrol,https://manheim.co.nz/damaged-vehicles/000000000007435188/2007-toyota-markx-sedan?referringPage=SearchResults
Volkswagen,Passat,2008,No,$0,N/A,, Selling De-Registered,N/A,5,N/A,https://manheim.co.nz/damaged-vehicles/000000000007425274/2008-volkswagen-passat-tdi-125kw-6dsg-var-station-wagon?referringPage=SearchResults
Toyota,Prius,2014,No,$750,N/A,," Front Damage, Rear Damage, Airbags Deployed, Structural Damage, Selling De-Registered","Automatic,",5,Hybrid,https://manheim.co.nz/damaged-vehicles/000000000007435305/2014-toyota-prius-hatch?referringPage=SearchResults
Toyota,Corolla,2004,No,$500,N/A,, Selling De-Registered,"Automatic,",5,Petrol,https://manheim.co.nz/damaged-vehicles/000000000007435310/2004-toyota-corolla-runx-hatch?referringPage=SearchResults
BYD,Atto 3,2026,No,N/A,N/A,," Front Damage, Rear Damage, Right Side Damage, Airbags Deployed, Structural Damage, Selling De-Registered",N/A,5,Electric,https://manheim.co.nz/damaged-vehicles/000000000007435311/2026-byd-atto-3-th-superior-ev-60kw-station-wagon?referringPage=SearchResults
Volkswagen,Polo,2017,No,"$1,400",N/A,," Left Rear Damage, Left Side Damage, Structural Damage, Suspension Damage, Selling De-Registered",N/A,5,Petrol,https://manheim.co.nz/damaged-vehicles/000000000007435346/2017-volkswagen-polo-tsi-66kw-cl-1-2p-7a-hatch?referringPage=SearchResults
Mazda,MAZDA3,2008,No,$500,"259,945",," Left Front Damage, Left Side Damage, Right Front Damage, Structural Damage, Selling De-Registered","Manual,",5,Petrol,https://manheim.co.nz/damaged-vehicles/000000000007425356/2008-mazda-mazda3-sporthatch-sp23-2-3-hatch?referringPage=SearchResults
Toyota,RAV4,2020,No,"$2,300",1,," Front Damage, Roof Damage, Structural Damage, Selling De-Registered","Automatic,",5,Hybrid,https://manheim.co.nz/damaged-vehicles/000000000007395353/2020-toyota-rav4-station-wagon?referringPage=SearchResults
Toyota,Prius,2018,No,N/A,N/A,," Airbags Deployed, Interior Damage, Left Side Damage, Structural Damage, Selling De-Registered",N/A,5,Hybrid,https://manheim.co.nz/damaged-vehicles/000000000007435379/2018-toyota-prius-hatch?referringPage=SearchResults
Holden,Colorado,2019,No,N/A,"279,541",," Front Damage, Right Side Damage, Structural Damage, Selling De-Registered","Automatic,",5,Diesel,https://manheim.co.nz/damaged-vehicles/000000000007435380/2019-holden-colorado-z71-dc-pu-2-8dt-4wd-dual-cab-utility?referringPage=SearchResults
Citroen,C3,2014,No,$700,N/A,," Front Damage, Structural Damage, Selling De-Registered","Automatic,",5,Petrol,https://manheim.co.nz/damaged-vehicles/000000000007435387/2014-citroen-c3-exclusiveauto-1-6p4-hatch?referringPage=SearchResults
Nissan,Tiida,2004,Yes,$0,N/A,," Vandalised - Interior, Selling Registered","Automatic,",5,Petrol,https://manheim.co.nz/damaged-vehicles/000000000007425396/2004-nissan-tiida-hatch?referringPage=SearchResults
Hyundai,I20,2017,No,"$1,400","108,945",," Front Damage, Rear Damage, Structural Damage, Selling De-Registered","Automatic,",5,Petrol,https://manheim.co.nz/damaged-vehicles/000000000007425439/2017-hyundai-i20-1-4p-4at-hatch?referringPage=SearchResults
Toyota,Vitz,2002,No,$200,"165,846",," Airbags Deployed, Front Damage, Structural Damage, Selling De-Registered",N/A,5,Petrol,https://manheim.co.nz/damaged-vehicles/000000000007425475/2002-toyota-vitz-hatch?referringPage=SearchResults
Ford,Ranger,2018,No,N/A,"180,096",," Front Damage, Right Side Damage, Structural Damage, Selling De-Registered","Automatic,",5,Diesel,https://manheim.co.nz/damaged-vehicles/000000000007425502/2018-ford-ranger-xlt-double-cab-w-sa-dual-cab-utility?referringPage=SearchResults
Suzuki,GW250,2015,No,$300,"52,328",," Front Damage, Stolen & Recovered, Selling De-Registered","Automatic,",N/A,Petrol,https://manheim.co.nz/damaged-vehicles/000000000007395553/2015-suzuki-gw250-inazuma-lam-motorcycle?referringPage=SearchResults
Ssangyong,Korando,2013,No,$650,N/A,, Selling De-Registered,"Automatic,",5,Petrol,https://manheim.co.nz/damaged-vehicles/000000000007425622/2013-ssangyong-korando-petrol-2wd-sport-a6-station-wagon?referringPage=SearchResults
Audi,A3,2007,No,$750,"238,479",," Left Rear Damage, Left Side Damage, Airbags Deployed, Structural Damage, Selling De-Registered","Automatic,",5,Petrol,https://manheim.co.nz/damaged-vehicles/000000000007435649/2007-audi-a3-hatch?referringPage=SearchResults
Toyota,Corolla,2006,Yes,"$1,450",N/A,," Left Side Damage, Right Front Damage, Selling Registered","Manual,",5,Petrol,https://manheim.co.nz/damaged-vehicles/000000000007435665/2006-toyota-corolla-1-8p-gl-hatch5-5m-hatch?referringPage=SearchResults
Nissan,Navara,2012,No,"$1,300","252,599",," Left Side Damage, Structural Damage, Selling De-Registered","Automatic,",5,Diesel,https://manheim.co.nz/damaged-vehicles/000000000007435668/2012-nissan-navara-d-c-2-5d-2wd-st-mt-dual-cab-utility?referringPage=SearchResults
Toyota,Corolla,2015,No,$750,"171,090",, Selling De-Registered,"CVT,",5,Petrol,https://manheim.co.nz/damaged-vehicles/000000000007435692/2015-toyota-corolla-gx-1-5p-cvt-sw-4dr--station-wagon?referringPage=SearchResults
Volvo,S60,2006,No,$500,N/A,, Selling De-Registered,"5spd Automatic,",5,Petrol,https://manheim.co.nz/damaged-vehicles/000000000007435693/2006-volvo-s60-sedan?referringPage=SearchResults
Volvo,XC60,2011,Yes,"$1,300",N/A,," Front Damage, Selling Registered","Automatic,",5,Petrol,https://manheim.co.nz/damaged-vehicles/000000000007435710/2011-volvo-xc60-station-wagon?referringPage=SearchResults
Mitsubishi,Outlander,2023,No,N/A,"97,530",," Front Damage, Left Front Damage, Left Side Damage, Structural Damage, Selling De-Registered","Automatic,",7,Hybrid,https://manheim.co.nz/damaged-vehicles/000000000007425715/2023-mitsubishi-outlander-vrx-phev-4wd-at-station-wagon?referringPage=SearchResults
Honda,CBR,2019,No,"$1,000","16,261",," Front Damage, Right Side Damage, Structural Damage, Selling De-Registered","Automatic,",N/A,Petrol,https://manheim.co.nz/damaged-vehicles/000000000007405771/2019-honda-cbr-500-p-motorcycle?referringPage=SearchResults
Nissan,Caravan,2012,No,"$1,400",N/A,," Front Damage, Structural Damage, Selling De-Registered","Automatic,",3,Diesel,https://manheim.co.nz/damaged-vehicles/000000000007435790/2012-nissan-caravan-nv350-van?referringPage=SearchResults
Nissan,NV200,2014,No,"$1,300",N/A,," Right Side Damage, Structural Damage, Selling De-Registered","Automatic,",2,Petrol,https://manheim.co.nz/damaged-vehicles/000000000007435827/2014-nissan-nv200-vanette-van?referringPage=SearchResults
Toyota,Corolla,1995,Yes,$600,"136,540",," Glass Broken, Ignition Damage, Right Rear Damage, Stolen & Recovered, Selling Registered","Automatic,",5,Petrol,https://manheim.co.nz/damaged-vehicles/000000000007425825/1995-toyota-corolla-1-6p-gl-hback5-4a-hatch?referringPage=SearchResults
Hyundai,Accent,2007,No,$500,"212,174",," Rear Damage, Right Rear Damage, Structural Damage, Selling De-Registered","4spd Automatic,",5,Petrol,https://manheim.co.nz/damaged-vehicles/000000000007425828/2007-hyundai-accent-1-6-gls-4d-a4-sedan?referringPage=SearchResults
Subaru,XV,2019,No,N/A,"111,268",," Left Front Damage, Left Rear Damage, Left Side Damage, Right Front Damage, Underbody Damage, Structural Damage, Selling De-Registered","Automatic,",5,Petrol,https://manheim.co.nz/damaged-vehicles/000000000007435835/2019-subaru-xv-premium-2-0p-4wd-7a-station-wagon?referringPage=SearchResults
Subaru,Legacy,1997,No,$50,N/A,," Rear Damage, Dismantled - Entire Vehicle, Structural Damage, Stolen & Recovered, Selling De-Registered",N/A,5,Petrol,https://manheim.co.nz/damaged-vehicles/000000000007435846/1997-subaru-legacy-250t-station-wagon?referringPage=SearchResults
Nissan,Leaf,2012,No,$0,"68,689",," Left Side Damage, Structural Damage, Selling De-Registered","Automatic, Fuel Type, Electri",5,Electric,https://manheim.co.nz/damaged-vehicles/000000000007445884/2012-nissan-leaf-zero-emission-hatch?referringPage=SearchResults
Toyota,Vanguard,2007,No,$0,N/A,," Front Damage, Left Side Damage, Structural Damage, Selling De-Registered",N/A,7,Petrol,https://manheim.co.nz/damaged-vehicles/000000000007445894/2007-toyota-vanguard-station-wagon?referringPage=SearchResults
Nissan,X-trail,2014,No,$0,N/A,," Airbags Deployed, Left Rear Damage, Right Side Damage, Structural Damage, Selling De-Registered","Automatic,",7,Petrol,https://manheim.co.nz/damaged-vehicles/000000000007445920/2014-nissan-x-trail-st-2-5p-6cvt-sw-5dr-station-wagon?referringPage=SearchResults
Jeep,Grand Cherokee,2008,Yes,"$1,025",N/A,," Left Rear Damage, Right Side Damage, Selling Registered",N/A,5,Petrol,https://manheim.co.nz/damaged-vehicles/000000000007435921/2008-jeep-grand-cherokee-station-wagon?referringPage=SearchResults
Volkswagen,EOS,2007,No,$0,N/A,," Interior Damage, Water Damage, Selling De-Registered","6spd Automatic,",4,Petrol,https://manheim.co.nz/damaged-vehicles/000000000007445932/2007-volkswagen-eos-3-2-v6-6dsg-coup%C3%A9?referringPage=SearchResults
Holden,Adventra,2004,No,N/A,"229,008",," Right Rear Damage, Structural Damage, Selling De-Registered",N/A,5,Petrol,https://manheim.co.nz/damaged-vehicles/000000000007445934/2004-holden-adventra-vy2-cx8-station-wagon?referringPage=SearchResults
Mazda,MAZDA2,2016,No,$0,N/A,," Front Damage, Structural Damage, Selling De-Registered","Automatic,",5,Petrol,https://manheim.co.nz/damaged-vehicles/000000000007445951/2016-mazda-mazda2-hatch-gsx-1-5-6at-hatch?referringPage=SearchResults
Honda,Civic,2013,No,$0,N/A,," Left Side Damage, Structural Damage, Selling De-Registered","Automatic,",5,Petrol,https://manheim.co.nz/damaged-vehicles/000000000007445953/2013-honda-civic-l-1-8p-5at-hatch?referringPage=SearchResults
Mazda,Axela,2012,No,$0,"121,454",," Interior Damage, Roof Damage, Structural Damage, Selling De-Registered","Automatic,",5,Petrol,https://manheim.co.nz/damaged-vehicles/000000000007445959/2012-mazda-axela-hatch?referringPage=SearchResults
Toyota,Corolla,2008,No,"$1,300","182,679",," Chassis Damage, Front Damage, Left Rear Damage, Left Side Damage, Structural Damage, Selling De-Registered","Automatic,",5,Petrol,https://manheim.co.nz/damaged-vehicles/000000000007435968/2008-toyota-corolla-fielder-station-wagon?referringPage=SearchResults
Suzuki,GW250Z,2017,No,$0,"30,392",," Structural Damage, Selling De-Registered",N/A,N/A,Petrol,https://manheim.co.nz/damaged-vehicles/000000000007435970/2017-suzuki-gw250z-inazuma-motorcycle?referringPage=SearchResults
Mazda,MAZDA3,2018,No,"$1,400","112,017",," Left Front Damage, Right Rear Damage, Structural Damage, Selling De-Registered","Automatic,",5,Petrol,https://manheim.co.nz/damaged-vehicles/000000000007405973/2018-mazda-mazda3-glx-2-0p-6at-hatch?referringPage=SearchResults
Honda,Jazz,2019,No,"$1,500",N/A,," Engine Damage, Left Rear Damage, Left Side Damage, Structural Damage, Stolen & Recovered, Selling De-Registered","CVT,",5,Petrol,https://manheim.co.nz/damaged-vehicles/000000000007435986/2019-honda-jazz-s-1-3p-cvt-hatch?referringPage=SearchResults
Nissan,Wingroad,2007,No,$700,N/A,," Interior Damage, Left Rear Damage, Vandalised - Interior, Structural Damage, Stolen & Recovered, Suspension Damage, Selling De-Registered","Automatic,",5,Petrol,https://manheim.co.nz/damaged-vehicles/000000000007435990/2007-nissan-wingroad-station-wagon?referringPage=SearchResults
Mitsubishi,Diamante,2001,No,$0,"140,604",," Glass Broken, Right Front Damage, Structural Damage, Under Body Damage, Selling De-Registered","4spd Automatic,",5,Petrol,https://manheim.co.nz/damaged-vehicles/000000000007445991/2001-mitsubishi-diamante-3-5p-sei-sedan-a-sedan?referringPage=SearchResults
Subaru,Legacy,2007,No,$0,"147,940",," Right Front Damage, Structural Damage, Suspension Damage, Selling De-Registered","5spd Automatic,",5,Petrol,https://manheim.co.nz/damaged-vehicles/000000000007445993/2007-subaru-legacy-station-wagon?referringPage=SearchResults
Toyota,Aqua,2017,No,"$1,300","94,107",," Left Front Damage, Left Rear Damage, Left Side Damage, Rear Damage, Structural Damage, Selling De-Registered","CVT,",5,Hybrid,https://manheim.co.nz/damaged-vehicles/000000000007426020/2017-toyota-aqua-hybrid-hatch?referringPage=SearchResults
Mazda,Demio,2010,No,$0,"146,171",," Front Damage, Glass Broken, Ignition Damage, Left Side Damage, Rear Damage, Vandalised - Interior, Structural Damage, Stolen & Recovered, Selling De-Registered",N/A,5,Petrol,https://manheim.co.nz/damaged-vehicles/000000000007446032/2010-mazda-demio-hatch?referringPage=SearchResults
Toyota,Yaris,2008,No,$0,N/A,," Right Front Damage, Structural Damage, Suspension Damage, Selling De-Registered","Automatic,",5,Petrol,https://manheim.co.nz/damaged-vehicles/000000000007446036/2008-toyota-yaris-1-3p-hatch5-4a-hatch?referringPage=SearchResults
Nissan,Navara,2000,No,$0,N/A,," Chassis Damage, Front Damage, Left Side Damage, Roof Damage, Right Side Damage, Structural Damage, Selling De-Registered","5spd Manual,",2,Diesel,https://manheim.co.nz/damaged-vehicles/000000000007446054/2000-nissan-navara-utility?referringPage=SearchResults
Subaru,Impreza,2012,No,$500,N/A,," Front Damage, Structural Damage, Selling De-Registered",N/A,5,Petrol,https://manheim.co.nz/damaged-vehicles/000000000007426055/2012-subaru-impreza-hatch?referringPage=SearchResults
Toyota,Aqua,2012,No,$700,"132,118",," Front Damage, Left Front Damage, Structural Damage, Suspension Damage, Selling De-Registered","4spd Automatic,",5,Hybrid,https://manheim.co.nz/damaged-vehicles/000000000007416061/2012-toyota-aqua-hatch?referringPage=SearchResults
Nissan,Wingroad,2004,No,$500,"291,411",," Left Front Damage, Left Rear Damage, Left Side Damage, Structural Damage, Selling De-Registered","Automatic,",5,Petrol,https://manheim.co.nz/damaged-vehicles/000000000007436082/2004-nissan-wingroad-station-wagon?referringPage=SearchResults
Suzuki,Swift,2009,No,$550,"167,837",," Rear Damage, Structural Damage, Selling De-Registered","5spd Manual,",5,Petrol,https://manheim.co.nz/damaged-vehicles/000000000007416108/2009-suzuki-swift-sport-hatch?referringPage=SearchResults
ANGLO,Jackson,1978,No,$0,N/A,0," Front Damage, Rear Damage, Right Side Damage, Dismantled - Interior, Underbody Damage, Selling De-Registered",N/A,N/A,N/A,https://manheim.co.nz/damaged-vehicles/000000000007436111/1978-anglo-jackson-caravan?referringPage=SearchResults
Ford,Endura,2019,No,$0,N/A,," Front Damage, Airbags Deployed, Structural Damage, Selling De-Registered","Automatic,",5,Diesel,https://manheim.co.nz/damaged-vehicles/000000000007446140/2019-ford-endura-st-line-2-0d-4wd-8a-station-wagon?referringPage=SearchResults
Toyota,Aqua,2014,No,$850,"117,991",," Front Damage, Interior Damage, Structural Damage, Stolen & Recovered, Suspension Damage, Selling De-Registered","Automatic,",5,Hybrid,https://manheim.co.nz/damaged-vehicles/000000000007426158/2014-toyota-aqua-hatch?referringPage=SearchResults
Honda,Edix,2005,No,$0,N/A,," Chassis Damage, Left Front Damage, Structural Damage, Selling De-Registered","Automatic,",6,Petrol,https://manheim.co.nz/damaged-vehicles/000000000007446166/2005-honda-edix-station-wagon?referringPage=SearchResults
BMW,135i Sports Car,2008,No,$0,N/A,," Water Damage, Selling De-Registered","Automatic,",4,Petrol,https://manheim.co.nz/damaged-vehicles/000000000007446168/2008-bmw-135i-sports-car-coup%C3%A9?referringPage=SearchResults
Subaru,Legacy,2002,No,$0,N/A,," Front Damage, Ignition Damage, Left Front Damage, Stolen & Recovered, Selling De-Registered",N/A,5,Petrol,https://manheim.co.nz/damaged-vehicles/000000000007446169/2002-subaru-legacy-gt30-station-wagon?referringPage=SearchResults
Mazda,Demio,2001,No,$100,"249,993",, Selling De-Registered,"Automatic,",5,Petrol,https://manheim.co.nz/damaged-vehicles/000000000007396180/2001-mazda-demio-hatch?referringPage=SearchResults
Nissan,Note,2005,No,$175,"160,118",," Rear Damage, Structural Damage, Selling De-Registered","Automatic,",5,Petrol,https://manheim.co.nz/damaged-vehicles/000000000007426193/2005-nissan-note-hatch?referringPage=SearchResults
Toyota,Corolla,2011,Yes,$0,"266,235",," Front Damage, Left Side Damage, Right Rear Damage, Selling Registered","Automatic,",5,Petrol,https://manheim.co.nz/damaged-vehicles/000000000007446212/2011-toyota-corolla-1-8p-gx-hatch-5-4a-hatch?referringPage=SearchResults
Nissan,Serena,2018,No,N/A,N/A,," Engine Damage, Front Damage, Airbags Deployed, Structural Damage, Transmission Failure, Under Body Damage, Selling De-Registered",N/A,8,Hybrid,https://manheim.co.nz/damaged-vehicles/000000000007446214/2018-nissan-serena-station-wagon?referringPage=SearchResults
Nissan,Bluebird,2006,No,$0,"130,785",," Left Rear Damage, Structural Damage, Selling De-Registered","Automatic,",5,Petrol,https://manheim.co.nz/damaged-vehicles/000000000007446215/2006-nissan-bluebird-sylphy-sedan?referringPage=SearchResults
Nissan,Micra,2013,No,$0,"104,205",," Left Side Damage, Structural Damage, Selling De-Registered",N/A,5,Petrol,https://manheim.co.nz/damaged-vehicles/000000000007446219/2013-nissan-micra-st-l-hatch?referringPage=SearchResults
Toyota,Starlet,1997,No,$500,"241,792",," Left Rear Damage, Right Rear Damage, Structural Damage, Selling De-Registered","2spd Automatic,",5,Petrol,https://manheim.co.nz/damaged-vehicles/000000000007436237/1997-toyota-starlet-hatch?referringPage=SearchResults
Toyota,Corolla,2013,Yes,"$1,250",N/A,, Selling Registered,"CVT,",5,Petrol,https://manheim.co.nz/damaged-vehicles/000000000007416247/2013-toyota-corolla-gx-1-5p-wagon-cvt-station-wagon?referringPage=SearchResults
Toyota,Auris,2007,No,$0,N/A,," Chassis Damage, Front Damage, Structural Damage, Selling De-Registered",N/A,5,Petrol,https://manheim.co.nz/damaged-vehicles/000000000007446241/2007-toyota-auris-hatch?referringPage=SearchResults
Ford,Fiesta,2015,No,$0,"116,031",," Right Front Damage, Right Side Damage, Structural Damage, Selling De-Registered","5spd,",5,Petrol,https://manheim.co.nz/damaged-vehicles/000000000007446242/2015-ford-fiesta-hatch?referringPage=SearchResults
MORRIS,1000,1961,No,$0,"81,682",," Front Damage, Structural Damage, Selling De-Registered",N/A,N/A,N/A,https://manheim.co.nz/damaged-vehicles/000000000007446245/1961-morris-1000-sedan?referringPage=SearchResults
Volkswagen,Tiguan,2012,No,$0,"160,792",," Left Front Damage, Right Front Damage, Right Rear Damage, Right Side Damage, Structural Damage, Selling De-Registered","Automatic,",5,Petrol,https://manheim.co.nz/damaged-vehicles/000000000007446247/2012-volkswagen-tiguan-station-wagon?referringPage=SearchResults
Toyota,Markx,2007,Yes,$0,"133,205",," Left Front Damage, Left Rear Damage, Vandalised - Interior, Selling Registered","Automatic,",5,Petrol,https://manheim.co.nz/damaged-vehicles/000000000007446249/2007-toyota-markx-sedan?referringPage=SearchResults
Subaru,Legacy,2008,No,$0,"166,642",," Left Rear Damage, Structural Damage, Selling De-Registered","Automatic,",5,Petrol,https://manheim.co.nz/damaged-vehicles/000000000007446260/2008-subaru-legacy-b4-sedan?referringPage=SearchResults
Honda,fit,2007,Yes,$0,"155,659",," Front Damage, Selling Registered","4spd Automatic,",5,Petrol,https://manheim.co.nz/damaged-vehicles/000000000007446267/2007-honda-fit-hatch?referringPage=SearchResults
Toyota,Hiace,2008,No,N/A,"264,802",," Front Damage, Structural Damage, Selling De-Registered","4spd,",3,Petrol,https://manheim.co.nz/damaged-vehicles/000000000007446268/2008-toyota-hiace-van?referringPage=SearchResults
Mercedes-Benz,C200,2011,Yes,$0,"115,328",," Front Damage, Selling Registered","Automatic,",5,Petrol,https://manheim.co.nz/damaged-vehicles/000000000007436261/2011-mercedes-benz-c200-sedan?referringPage=SearchResults
Holden,Barina,2018,No,"$1,400","54,778",," Front Damage, Underbody Damage, Structural Damage, Selling De-Registered","Automatic,",5,Petrol,https://manheim.co.nz/damaged-vehicles/000000000007436272/2018-holden-barina-hatch?referringPage=SearchResults
Toyota,Corolla,2013,No,$0,"213,431",," Right Side Damage, Structural Damage, Selling De-Registered",N/A,5,Petrol,https://manheim.co.nz/damaged-vehicles/000000000007446270/2013-toyota-corolla-fielder-station-wagon?referringPage=SearchResults
Subaru,Forester,2005,No,$0,"230,541",," Ignition Damage, Left Front Damage, Left Rear Damage, Right Front Damage, Right Rear Damage, Vandalised - Interior, Structural Damage, Stolen & Recovered, Suspension Damage, Selling De-Registered","Automatic,",5,Petrol,https://manheim.co.nz/damaged-vehicles/000000000007446289/2005-subaru-forester-station-wagon?referringPage=SearchResults
Holden,Trax,2015,No,$0,N/A,," Front Damage, Left Front Damage, Left Side Damage, Structural Damage","Automatic,",5,Petrol,https://manheim.co.nz/damaged-vehicles/000000000007436286/2015-holden-trax-ltz-1-4p-6at-sw-4dr-station-wagon?referringPage=SearchResults
Toyota,Alphard,2007,No,$0,N/A,," Front Damage, Rear Damage, Structural Damage, Selling De-Registered",N/A,8,Petrol,https://manheim.co.nz/damaged-vehicles/000000000007446290/2007-toyota-alphard-station-wagon?referringPage=SearchResults
Suzuki,Swift,2008,No,$0,N/A,," Right Rear Damage, Structural Damage, Selling De-Registered",N/A,5,Petrol,https://manheim.co.nz/damaged-vehicles/000000000007446292/2008-suzuki-swift-hatch?referringPage=SearchResults
Hyundai,Elantra,2016,No,$0,"210,060",," Front Damage, Structural Damage, Selling De-Registered",N/A,N/A,Petrol,https://manheim.co.nz/damaged-vehicles/000000000007446293/2016-hyundai-elantra-sedan?referringPage=SearchResults
Nissan,NV200,2011,No,$0,N/A,," Rear Damage, Structural Damage, Selling De-Registered",N/A,2,Petrol,https://manheim.co.nz/damaged-vehicles/000000000007446294/2011-nissan-nv200-van?referringPage=SearchResults
Mazda,CX-5,2013,No,$0,"141,924",," Right Front Damage, Structural Damage, Selling De-Registered","4spd Automatic,",5,Diesel,https://manheim.co.nz/damaged-vehicles/000000000007446295/2013-mazda-cx-5-station-wagon?referringPage=SearchResults
Toyota,Vanguard,2009,No,$0,N/A,," Front Damage, Rear Damage, Right Side Damage, Structural Damage, Selling De-Registered","5spd Automatic,",7,Petrol,https://manheim.co.nz/damaged-vehicles/000000000007446297/2009-toyota-vanguard-station-wagon?referringPage=SearchResults
Yamaha,MT03LA,2022,No,$0,"3,087",," Structural Damage, Selling De-Registered",N/A,N/A,Petrol,https://manheim.co.nz/damaged-vehicles/000000000007446298/2022-yamaha-mt03la-n-motorcycle?referringPage=SearchResults
Suzuki,Swift,2020,No,N/A,N/A,," Left Front Damage, Left Rear Damage, Rear Damage, Right Front Damage, Right Rear Damage, Vandalised - Interior, Structural Damage, Stolen & Recovered, Selling De-Registered","Automatic,",5,Petrol,https://manheim.co.nz/damaged-vehicles/000000000007446305/2020-suzuki-swift-gl-1-2p-cvt-hatch?referringPage=SearchResults
Mazda,Demio,2009,No,$0,N/A,," Left Side Damage, Rear Damage, Structural Damage, Selling De-Registered","Automatic,",5,Petrol,https://manheim.co.nz/damaged-vehicles/000000000007446313/2009-mazda-demio-hatch?referringPage=SearchResults
Ssangyong,Actyon Sport,2017,No,"$1,400",N/A,," Right Side Damage, Airbags Deployed, Structural Damage, Selling De-Registered","Automatic,",5,Diesel,https://manheim.co.nz/damaged-vehicles/000000000007436316/2017-ssangyong-actyon-sport-wkmte-2wd-a5-2-0d-5-dual-cab-utility?referringPage=SearchResults
Audi,A4,2014,No,$0,"89,077",," Underbody Damage, Structural Damage, Selling De-Registered","Automatic,",5,Petrol,https://manheim.co.nz/damaged-vehicles/000000000007446324/2014-audi-a4-sedan?referringPage=SearchResults
Mazda,Biante,2014,No,$0,N/A,," Front Damage, Left Front Damage, Right Front Damage, Structural Damage, Selling De-Registered","Automatic,",8,Petrol,https://manheim.co.nz/damaged-vehicles/000000000007446327/2014-mazda-biante-station-wagon?referringPage=SearchResults
TRAILER,Ifor Williams TA510,2025,No,$0,N/A,," Left Front Damage, Left Rear Damage, Right Front Damage",N/A,N/A,N/A,https://manheim.co.nz/damaged-vehicles/000000000007446329/2025-trailer-ifor-williams-ta510-livestock-trailer?referringPage=SearchResults
Mazda,Axela,2009,Yes,"$1,425","203,971",, Selling Registered,"Automatic,",5,Petrol,https://manheim.co.nz/damaged-vehicles/000000000007436355/2009-mazda-axela-hatch?referringPage=SearchResults
Toyota,Hiace,2018,No,N/A,N/A,," Front Damage, Right Side Damage, Structural Damage, Selling De-Registered",N/A,2,Diesel,https://manheim.co.nz/damaged-vehicles/000000000007426369/2018-toyota-hiace-zl-td-3-0dt-4at-van?referringPage=SearchResults
Nissan,Note,2014,No,$700,N/A,," Front Damage, Roof Damage, Structural Damage, Selling De-Registered","Automatic,",5,Petrol,https://manheim.co.nz/damaged-vehicles/000000000007436375/2014-nissan-note-hatch?referringPage=SearchResults
Mazda,Demio,2015,No,$850,"126,780",," Right Rear Damage, Structural Damage, Selling De-Registered","Automatic,",5,Petrol,https://manheim.co.nz/damaged-vehicles/000000000007436441/2015-mazda-demio-hatch?referringPage=SearchResults
Nissan,Serena,2013,No,$700,"124,134",," Rear Damage, Structural Damage, Selling De-Registered","CVT,",8,Hybrid,https://manheim.co.nz/damaged-vehicles/000000000007426442/2013-nissan-serena-station-wagon?referringPage=SearchResults
Mazda,Atenza,2009,No,$500,N/A,," Structural Damage, Selling De-Registered","Automatic,",5,Petrol,https://manheim.co.nz/damaged-vehicles/000000000007426455/2009-mazda-atenza-station-wagon?referringPage=SearchResults
Toyota,Vellfire,2021,No,N/A,N/A,," Left Rear Damage, Structural Damage, Selling De-Registered","Automatic,",7,Hybrid,https://manheim.co.nz/damaged-vehicles/000000000007416456/2021-toyota-vellfire-station-wagon?referringPage=SearchResults
Suzuki,Swift,2005,No,$0,N/A,," Front Damage, Structural Damage, Selling De-Registered",N/A,5,Petrol,https://manheim.co.nz/damaged-vehicles/000000000007446507/2005-suzuki-swift-hatch?referringPage=SearchResults
Toyota,Ist,2004,Yes,N/A,"280,896",," Stolen & Recovered, Selling Registered","Automatic,",5,Petrol,https://manheim.co.nz/damaged-vehicles/000000000007446508/2004-toyota-ist-hatch?referringPage=SearchResults
Land Rover,Discovery,2006,No,$0,N/A,," Left Front Damage, Left Side Damage, Structural Damage, Selling De-Registered",N/A,7,Diesel,https://manheim.co.nz/damaged-vehicles/000000000007446529/2006-land-rover-discovery-2-7d-6a-5d-suv-station-wagon?referringPage=SearchResults
Hyundai,I30,2010,No,$0,"148,242",," Front Damage, Left Side Damage, Structural Damage, Selling De-Registered",N/A,5,Petrol,https://manheim.co.nz/damaged-vehicles/000000000007446534/2010-hyundai-i30-wagon-1-6-a4-station-wagon?referringPage=SearchResults
Volkswagen,Golf,2009,No,$0,"229,331",," Front Damage, Left Front Damage, Structural Damage, Selling De-Registered",N/A,5,Petrol,https://manheim.co.nz/damaged-vehicles/000000000007446536/2009-volkswagen-golf-hatch?referringPage=SearchResults
Ford,Falcon,2007,No,$0,N/A,," Structural Damage, Stolen & Recovered, Selling De-Registered","Automatic,",5,Petrol,https://manheim.co.nz/damaged-vehicles/000000000007446539/2007-ford-falcon-sedan?referringPage=SearchResults
GWM,Haval H6,2024,No,"$2,600",N/A,," Front Damage, Rear Damage, Structural Damage, Selling De-Registered",N/A,5,Hybrid,https://manheim.co.nz/damaged-vehicles/000000000007426534/2024-gwm-haval-h6-ultra-2wd-hybrid-1--station-wagon?referringPage=SearchResults
BMW,528i,1998,No,$775,N/A,," Front Damage, Structural Damage, Selling De-Registered",N/A,5,Petrol,https://manheim.co.nz/damaged-vehicles/000000000007426536/1998-bmw-528i-sedan-m-sedan?referringPage=SearchResults
Mazda,Bounty,2006,No,"$1,300","403,170",," Left Side Damage, Roof Damage, Right Side Damage, Structural Damage, Selling De-Registered","Automatic,",4,Diesel,https://manheim.co.nz/damaged-vehicles/000000000007436548/2006-mazda-bounty-c-plus-c-c-4wd-dx-utility?referringPage=SearchResults
Suzuki,DR,2000,No,$0,"16,822",," Front Damage, Structural Damage, Selling De-Registered",N/A,N/A,N/A,https://manheim.co.nz/damaged-vehicles/000000000007446540/2000-suzuki-dr-motorcycle?referringPage=SearchResults
Toyota,Yaris Cross,2022,No,N/A,N/A,," Right Front Damage, Right Side Damage, Structural Damage, Selling De-Registered","Automatic,",5,Petrol,https://manheim.co.nz/damaged-vehicles/000000000007446550/2022-toyota-yaris-cross-gx-1-5p-cvt-station-wagon?referringPage=SearchResults
BMW,1 Series,2017,No,N/A,N/A,," Front Damage, Airbags Deployed, Structural Damage, Selling De-Registered","Automatic,",5,Petrol,https://manheim.co.nz/damaged-vehicles/000000000007446558/2017-bmw-1-series-118i-1-5p-8at-ha-5d-hatch?referringPage=SearchResults
Holden,Cruze,2013,No,$0,"201,236",," Rear Damage, Structural Damage, Selling De-Registered","Automatic,",5,Petrol,https://manheim.co.nz/damaged-vehicles/000000000007446560/2013-holden-cruze-cdx-wgn-1-8-at-station-wagon?referringPage=SearchResults
Holden,Barina,2015,No,$0,N/A,," Right Front Damage, Right Rear Damage, Structural Damage, Selling De-Registered","Automatic,",5,Petrol,https://manheim.co.nz/damaged-vehicles/000000000007446567/2015-holden-barina-cd-1-6p-6at-sl-4dr--sedan?referringPage=SearchResults
Toyota,Corolla,2004,Yes,$0,"162,743",," Front Damage, Left Rear Damage, Selling Registered","Automatic,",5,Petrol,https://manheim.co.nz/damaged-vehicles/000000000007446569/2004-toyota-corolla-runx-hatch?referringPage=SearchResults
Toyota,Hilux,2018,No,N/A,N/A,," Rolled, Structural Damage, Selling De-Registered",N/A,5,Diesel,https://manheim.co.nz/damaged-vehicles/000000000007436567/2018-toyota-hilux-sr-td-dc-2-8d-4wd-6-dual-cab-utility?referringPage=SearchResults
Ford,Courier,2004,No,$0,N/A,," Structural Damage, Stolen & Recovered, Salt Water Damage, Selling De-Registered","Manual,",N/A,Diesel,https://manheim.co.nz/damaged-vehicles/000000000007446580/2004-ford-courier-xlt-utility?referringPage=SearchResults
Ford,Fiesta,2018,No,"$1,300","61,275",," Front Damage, Interior Damage, Airbags Deployed, Structural Damage, Selling De-Registered","Automatic,",5,Petrol,https://manheim.co.nz/damaged-vehicles/000000000007416615/2018-ford-fiesta-trend-1-5p-6at-ha-5-hatch?referringPage=SearchResults
Suzuki,Swift,2013,No,$0,"189,484",," Rear Damage, Structural Damage, Selling De-Registered",N/A,5,Petrol,https://manheim.co.nz/damaged-vehicles/000000000007446622/2013-suzuki-swift-hatch?referringPage=SearchResults
Suzuki,Swift,2013,No,$0,N/A,," Front Damage, Rear Damage, Structural Damage, Selling De-Registered","Automatic,",5,Petrol,https://manheim.co.nz/damaged-vehicles/000000000007446625/2013-suzuki-swift-hatch?referringPage=SearchResults
Hyundai,I30,2009,No,$0,N/A,," Rear Damage, Structural Damage, Selling De-Registered","Automatic,",5,Diesel,https://manheim.co.nz/damaged-vehicles/000000000007446628/2009-hyundai-i30-1-6-crdi-elite-a4-sedan?referringPage=SearchResults
Mercedes-Benz,SLK 200,2006,No,$0,"70,169",," Right Front Damage, Airbags Deployed, Structural Damage, Suspension Damage, Selling De-Registered","Automatic,",2,Petrol,https://manheim.co.nz/damaged-vehicles/000000000007446629/2006-mercedes-benz-slk-200-coup%C3%A9?referringPage=SearchResults
Peugeot,508,2013,No,$700,"120,500",," Rear Damage, Structural Damage, Selling De-Registered","Automatic,",5,Diesel,https://manheim.co.nz/damaged-vehicles/000000000007436631/2013-peugeot-508-allure-sedan-sedan?referringPage=SearchResults
Mazda,Atenza,2007,No,$0,"182,557",," Front Damage, Structural Damage, Stolen & Recovered, Selling De-Registered","Automatic,",5,Petrol,https://manheim.co.nz/damaged-vehicles/000000000007446651/2007-mazda-atenza-station-wagon?referringPage=SearchResults
Nissan,Tiida,2007,No,$0,"280,044",," Left Front Damage, Rear Damage, Structural Damage, Selling De-Registered","4spd Automatic,",5,Petrol,https://manheim.co.nz/damaged-vehicles/000000000007446652/2007-nissan-tiida-hatch?referringPage=SearchResults
Toyota,Prius,2014,No,$0,"241,783",," Front Damage, Left Side Damage, Structural Damage, Selling De-Registered","Automatic,",5,Hybrid,https://manheim.co.nz/damaged-vehicles/000000000007446654/2014-toyota-prius-hatch?referringPage=SearchResults
Mazda,MAZDA3,2013,No,$0,"193,514",," Front Damage, Structural Damage, Selling De-Registered",N/A,N/A,Petrol,https://manheim.co.nz/damaged-vehicles/000000000007446656/2013-mazda-mazda3-hatch?referringPage=SearchResults
Mazda,Demio,2007,Yes,$0,"106,383",," Front Damage, Glass Broken, Ignition Damage, Left Rear Damage, Left Side Damage, Vandalised - Interior, Stolen & Recovered, Selling Registered","Automatic,",5,Petrol,https://manheim.co.nz/damaged-vehicles/000000000007446660/2007-mazda-demio-hatch?referringPage=SearchResults
Nissan,Teana,2006,Yes,$550,"110,850",," Front Damage, Right Front Damage, Right Rear Damage, Vandalised - Interior, Selling Registered","Automatic,",5,Petrol,https://manheim.co.nz/damaged-vehicles/000000000007436674/2006-nissan-teana-sedan?referringPage=SearchResults
Toyota,Aqua,2014,Yes,N/A,"227,960",," Ignition Damage, Stolen & Recovered, Selling Registered","Automatic,",5,Hybrid,https://manheim.co.nz/damaged-vehicles/000000000007436675/2014-toyota-aqua-hatch?referringPage=SearchResults
Mazda,Atenza,2007,Yes,$0,"218,726",," Glass Broken, Ignition Damage, Stolen & Recovered, Selling Registered",N/A,5,Petrol,https://manheim.co.nz/damaged-vehicles/000000000007446681/2007-mazda-atenza-sedan?referringPage=SearchResults
Subaru,ACE,1992,No,$0,"18,682",," Left Side Damage, Structural Damage, Selling De-Registered",N/A,4,Petrol,https://manheim.co.nz/damaged-vehicles/000000000007446683/1992-subaru-ace-sedan?referringPage=SearchResults
Suzuki,SV650S,2007,No,$0,N/A,," Left Side Damage, Structural Damage, Stolen & Recovered, Selling De-Registered","Automatic,",N/A,Petrol,https://manheim.co.nz/damaged-vehicles/000000000007446685/2007-suzuki-sv650s-k6-motorcycle?referringPage=SearchResults
BMW,130i,2009,No,$0,"128,325",," Front Damage, Structural Damage, Selling De-Registered",N/A,N/A,Petrol,https://manheim.co.nz/damaged-vehicles/000000000007446690/2009-bmw-130i-hatch?referringPage=SearchResults
Toyota,Echo,2005,No,$0,N/A,," Chassis Damage, Engine Damage, Front Damage, Structural Damage, Selling De-Registered","Automatic,",5,Petrol,https://manheim.co.nz/damaged-vehicles/000000000007446712/2005-toyota-echo-hatch?referringPage=SearchResults
Toyota,Corolla 1.8P GX Hatch 5 4A HA,2010,No,$0,N/A,," Front Damage, Structural Damage, Selling De-Registered","Automatic,",5,Petrol,https://manheim.co.nz/damaged-vehicles/000000000007446713/2010-toyota-corolla-1-8p-gx-hatch-5-4a-ha-hatch?referringPage=SearchResults
Nissan,Note,2005,No,$0,N/A,," Left Front Damage, Rear Damage, Structural Damage, Selling De-Registered","Automatic,",5,Petrol,https://manheim.co.nz/damaged-vehicles/000000000007446715/2005-nissan-note-hatch?referringPage=SearchResults
Nissan,NV200,2016,No,"$1,300",N/A,," Front Damage, Structural Damage, Selling De-Registered","Automatic,",5,Petrol,https://manheim.co.nz/damaged-vehicles/000000000007426721/2016-nissan-nv200-station-wagon?referringPage=SearchResults
Toyota,Aqua,2016,No,"$1,300","85,052",," Left Front Damage, Left Rear Damage, Rear Damage, Right Front Damage, Right Rear Damage, Structural Damage, Selling De-Registered","Automatic,",5,Hybrid,https://manheim.co.nz/damaged-vehicles/000000000007426729/2016-toyota-aqua-hatch?referringPage=SearchResults
Nissan,Navara,2017,Yes,N/A,"172,184",," Front Damage, Selling Registered","Automatic,",5,Diesel,https://manheim.co.nz/damaged-vehicles/000000000007426738/2017-nissan-navara-rx-2-3d-7at-ut-4dr--dual-cab-utility?referringPage=SearchResults
Mazda,MAZDA6,2016,No,"$1,300","209,901",," Left Rear Damage, Rear Damage, Right Rear Damage, Structural Damage, Selling De-Registered","Automatic,",5,Petrol,https://manheim.co.nz/damaged-vehicles/000000000007436739/2016-mazda-mazda6-gsx-ptr-2-5p-6at-sedan?referringPage=SearchResults
Toyota,Corolla,2017,No,"$1,400","140,088",," Airbags Deployed, Front Damage, Left Side Damage, Structural Damage, Selling De-Registered",N/A,5,Hybrid,https://manheim.co.nz/damaged-vehicles/000000000007436740/2017-toyota-corolla-axio-sedan?referringPage=SearchResults
Honda,Hr-v,2024,No,N/A,"19,232",," Rear Damage, Structural Damage, Selling De-Registered",N/A,N/A,Hybrid,https://manheim.co.nz/damaged-vehicles/000000000007446751/2024-honda-hr-v-hrv-sport-station-wagon?referringPage=SearchResults
Honda,Odyssey,2005,No,$0,N/A,," Front Damage, Structural Damage, Selling De-Registered","Automatic,",7,Petrol,https://manheim.co.nz/damaged-vehicles/000000000007446807/2005-honda-odyssey-station-wagon?referringPage=SearchResults
Subaru,Outback L L Bean Station Wago,2005,No,$0,N/A,," Left Front Damage, Suspension Damage, Selling De-Registered","Automatic,",5,Petrol,https://manheim.co.nz/damaged-vehicles/000000000007446852/2005-subaru-outback-l-l-bean-station-wago-station-wagon?referringPage=SearchResults
LIFAN,LF3000,2023,No,$0,"7,793",," Structural Damage, Selling De-Registered","Automatic, Drive Type, Front Wheel Drive, Fuel Type, Electri",N/A,Electric,https://manheim.co.nz/damaged-vehicles/000000000007446863/2023-lifan-lf3000-dt-e4-scooter?referringPage=SearchResults
Toyota,Blade,2007,No,$0,N/A,," Rear Damage, Structural Damage, Selling De-Registered","Automatic,",5,Petrol,https://manheim.co.nz/damaged-vehicles/000000000007446868/2007-toyota-blade-hatch?referringPage=SearchResults
Toyota,Aqua,2013,No,$0,N/A,," Right Rear Damage, Structural Damage, Selling De-Registered",N/A,N/A,Hybrid,https://manheim.co.nz/damaged-vehicles/000000000007446879/2013-toyota-aqua-hatch?referringPage=SearchResults
Audi,A4,2013,No,$0,"58,866",," Rear Damage, Structural Damage, Selling De-Registered","Automatic,",5,Petrol,https://manheim.co.nz/damaged-vehicles/000000000007446882/2013-audi-a4-sedan?referringPage=SearchResults
Subaru,Outback,2015,No,$0,"136,964",," Interior Damage, Left Front Damage, Water Damage, Selling De-Registered","Automatic,",5,Petrol,https://manheim.co.nz/damaged-vehicles/000000000007446886/2015-subaru-outback-station-wagon?referringPage=SearchResults
Kia,RIO,2009,No,$0,N/A,," Rear Damage, Structural Damage, Selling De-Registered","Automatic,",5,Diesel,https://manheim.co.nz/damaged-vehicles/000000000007446889/2009-kia-rio-1-5-diesel-hatch-ma-hatch?referringPage=SearchResults
Toyota,Corolla,2014,No,$0,N/A,," Repossed Vehicle, Right Side Damage, Selling De-Registered",N/A,5,Hybrid,https://manheim.co.nz/damaged-vehicles/000000000007426880/2014-toyota-corolla-fielder-hybrid-station-wagon?referringPage=SearchResults
Toyota,Aqua,2019,No,N/A,"102,782",," Front Damage, Structural Damage, Selling De-Registered","CVT,",5,Hybrid,https://manheim.co.nz/damaged-vehicles/000000000007406884/2019-toyota-aqua-hatch?referringPage=SearchResults
Ford,Fiesta,2006,No,$700,"51,164",," Left Side Damage, Airbags Deployed, Dismantled - Entire Vehicle, Selling De-Registered","Automatic,",5,Petrol,https://manheim.co.nz/damaged-vehicles/000000000007426902/2006-ford-fiesta-5dr-1-6-a-hatch?referringPage=SearchResults
Mitsubishi,Outlander,2021,No,$0,N/A,," Front Damage, Airbags Deployed, Structural Damage, Selling De-Registered","CVT,",7,Petrol,https://manheim.co.nz/damaged-vehicles/000000000007446906/2021-mitsubishi-outlander-ls-2-4p-cvt-station-wagon?referringPage=SearchResults
Peugeot,308,2023,No,$0,"49,255",," Front Damage, Left Front Damage, Structural Damage, Selling De-Registered","Automatic,",5,Hybrid,https://manheim.co.nz/damaged-vehicles/000000000007446912/2023-peugeot-308-hatch?referringPage=SearchResults
Holden,Cruze,2009,No,$700,"30,578",," Left Front Damage, Left Rear Damage, Dismantled - Entire Vehicle, Selling De-Registered","Automatic,",5,Petrol,https://manheim.co.nz/damaged-vehicles/000000000007426910/2009-holden-cruze-cdx-1-8-at-sedan?referringPage=SearchResults
Ford,Focus,2005,No,$700,"50,587",," Left Rear Damage, Left Side Damage, Roof Damage, Right Side Damage, Dismantled - Entire Vehicle, Selling De-Registered","Automatic,",5,Petrol,https://manheim.co.nz/damaged-vehicles/000000000007426918/2005-ford-focus-hatch?referringPage=SearchResults
Mitsubishi,Outlander,2005,No,$0,"222,179",," Rear Damage, Structural Damage, Selling De-Registered",N/A,5,Petrol,https://manheim.co.nz/damaged-vehicles/000000000007416930/2005-mitsubishi-outlander-station-wagon?referringPage=SearchResults
Nissan,Wingroad,2006,Yes,$0,N/A,," Front Damage, Ignition Damage, Rear Damage, Selling Registered","Automatic,",5,Petrol,https://manheim.co.nz/damaged-vehicles/000000000007446957/2006-nissan-wingroad-station-wagon?referringPage=SearchResults
Mahindra,XUV,2017,No,$0,N/A,," Chassis Damage, Rear Damage, Right Front Damage, Structural Damage, Selling De-Registered",N/A,N/A,Diesel,https://manheim.co.nz/damaged-vehicles/000000000007446961/2017-mahindra-xuv-station-wagon?referringPage=SearchResults
Toyota,Platz,2004,No,$0,"130,931",," Front Damage, Left Front Damage, Left Rear Damage, Structural Damage, Selling De-Registered","Automatic,",5,Petrol,https://manheim.co.nz/damaged-vehicles/000000000007446965/2004-toyota-platz-sedan?referringPage=SearchResults
Nissan,Maxima,2007,No,$0,"236,407",," Left Side Damage, Right Rear Damage, Structural Damage, Selling De-Registered","Automatic,",5,Petrol,https://manheim.co.nz/damaged-vehicles/000000000007446970/2007-nissan-maxima-3-5-petrol-ti-lthr-sedan?referringPage=SearchResults
Suzuki,Solio,2006,No,$0,"134,581",," Right Front Damage, Structural Damage, Selling De-Registered","Automatic,",5,Petrol,https://manheim.co.nz/damaged-vehicles/000000000007446976/2006-suzuki-solio-station-wagon?referringPage=SearchResults
Mazda,Demio,2015,No,N/A,N/A,, Selling De-Registered,"Automatic,",5,Petrol,https://manheim.co.nz/damaged-vehicles/000000000007406973/2015-mazda-demio-skyactiv-hatch?referringPage=SearchResults
Mazda,MAZDA6,2005,No,$600,"236,256",," Left Front Damage, Left Side Damage, Structural Damage, Selling De-Registered",N/A,5,Petrol,https://manheim.co.nz/damaged-vehicles/000000000007426972/2005-mazda-mazda6-sedan-gsx-2-3-auto-sedan?referringPage=SearchResults
Nissan,Serena,2013,No,$600,N/A,," Front Damage, Right Front Damage, Structural Damage, Selling De-Registered",N/A,8,Hybrid,https://manheim.co.nz/damaged-vehicles/000000000007436974/2013-nissan-serena-station-wagon?referringPage=SearchResults
Honda,CRV,2012,No,$0,N/A,," Left Front Damage, Structural Damage, Selling De-Registered",N/A,5,Petrol,https://manheim.co.nz/damaged-vehicles/000000000007436978/2012-honda-crv-hatch?referringPage=SearchResults
Mazda,Axela,2005,No,$500,"178,958",," Right Side Damage, Selling De-Registered","Automatic,",5,Petrol,https://manheim.co.nz/damaged-vehicles/000000000007436980/2005-mazda-axela-hatch?referringPage=SearchResults
Nissan,Juke,2010,No,$0,N/A,," Right Front Damage, Structural Damage, Suspension Damage, Selling De-Registered",N/A,5,Petrol,https://manheim.co.nz/damaged-vehicles/000000000007446992/2010-nissan-juke-hatch?referringPage=SearchResults
Skoda,Superb,2016,No,$0,N/A,," Front Damage, Structural Damage, Suspension Damage, Selling De-Registered","5spd Automatic,",5,Petrol,https://manheim.co.nz/damaged-vehicles/000000000007446995/2016-skoda-superb-station-wagon?referringPage=SearchResults
Husqvarna,TE250I,2019,No,$0,N/A,," Structural Damage, Selling De-Registered","5spd Automatic, Drive Type, Rear Wheel Drive, Fuel Type, Petro",N/A,Petrol,https://manheim.co.nz/damaged-vehicles/000000000007446996/2019-husqvarna-te250i-motorcycle?referringPage=SearchResults
Triumph,Bonneville,2014,No,$0,N/A,," Left Side Damage, Structural Damage, Selling De-Registered","Manual,",N/A,Petrol,https://manheim.co.nz/damaged-vehicles/000000000007447000/2014-triumph-bonneville-motorcycle?referringPage=SearchResults
Toyota,Prius,2009,Yes,$0,N/A,," Front Damage, Selling Registered","Automatic,",5,Hybrid,https://manheim.co.nz/damaged-vehicles/000000000007447005/2009-toyota-prius-hatch?referringPage=SearchResults
Toyota,Prius,2015,No,$0,N/A,," Front Damage, Structural Damage, Under Body Damage, Selling De-Registered","Automatic,",5,Hybrid,https://manheim.co.nz/damaged-vehicles/000000000007447011/2015-toyota-prius-hybrid-hatch?referringPage=SearchResults
Toyota,Prius,2012,No,$0,N/A,," Left Front Damage, Structural Damage, Selling De-Registered","Automatic,",5,Hybrid,https://manheim.co.nz/damaged-vehicles/000000000007447017/2012-toyota-prius-hybrid-hatch?referringPage=SearchResults
Suzuki,SX4 GLXFCB2 2.0 5DR Ltd Hatch,2012,No,$0,"79,198",," Right Front Damage, Structural Damage, Selling De-Registered","Automatic,",5,Petrol,https://manheim.co.nz/damaged-vehicles/000000000007437019/2012-suzuki-sx4-glxfcb2-2-0-5dr-ltd-hatch-hatch?referringPage=SearchResults
Mitsubishi,RVR,2011,Yes,$0,"173,479",," Ignition Damage, Stolen & Recovered, Selling Registered","Automatic,",5,Petrol,https://manheim.co.nz/damaged-vehicles/000000000007447026/2011-mitsubishi-rvr-station-wagon?referringPage=SearchResults
Toyota,Aqua,2013,No,$0,"185,015",," Front Damage, Structural Damage, Selling De-Registered","Automatic,",5,Hybrid,https://manheim.co.nz/damaged-vehicles/000000000007447043/2013-toyota-aqua-hatch?referringPage=SearchResults
Mitsubishi,Outlander,2006,Yes,$0,"242,774",," Front Damage, Left Front Damage, Right Front Damage, Selling Registered","Automatic,",5,Petrol,https://manheim.co.nz/damaged-vehicles/000000000007427066/2006-mitsubishi-outlander-2-4p-awd-ls-wagon-station-wagon?referringPage=SearchResults
LDV,G10,2022,No,"$2,300","84,905",," Stolen & Recovered, Water Damage, Selling De-Registered","Automatic,",5,Diesel,https://manheim.co.nz/damaged-vehicles/000000000007437082/2022-ldv-g10-cargo-diesel-auto-2-van?referringPage=SearchResults
Skoda,Kodiaq,2019,Yes,"$6,000","190,794",, Selling Registered,"7spd Automatic,",7,Petrol,https://manheim.co.nz/damaged-vehicles/000000000007437111/2019-skoda-kodiaq-ambition-tsi-110kw-station-wagon?referringPage=SearchResults
Ford,Fiesta,2008,No,$700,"75,447",," Left Front Damage, Left Rear Damage, Left Side Damage, Right Front Damage, Dismantled - Entire Vehicle, Selling De-Registered","5spd Manual,",5,Petrol,https://manheim.co.nz/damaged-vehicles/000000000007427126/2008-ford-fiesta-5dr-1-6-m-hatch?referringPage=SearchResults
Mercedes-Benz,C200,2011,No,"$1,500",N/A,," Front Damage, Structural Damage, Selling De-Registered","Automatic,",5,Petrol,https://manheim.co.nz/damaged-vehicles/000000000007427163/2011-mercedes-benz-c200-sedan?referringPage=SearchResults
Suzuki,SV650,2023,No,$0,1,," Rear Damage, Structural Damage, Selling De-Registered","Automatic,",N/A,Petrol,https://manheim.co.nz/damaged-vehicles/000000000007417184/2023-suzuki-sv650-am3-abs-motorcycle?referringPage=SearchResults
Ford,Mondeo,2012,No,$0,"196,821",," Front Damage, Left Front Damage, Structural Damage, Selling De-Registered","Automatic,",5,Petrol,https://manheim.co.nz/damaged-vehicles/000000000007447189/2012-ford-mondeo-2-3p-auto-hatch?referringPage=SearchResults
Holden,Cruze,2011,No,$0,"223,965",," Right Side Damage, Structural Damage, Selling De-Registered","Automatic,",5,Diesel,https://manheim.co.nz/damaged-vehicles/000000000007447191/2011-holden-cruze-cdx-2-0td-at-sedan?referringPage=SearchResults
Nissan,Tiida,2008,No,$0,"247,433",," Rear Damage, Structural Damage, Selling De-Registered","Automatic,",5,Petrol,https://manheim.co.nz/damaged-vehicles/000000000007447200/2008-nissan-tiida-hatch?referringPage=SearchResults
Mitsubishi,Triton,2022,No,N/A,"110,650",," Front Damage, Structural Damage, Selling De-Registered",N/A,5,Diesel,https://manheim.co.nz/damaged-vehicles/000000000007447202/2022-mitsubishi-triton-dc-glxr-6at-2-4d-4w-dual-cab-utility?referringPage=SearchResults
Suzuki,SX4,2008,Yes,$0,"180,875",," Left Front Damage, Right Front Damage, Selling Registered","Automatic,",5,Petrol,https://manheim.co.nz/damaged-vehicles/000000000007447221/2008-suzuki-sx4-hatch?referringPage=SearchResults
Mitsubishi,FTO,1995,No,$0,N/A,," Front Damage, Structural Damage, Selling De-Registered","Automatic,",4,Petrol,https://manheim.co.nz/damaged-vehicles/000000000007447228/1995-mitsubishi-fto-gpx-sedan?referringPage=SearchResults
Toyota,Aqua,2013,No,$0,N/A,," Rear Damage, Right Side Damage, Structural Damage, Selling De-Registered",N/A,5,Hybrid,https://manheim.co.nz/damaged-vehicles/000000000007447229/2013-toyota-aqua-hybrid-hatch?referringPage=SearchResults
Mitsubishi,Airtrek,2005,No,$0,"116,765",," Chassis Damage, Left Side Damage, Right Front Damage, Structural Damage, Suspension Damage, Selling De-Registered","4spd Automatic,",5,Petrol,https://manheim.co.nz/damaged-vehicles/000000000007447248/2005-mitsubishi-airtrek-2-4p-awd-ls-wagon-a-station-wagon?referringPage=SearchResults
Ford,Falcon,2009,No,$900,N/A,," Left Front Damage, Left Rear Damage, Dismantled - Interior, Selling De-Registered","Automatic,",5,Petrol,https://manheim.co.nz/damaged-vehicles/000000000007407259/2009-ford-falcon-fg-xt-sedan-fa-sedan?referringPage=SearchResults
Mazda,Demio,2001,No,$400,N/A,," Left Front Damage, Left Side Damage, Right Front Damage, Selling De-Registered","5spd Manual,",5,Petrol,https://manheim.co.nz/damaged-vehicles/000000000007417278/2001-mazda-demio-sedan?referringPage=SearchResults
Nissan,Qashqai,2009,No,$500,"139,794",," Front Damage, Structural Damage, Selling De-Registered","Automatic,",5,Petrol,https://manheim.co.nz/damaged-vehicles/000000000007427345/2009-nissan-qashqai-2-0-ti-at-hatch?referringPage=SearchResults
FOTON,Tunland,2015,Yes,"$1,450",N/A,," Rear Damage, Selling Registered",N/A,5,Diesel,https://manheim.co.nz/damaged-vehicles/000000000007437379/2015-foton-tunland-2-8d-5mt-ut-4dr-5s-dual-cab-chassis?referringPage=SearchResults
Yamaha,TTR110E,2024,No,$0,N/A,," Structural Damage, Selling De-Registered",Automati,N/A,N/A,https://manheim.co.nz/damaged-vehicles/000000000007437382/2024-yamaha-ttr110e-motorcycle?referringPage=SearchResults
Suzuki,Swift,2008,No,$0,"152,633",," Engine Damage, Structural Damage, Under Body Damage, Selling De-Registered",N/A,5,Petrol,https://manheim.co.nz/damaged-vehicles/000000000007447399/2008-suzuki-swift-hatch?referringPage=SearchResults
Suzuki,SX4,2007,No,$400,"171,037",," Right Side Damage, Structural Damage, Selling De-Registered",N/A,5,Petrol,https://manheim.co.nz/damaged-vehicles/000000000007437418/2007-suzuki-sx4-hatch?referringPage=SearchResults
Nissan,Wingroad,2011,No,$0,"177,593",," Front Damage, Left Front Damage, Structural Damage, Selling De-Registered","Automatic,",5,Petrol,https://manheim.co.nz/damaged-vehicles/000000000007427417/2011-nissan-wingroad-station-wagon?referringPage=SearchResults
Mazda,Axela,2005,No,$350,N/A,," Rear Damage, Structural Damage, Selling De-Registered","Automatic,",5,Petrol,https://manheim.co.nz/damaged-vehicles/000000000007427441/2005-mazda-axela-station-wagon?referringPage=SearchResults
Holden,Captiva,2013,No,$1,N/A,," Fire Damage, Fire - Entire Vehicle, Structural Damage, Stolen & Recovered, Selling De-Registered","Automatic,",5,Diesel,https://manheim.co.nz/damaged-vehicles/000000000007427448/2013-holden-captiva-5-ltz-awd-2-2d-at-station-wagon?referringPage=SearchResults
Toyota,Highlander,2014,No,N/A,N/A,," Front Damage, Structural Damage, Selling De-Registered","Automatic,",7,Petrol,https://manheim.co.nz/damaged-vehicles/000000000007437484/2014-toyota-highlander-gxl-3-5p-6at-sw-5dr-station-wagon?referringPage=SearchResults
Ford,Focus,2007,Yes,$600,N/A,," Right Side Damage, Selling Registered","5spd Manual,",5,Diesel,https://manheim.co.nz/damaged-vehicles/000000000007407510/2007-ford-focus-1-8td-wagon-station-wagon?referringPage=SearchResults
Porsche,Macan,2016,No,N/A,"139,009",," Front Damage, Left Side Damage, Structural Damage, Selling De-Registered","Automatic,",5,Diesel,https://manheim.co.nz/damaged-vehicles/000000000007427529/2016-porsche-macan-s-diesel-3-0d-4wd-7-station-wagon?referringPage=SearchResults
Subaru,Legacy,2011,No,$650,"213,744",," Rear Damage, Right Rear Damage, Structural Damage, Selling De-Registered","Automatic,",5,Petrol,https://manheim.co.nz/damaged-vehicles/000000000007437523/2011-subaru-legacy-outback-station-wagon?referringPage=SearchResults
Nissan,Pathfinder,2017,No,N/A,"100,394",," Front Damage, Has Key, Left Rear Damage, Left Side Damage, Structural Damage, Selling De-Registered",N/A,N/A,Petrol,https://manheim.co.nz/damaged-vehicles/000000000007437557/2017-nissan-pathfinder-st-station-wagon?referringPage=SearchResults
Hyundai,I30,2019,No,N/A,"89,335",," Front Damage, Rear Damage, Structural Damage, Selling De-Registered",N/A,5,Petrol,https://manheim.co.nz/damaged-vehicles/000000000007447555/2019-hyundai-i30-pde-wagon-1-6p-6at-station-wagon?referringPage=SearchResults
Mazda,MAZDA3,2017,No,$0,"119,037",," Front Damage, Right Side Damage, Structural Damage, Selling De-Registered",N/A,5,Petrol,https://manheim.co.nz/damaged-vehicles/000000000007447564/2017-mazda-mazda3-glx-2-0p-6at-hatch?referringPage=SearchResults
Hyundai,Ioniq,2023,No,"$2,300","13,474",," Rear Damage, Right Rear Damage, Right Side Damage, Structural Damage, Selling De-Registered","Automatic, Drive Type, Front Wheel Drive, Fuel Type, Electri",5,Electric,https://manheim.co.nz/damaged-vehicles/000000000007427569/2023-hyundai-ioniq-100kw-ev-100kw-ev-hatch?referringPage=SearchResults
Suzuki,Liana,2003,No,$500,"106,728",," Rear Damage, Structural Damage, Selling De-Registered","Automatic,",5,Petrol,https://manheim.co.nz/damaged-vehicles/000000000007437573/2003-suzuki-liana-glxha2-1-6-5dr-hatch?referringPage=SearchResults
Nissan,X-trial,2007,No,$725,"158,293",," Left Rear Damage, Structural Damage, Selling De-Registered","Automatic,",5,Petrol,https://manheim.co.nz/damaged-vehicles/000000000007437576/2007-nissan-x-trial-station-wagon?referringPage=SearchResults
Holden,Cruze,2010,Yes,$600,N/A,," Left Front Damage, Right Side Damage, Selling Registered","Automatic,",5,Petrol,https://manheim.co.nz/damaged-vehicles/000000000007427625/2010-holden-cruze-cdx-1-8-at-sedan?referringPage=SearchResults
Suzuki,Swift,2012,No,$0,"84,806",," Rear Damage, Structural Damage, Selling De-Registered",N/A,N/A,Petrol,https://manheim.co.nz/damaged-vehicles/000000000007447735/2012-suzuki-swift-hatch?referringPage=SearchResults
Mazda,Axela,2006,Yes,$350,N/A,," Engine Damage, Left Front Damage, Left Rear Damage, Dismantled - Engine, Selling Registered","Automatic,",5,Petrol,https://manheim.co.nz/damaged-vehicles/000000000007427740/2006-mazda-axela-hatch?referringPage=SearchResults
Ford,Ranger,2016,No,N/A,"127,983",," Left Side Damage, Structural Damage, Selling De-Registered","Automatic,",5,Diesel,https://manheim.co.nz/damaged-vehicles/000000000007447767/2016-ford-ranger-xlt-double-cab-w-s-dual-cab-utility?referringPage=SearchResults
Mercedes-Benz,A180,2013,No,"$1,300",N/A,," Left Front Damage, Structural Damage, Selling De-Registered","Automatic,",5,Petrol,https://manheim.co.nz/damaged-vehicles/000000000007427802/2013-mercedes-benz-a180-hatch?referringPage=SearchResults
Nissan,Tiida,2005,No,$500,N/A,," Left Front Damage, Structural Damage, Selling De-Registered","4spd Automatic,",5,Petrol,https://manheim.co.nz/damaged-vehicles/000000000007427828/2005-nissan-tiida-hatch?referringPage=SearchResults
Daihatsu,Sirion,2005,No,$625,N/A,," Left Front Damage, Structural Damage, Selling De-Registered","4spd Automatic,",5,Petrol,https://manheim.co.nz/damaged-vehicles/000000000007427872/2005-daihatsu-sirion-1-3p-hatch-4a-hatch?referringPage=SearchResults
Peugeot,208,2014,No,$500,"119,603",," Front Damage, Left Rear Damage, Rear Damage, Structural Damage, Selling De-Registered","Automatic,",5,Petrol,https://manheim.co.nz/damaged-vehicles/000000000007438031/2014-peugeot-208-allure-3-dr-hatch?referringPage=SearchResults
Toyota,Hiace,2017,Yes,N/A,"276,503",," Roof Damage, Selling Registered",N/A,2,N/A,https://manheim.co.nz/damaged-vehicles/000000000007438055/2017-toyota-hiace-zx-td-3-0dt-4at-panel-van?referringPage=SearchResults
Holden,VS Commodore,1997,No,N/A,N/A,," Left Front Damage, Left Rear Damage, Right Front Damage, Right Rear Damage, Selling De-Registered","Automatic,",5,Petrol,https://manheim.co.nz/damaged-vehicles/000000000007438060/1997-holden-vs-commodore-hsv-clubsport-aut--sedan?referringPage=SearchResults
Toyota,Aqua,2017,No,$0,"148,971",," Front Damage, Left Front Damage, Left Rear Damage, Right Front Damage, Vandalised - Interior, Structural Damage, Selling De-Registered","Automatic,",5,Hybrid,https://manheim.co.nz/damaged-vehicles/000000000007448069/2017-toyota-aqua-hatch?referringPage=SearchResults
Nissan,Note,2013,Yes,"$1,500","168,969",, Selling Registered,"CVT,",5,Petrol,https://manheim.co.nz/damaged-vehicles/000000000007428100/2013-nissan-note-hatch?referringPage=SearchResults
Toyota,Aqua,2013,No,$700,N/A,," Chassis Damage, Front Damage, Airbags Deployed, Structural Damage, Selling De-Registered","Automatic,",5,Hybrid,https://manheim.co.nz/damaged-vehicles/000000000007428178/2013-toyota-aqua-hybrid-hatch?referringPage=SearchResults
Honda,Jazz,2016,No,"$2,300","115,911",," Left Side Damage, Structural Damage, Under Body Damage, Selling De-Registered",N/A,5,Petrol,https://manheim.co.nz/damaged-vehicles/000000000007438171/2016-honda-jazz-rs-1-5p-cvt-hatch?referringPage=SearchResults
Toyota,Caldina,2006,Yes,$700,"178,955",," Ignition Damage, Stolen & Recovered, Selling Registered",N/A,5,Petrol,https://manheim.co.nz/damaged-vehicles/000000000007438180/2006-toyota-caldina-station-wagon?referringPage=SearchResults
Holden,Captiva,2013,Yes,N/A,"184,533",, Selling Registered,"Automatic,",7,Petrol,https://manheim.co.nz/damaged-vehicles/000000000007448198/2013-holden-captiva-7-cx-awd-3-0-v6-at-station-wagon?referringPage=SearchResults
Honda,fit,2013,No,$500,"60,707",," Front Damage, Left Front Damage, Left Side Damage, Right Front Damage, Right Side Damage, Structural Damage, Selling De-Registered","Automatic,",5,Petrol,https://manheim.co.nz/damaged-vehicles/000000000007438201/2013-honda-fit-hatch?referringPage=SearchResults
Hyundai,I30,2011,No,$750,"17,910",," Left Front Damage, Left Rear Damage, Left Side Damage, Structural Damage, Selling De-Registered","Automatic,",5,Petrol,https://manheim.co.nz/damaged-vehicles/000000000007438222/2011-hyundai-i30-2-0-elite-a4-hatch?referringPage=SearchResults
Toyota,Prius,2012,No,"$1,750",N/A,," Rear Damage, Structural Damage, Selling De-Registered",N/A,5,Hybrid,https://manheim.co.nz/damaged-vehicles/000000000007438239/2012-toyota-prius-hybrid-hatch?referringPage=SearchResults
Toyota,Hiace,2013,No,N/A,"254,649",," Front Damage, Left Side Damage, Roof Damage, Right Side Damage, Structural Damage, Selling De-Registered",N/A,3,Diesel,https://manheim.co.nz/damaged-vehicles/000000000007438259/2013-toyota-hiace-zl-3-0td-5m-3-seat-van?referringPage=SearchResults
Suzuki,Swift,2016,No,"$1,000","209,189",," Front Damage, Structural Damage, Selling De-Registered","Automatic,",5,Petrol,https://manheim.co.nz/damaged-vehicles/000000000007428252/2016-suzuki-swift-hatch?referringPage=SearchResults
Ford,Transit,2022,No,N/A,"53,656",," Front Damage, Left Side Damage, Right Side Damage, Structural Damage, Under Body Damage, Selling De-Registered","Automatic,",3,Diesel,https://manheim.co.nz/damaged-vehicles/000000000007428258/2022-ford-transit-custom-swb-phev-phe-panel-van?referringPage=SearchResults
Suzuki,Swift,2008,No,$200,N/A,," Front Damage, Airbags Deployed, Structural Damage, Selling De-Registered","Automatic,",5,Petrol,https://manheim.co.nz/damaged-vehicles/000000000007438260/2008-suzuki-swift-hatch?referringPage=SearchResults
Honda,Odyssey,2005,No,$600,N/A,," Left Side Damage, Rear Damage, Right Side Damage, Structural Damage, Selling De-Registered","Automatic,",7,Petrol,https://manheim.co.nz/damaged-vehicles/000000000007438273/2005-honda-odyssey-station-wagon?referringPage=SearchResults
Toyota,Allex,2005,No,$650,"197,733",," Right Rear Damage, Structural Damage, Selling De-Registered",N/A,5,Petrol,https://manheim.co.nz/damaged-vehicles/000000000007438277/2005-toyota-allex-hatch?referringPage=SearchResults
Suzuki,GSX250,2019,No,$300,N/A,," Ignition Damage, Structural Damage, Stolen & Recovered, Selling De-Registered","Automatic,",N/A,Petrol,https://manheim.co.nz/damaged-vehicles/000000000007418278/2019-suzuki-gsx250-rza-motorcycle?referringPage=SearchResults
Vespa,Sprint,2015,No,$0,"14,254",," Front Damage, Structural Damage, Selling De-Registered","Automatic,",N/A,Petrol,https://manheim.co.nz/damaged-vehicles/000000000007418315/2015-vespa-sprint-125-scooter?referringPage=SearchResults
Mitsubishi,Colt Plus,2008,No,$200,N/A,," Airbags Deployed, Chassis Damage, Front Damage, Structural Damage, Selling De-Registered","Automatic,",5,Petrol,https://manheim.co.nz/damaged-vehicles/000000000007438318/2008-mitsubishi-colt-plus-1-5p-ls-5dr-hatch?referringPage=SearchResults
Toyota,Prius,2017,No,"$2,300",N/A,," Front Damage, Rear Damage, Structural Damage, Selling De-Registered",N/A,5,Hybrid,https://manheim.co.nz/damaged-vehicles/000000000007438327/2017-toyota-prius-hybrid-hatch?referringPage=SearchResults
Toyota,Aqua,2018,No,"$1,700",N/A,," Front Damage, Right Front Damage, Structural Damage, Suspension Damage, Selling De-Registered",N/A,5,Hybrid,https://manheim.co.nz/damaged-vehicles/000000000007438328/2018-toyota-aqua-hatch?referringPage=SearchResults
Renault,Clio,2014,No,$800,"63,877",," Front Damage, Left Front Damage, Left Rear Damage, Right Front Damage, Airbags Deployed, Structural Damage, Selling De-Registered","6spd Automatic,",5,Petrol,https://manheim.co.nz/damaged-vehicles/000000000007428331/2014-renault-clio-expression-1-2p-6at-hatch?referringPage=SearchResults
Mazda,Axela,2009,No,$0,"105,966",," Front Damage, Airbags Deployed, Structural Damage, Selling De-Registered","Automatic,",5,Petrol,https://manheim.co.nz/damaged-vehicles/000000000007448347/2009-mazda-axela-sedan?referringPage=SearchResults
Mazda,Bounty,2004,No,$650,N/A,," Rolled, Vandalised - Entire Vehicle, Structural Damage, Selling De-Registered","Automatic,",5,Diesel,https://manheim.co.nz/damaged-vehicles/000000000007408382/2004-mazda-bounty-dbl-cab-w-s-2wd-sdx-dual-cab-utility?referringPage=SearchResults
Subaru,Legacy,2001,No,$0,N/A,," Front Damage, Rear Damage, Structural Damage, Selling De-Registered","Automatic,",5,Petrol,https://manheim.co.nz/damaged-vehicles/000000000007418482/2001-subaru-legacy-station-wagon?referringPage=SearchResults
Toyota,Aqua,2015,No,$850,"204,520",," Left Front Damage, Right Front Damage, Right Rear Damage, Structural Damage, Selling De-Registered","Automatic,",5,Hybrid,https://manheim.co.nz/damaged-vehicles/000000000007438496/2015-toyota-aqua-hatch?referringPage=SearchResults
BMW,320i,2007,No,$700,N/A,," Left Front Damage, Left Rear Damage, Left Side Damage, Right Front Damage, Structural Damage, Selling De-Registered","Automatic,",5,Petrol,https://manheim.co.nz/damaged-vehicles/000000000007428501/2007-bmw-320i-touring?referringPage=SearchResults
Mazda,Demio,2006,Yes,$625,N/A,," Rear Damage, Selling Registered",N/A,5,Petrol,https://manheim.co.nz/damaged-vehicles/000000000007428533/2006-mazda-demio-hatch?referringPage=SearchResults
Honda,Airwave,2006,No,$700,N/A,," Left Front Damage, Left Rear Damage, Rear Damage, Right Rear Damage, Structural Damage, Selling De-Registered","Automatic,",5,Petrol,https://manheim.co.nz/damaged-vehicles/000000000007428535/2006-honda-airwave-station-wagon?referringPage=SearchResults
Subaru,Forester,2006,No,$700,N/A,," Interior Damage, Vandalised - Interior, Stolen & Recovered, Selling De-Registered","Automatic,",5,Petrol,https://manheim.co.nz/damaged-vehicles/000000000007428548/2006-subaru-forester-hatch?referringPage=SearchResults
Mazda,MAZDA6,2013,No,$500,"190,747",," Chassis Damage, Front Damage, Structural Damage, Selling De-Registered","Automatic,",5,Petrol,https://manheim.co.nz/damaged-vehicles/000000000007438543/2013-mazda-mazda6-ltdptr-2-5p6a-sw5d5-station-wagon?referringPage=SearchResults
Suzuki,Swift,2015,No,$500,N/A,," Front Damage, Structural Damage, Selling De-Registered","Automatic,",5,Petrol,https://manheim.co.nz/damaged-vehicles/000000000007438561/2015-suzuki-swift-hatch?referringPage=SearchResults
Toyota,Voxy,2015,No,N/A,"65,992",," Rear Damage, Structural Damage, Selling De-Registered","5spd Automatic,",7,Petrol,https://manheim.co.nz/damaged-vehicles/000000000007418565/2015-toyota-voxy-station-wagon?referringPage=SearchResults
Holden,VX Commodore,2003,Yes,$700,N/A,," Left Front Damage, Left Side Damage, Right Front Damage, Selling Registered","Automatic,",5,Petrol,https://manheim.co.nz/damaged-vehicles/000000000007418598/2003-holden-vx-commodore-lumina-sedan-v6-aut-sedan?referringPage=SearchResults
Mazda,Axela,2005,Yes,$600,N/A,," Left Rear Damage, Left Side Damage, Selling Registered","Automatic,",5,Petrol,https://manheim.co.nz/damaged-vehicles/000000000007438592/2005-mazda-axela-sedan?referringPage=SearchResults
Mitsubishi,Pajero,2001,No,$825,N/A,," Left Front Damage, Right Front Damage, Rolled, Right Rear Damage, Structural Damage, Selling De-Registered","Automatic,",4,Petrol,https://manheim.co.nz/damaged-vehicles/000000000007438596/2001-mitsubishi-pajero-io-gdi-station-wagon?referringPage=SearchResults
Mazda,Bongo,2008,Yes,$500,"176,784",, Selling Registered,N/A,3,Petrol,https://manheim.co.nz/damaged-vehicles/000000000007418610/2008-mazda-bongo-van?referringPage=SearchResults
Toyota,Prius,2011,No,$1,N/A,," Fire Damage, Fire - Entire Vehicle, Structural Damage, Selling De-Registered",N/A,5,Hybrid,https://manheim.co.nz/damaged-vehicles/000000000007428752/2011-toyota-prius-hybrid-hatch?referringPage=SearchResults
Ford,Falcon,2012,No,$650,N/A,," Front Damage, Left Front Damage, Left Rear Damage, Rear Damage, Right Front Damage, Right Rear Damage, Structural Damage, Selling De-Registered","Automatic,",5,Petrol,https://manheim.co.nz/damaged-vehicles/000000000007428760/2012-ford-falcon-fg2-xr6-sedan-a-sedan?referringPage=SearchResults
Kawasaki,ex,2008,Yes,$0,"25,656",," Right Side Damage, Selling Registered","Manual,",N/A,Petrol,https://manheim.co.nz/damaged-vehicles/000000000007438776/2008-kawasaki-ex-250j-motorcycle?referringPage=SearchResults
Toyota,Aqua,2012,No,$750,"185,777",," Front Damage, Left Front Damage, Right Front Damage, Structural Damage, Selling De-Registered","Automatic,",5,Hybrid,https://manheim.co.nz/damaged-vehicles/000000000007438777/2012-toyota-aqua-hatch?referringPage=SearchResults
Nissan,Tiida,2007,Yes,"$1,700","160,348",," Front Damage, Left Front Damage, Left Side Damage, Selling Registered","Automatic,",5,Petrol,https://manheim.co.nz/damaged-vehicles/000000000007438795/2007-nissan-tiida-hatch?referringPage=SearchResults
Toyota,Estima,2005,No,$650,"203,816",," Front Damage, Left Side Damage, Malicious/Vandalised, Roof Damage, Structural Damage, Selling De-Registered","4spd,",8,Petrol,https://manheim.co.nz/damaged-vehicles/000000000007438809/2005-toyota-estima-station-wagon?referringPage=SearchResults
Audi,A4,2009,No,$700,N/A,," Rear Damage, Structural Damage, Selling De-Registered",N/A,5,Petrol,https://manheim.co.nz/damaged-vehicles/000000000007428811/2009-audi-a4-2-0t-sedan?referringPage=SearchResults
Hyundai,Santa FE,2017,No,N/A,"167,098",," Right Side Damage, Structural Damage, Selling De-Registered","Automatic,",7,Diesel,https://manheim.co.nz/damaged-vehicles/000000000007428851/2017-hyundai-santa-fe-dm-2-2d-7s-station-wagon?referringPage=SearchResults
Subaru,Impreza,2013,No,$900,"103,538",," Front Damage, Left Front Damage, Right Front Damage, Structural Damage, Selling De-Registered","Automatic,",5,Petrol,https://manheim.co.nz/damaged-vehicles/000000000007428858/2013-subaru-impreza-hatch?referringPage=SearchResults
Toyota,Aqua,2012,No,$0,"136,845",," Right Side Damage, Structural Damage, Selling De-Registered","Automatic,",5,Hybrid,https://manheim.co.nz/damaged-vehicles/000000000007428871/2012-toyota-aqua-hatch?referringPage=SearchResults
Audi,A4,2014,No,"$1,300","180,978",," Front Damage, Right Front Damage, Structural Damage, Suspension Damage, Selling De-Registered","Automatic,",5,Petrol,https://manheim.co.nz/damaged-vehicles/000000000007428874/2014-audi-a4-avtfsiq-2-0p7a-sw4d-station-wagon?referringPage=SearchResults
Nissan,NV200,2017,No,"$1,300",N/A,," Front Damage, Airbags Deployed, Structural Damage, Selling De-Registered","Automatic,",5,Petrol,https://manheim.co.nz/damaged-vehicles/000000000007438873/2017-nissan-nv200-vanette-panel-van?referringPage=SearchResults
Mazda,CX-5,2016,No,"$1,400",N/A,," Chassis Damage, Front Damage, Structural Damage, Selling De-Registered","6spd Automatic,",5,Diesel,https://manheim.co.nz/damaged-vehicles/000000000007438895/2016-mazda-cx-5-gsx-dsl-2-2d-4wd-6a-station-wagon?referringPage=SearchResults
Toyota,Prius,2015,No,$650,N/A,," Front Damage, Rear Damage, Structural Damage, Stolen & Recovered, Selling De-Registered",N/A,N/A,Hybrid,https://manheim.co.nz/damaged-vehicles/000000000007428890/2015-toyota-prius-hatch?referringPage=SearchResults
Volvo,V60,2014,No,"$1,300","116,268",," Left Rear Damage, Structural Damage, Selling De-Registered","6spd Automatic,",5,Petrol,https://manheim.co.nz/damaged-vehicles/000000000007428896/2014-volvo-v60-station-wagon?referringPage=SearchResults
Holden,Astra,2004,No,$200,"156,689",," Front Damage, Structural Damage, Selling De-Registered","Automatic,",5,Petrol,https://manheim.co.nz/damaged-vehicles/000000000007428942/2004-holden-astra-city-hatch-auto-hatch?referringPage=SearchResults
Subaru,Legacy,2004,No,$750,N/A,," Interior Damage, Ignition Damage, Right Rear Damage, Vandalised - Interior, Stolen & Recovered, Selling De-Registered","Automatic,",5,Petrol,https://manheim.co.nz/damaged-vehicles/000000000007438942/2004-subaru-legacy-station-wagon?referringPage=SearchResults
Nissan,Serena,2012,No,$800,N/A,," Front Damage, Structural Damage, Selling De-Registered",N/A,8,Hybrid,https://manheim.co.nz/damaged-vehicles/000000000007439001/2012-nissan-serena-station-wagon?referringPage=SearchResults
Ford,Territory,2014,No,$1,N/A,," Fire Damage, Fire - Entire Vehicle, Structural Damage, Stolen & Recovered, Selling De-Registered",N/A,7,Diesel,https://manheim.co.nz/damaged-vehicles/000000000007439005/2014-ford-territory-titanium-awd-diesel-station-wagon?referringPage=SearchResults
Mazda,BT-50,2015,No,N/A,N/A,," Stolen & Recovered, Selling De-Registered","Automatic,",5,Diesel,https://manheim.co.nz/damaged-vehicles/000000000007429037/2015-mazda-bt-50-utility?referringPage=SearchResults
Honda,Integra,1999,No,$500,"229,979",," Left Side Damage, Right Side Damage, Structural Damage, Selling De-Registered","5spd Manual,",4,Petrol,https://manheim.co.nz/damaged-vehicles/000000000007439095/1999-honda-integra-hatch?referringPage=SearchResults
Mazda,Demio,2011,No,$150,"262,198",," Front Damage, Left Side Damage, Structural Damage, Selling De-Registered",N/A,N/A,Petrol,https://manheim.co.nz/damaged-vehicles/000000000007439133/2011-mazda-demio-hatch?referringPage=SearchResults
Holden,Commodore,2004,No,$0,"299,615",," Front Damage, Structural Damage, Selling De-Registered",N/A,5,Petrol,https://manheim.co.nz/damaged-vehicles/000000000007429154/2004-holden-commodore-s-v6-auto-sedan?referringPage=SearchResults
Holden,Captiva,2014,No,$600,N/A,," Right Side Damage, Structural Damage, Selling De-Registered",N/A,7,Diesel,https://manheim.co.nz/damaged-vehicles/000000000007439174/2014-holden-captiva-ls-2-2d-6at-sw-4dr--station-wagon?referringPage=SearchResults
Mazda,Atenza,2008,Yes,$0,1,, Selling Registered,"Automatic,",5,Petrol,https://manheim.co.nz/damaged-vehicles/000000000007439189/2008-mazda-atenza-station-wagon?referringPage=SearchResults
Mercedes-Benz,CLS 500,2005,Yes,$0,"102,319",, Selling Registered,"Automatic,",4,Petrol,https://manheim.co.nz/damaged-vehicles/000000000007439193/2005-mercedes-benz-cls-500-sedan?referringPage=SearchResults
Nissan,Sunny,2001,No,$600,"170,681",," Front Damage, Left Front Damage, Left Rear Damage, Structural Damage, Selling De-Registered","4spd Automatic,",5,Petrol,https://manheim.co.nz/damaged-vehicles/000000000007439242/2001-nissan-sunny-sedan?referringPage=SearchResults
Audi,A3,2011,No,$600,"248,650",," Front Damage, Rear Damage, Structural Damage, Selling De-Registered",N/A,5,Diesel,https://manheim.co.nz/damaged-vehicles/000000000007379252/2011-audi-a3-2-0-tdi-sp-s-tron-hatch?referringPage=SearchResults
Nissan,Tiida,2012,Yes,"$1,050",N/A,," Left Side Damage, Right Rear Damage, Vandalised - Interior, Selling Registered","Automatic,",5,Petrol,https://manheim.co.nz/damaged-vehicles/000000000007429295/2012-nissan-tiida-latio-sedan?referringPage=SearchResults
Jaecoo,J7,2026,No,$100,N/A,," Left Front Damage, Left Rear Damage, Left Side Damage, Roof Damage, Right Front Damage, Right Rear Damage, Right Side Damage, Airbags Deployed, Selling De-Registered","Automatic,",5,Hybrid,https://manheim.co.nz/damaged-vehicles/000000000007449350/2026-jaecoo-j7-ex-plus-1-6pt-awd-station-wagon?referringPage=SearchResults
Hyundai,Accent,2015,No,$700,"133,752",," Front Damage, Left Front Damage, Left Rear Damage, Rear Damage, Right Rear Damage, Structural Damage, Selling De-Registered","Automatic,",5,Petrol,https://manheim.co.nz/damaged-vehicles/000000000007429428/2015-hyundai-accent-1-6-5d-a4-hatch?referringPage=SearchResults
CHRYSLER JEEP,Wrangler,2013,No,N/A,N/A,," Left Front Damage, Structural Damage, Selling De-Registered","Automatic,",5,Diesel,https://manheim.co.nz/damaged-vehicles/000000000007409428/2013-chrysler-jeep-wrangler-station-wagon?referringPage=SearchResults
Toyota,Harrier,2006,No,$0,"158,912",," Left Side Damage, Structural Damage, Selling De-Registered","Automatic,",5,Petrol,https://manheim.co.nz/damaged-vehicles/000000000007429475/2006-toyota-harrier-station-wagon?referringPage=SearchResults
Subaru,Legacy,2005,No,$900,"321,233",," Front Damage, Structural Damage, Selling De-Registered","Automatic,",5,Petrol,https://manheim.co.nz/damaged-vehicles/000000000007429476/2005-subaru-legacy-station-wagon?referringPage=SearchResults
Toyota,Vitz,2005,No,$900,N/A,," Front Damage, Left Front Damage, Structural Damage, Selling De-Registered","Automatic,",5,Petrol,https://manheim.co.nz/damaged-vehicles/000000000007429477/2005-toyota-vitz-hatch?referringPage=SearchResults
Toyota,Corolla,2010,No,"$1,400","101,151",," Front Damage, Structural Damage, Selling De-Registered","4spd Automatic,",5,Petrol,https://manheim.co.nz/damaged-vehicles/000000000007429478/2010-toyota-corolla-1-8p-glx-hatch-5-4a-hatch?referringPage=SearchResults
Honda,Prelude,1996,No,$725,N/A,," Left Front Damage, Left Rear Damage, Right Front Damage, Right Rear Damage, Structural Damage, Selling De-Registered","5spd Manual,",4,Petrol,https://manheim.co.nz/damaged-vehicles/000000000007439486/1996-honda-prelude-vti-r-sedan?referringPage=SearchResults
Toyota,Hilux 3.0TD,2004,No,"$3,050","452,999",," Front Damage, Structural Damage, Selling De-Registered",N/A,N/A,Diesel,https://manheim.co.nz/damaged-vehicles/000000000007429507/2004-toyota-hilux-3-0td-na-utility?referringPage=SearchResults
Nissan,Tiida,2007,Yes,$600,N/A,," Left Front Damage, Vandalised - Interior, Selling Registered","Automatic,",5,Petrol,https://manheim.co.nz/damaged-vehicles/000000000007449616/2007-nissan-tiida-hatch?referringPage=SearchResults
Nissan,Navara SL 2.3D/7AT Utility,2021,No,N/A,N/A,," Right Front Damage, Right Side Damage, Structural Damage, Selling De-Registered","Automatic,",5,Diesel,https://manheim.co.nz/damaged-vehicles/000000000007439631/2021-nissan-navara-sl-2-3d-7at-utility-utility?referringPage=SearchResults
BYD,Atto 3,2023,No,N/A,N/A,," Glass Broken, Rear Damage, Structural Damage, Selling De-Registered",N/A,5,Electric,https://manheim.co.nz/damaged-vehicles/000000000007429654/2023-byd-atto-3-hatch?referringPage=SearchResults
Toyota,Harrier,2006,No,$0,"311,982",," Water Damage, Selling De-Registered","Automatic,",5,Petrol,https://manheim.co.nz/damaged-vehicles/000000000007429705/2006-toyota-harrier-station-wagon?referringPage=SearchResults
Toyota,Aqua,2012,No,$700,N/A,," Rear Damage, Structural Damage, Selling De-Registered",N/A,5,Hybrid,https://manheim.co.nz/damaged-vehicles/000000000007379774/2012-toyota-aqua-hatch?referringPage=SearchResults
Nissan,Qashqai,2016,Yes,"$1,450","332,028",," Front Damage, Selling Registered","Automatic,",5,Petrol,https://manheim.co.nz/damaged-vehicles/000000000007429789/2016-nissan-qashqai-st-2-0p-cvt-station-wagon?referringPage=SearchResults
Suzuki,Swift,2019,No,"$1,400","16,625",," Left Front Damage, Right Front Damage, Right Rear Damage, Right Side Damage, Structural Damage, Selling De-Registered","Automatic,",5,Petrol,https://manheim.co.nz/damaged-vehicles/000000000007439789/2019-suzuki-swift-plus-1-2p-cvt-hatch?referringPage=SearchResults
Mitsubishi,Outlander,2009,No,$0,"145,175",,N/A,N/A,7,Petrol,https://manheim.co.nz/damaged-vehicles/000000000007439790/2009-mitsubishi-outlander-station-wagon?referringPage=SearchResults
MG,ZS,2023,No,$0,N/A,," Airbags Deployed, Front Damage, Airbags Deployed, Structural Damage, Selling De-Registered",N/A,5,Electric,https://manheim.co.nz/damaged-vehicles/000000000007439806/2023-mg-zs-ev-51kwh-ev-at-station-wagon?referringPage=SearchResults
Toyota,Camry,1997,No,$600,"225,488",," Left Side Damage, Structural Damage, Selling De-Registered","4spd Automatic,",5,Petrol,https://manheim.co.nz/damaged-vehicles/000000000007429807/1997-toyota-camry-gracia-station-wagon?referringPage=SearchResults
Toyota,Blade,2007,No,$50,1,," Rolled, Structural Damage, Selling De-Registered",N/A,5,Petrol,https://manheim.co.nz/damaged-vehicles/000000000007429857/2007-toyota-blade-hatch?referringPage=SearchResults
Honda,Odyssey,2013,No,"$1,000",N/A,," Front Damage, Rear Damage, Right Side Damage, Structural Damage, Suspension Damage, Selling De-Registered","5spd Automatic,",7,Petrol,https://manheim.co.nz/damaged-vehicles/000000000007409868/2013-honda-odyssey-absolute-station-wagon?referringPage=SearchResults
Suzuki,GSX150,2019,No,$0,N/A,," Front Damage, Structural Damage, Selling De-Registered","Automatic,",N/A,Petrol,https://manheim.co.nz/damaged-vehicles/000000000007419860/2019-suzuki-gsx150-dxa-gixxer-motorcycle?referringPage=SearchResults
Toyota,Blade,2006,No,$600,"121,438",," Front Damage, Right Side Damage, Airbags Deployed, Structural Damage, Selling De-Registered","Automatic,",5,Petrol,https://manheim.co.nz/damaged-vehicles/000000000007419867/2006-toyota-blade-hatch?referringPage=SearchResults
JAC.,Heritage 21.65-4,2003,Yes,"$4,050",1,0," Left Side Damage, Selling Registered","Automatic,",N/A,N/A,https://manheim.co.nz/damaged-vehicles/000000000007439928/2003-jac-heritage-21-65-4-camper-trailer?referringPage=SearchResults
Ford,Kuga,2010,Yes,"$1,450","132,784",," Left Side Damage, Selling Registered","Automatic,",5,Petrol,https://manheim.co.nz/damaged-vehicles/000000000007439935/2010-ford-kuga-station-wagon?referringPage=SearchResults
Nissan,Bluebird,2006,No,$500,"198,826",," Front Damage, Structural Damage, Selling De-Registered","Automatic,",5,Petrol,https://manheim.co.nz/damaged-vehicles/000000000007439940/2006-nissan-bluebird-sylphy-sedan?referringPage=SearchResults
Mazda,Axela,2005,No,$550,N/A,," Left Rear Damage, Rear Damage, Structural Damage, Suspension Damage, Selling De-Registered",N/A,5,Petrol,https://manheim.co.nz/damaged-vehicles/000000000007429966/2005-mazda-axela-hatch?referringPage=SearchResults
