Manufacturer,Model,Year,Registration Status,Price,Mileage,Keys,Damage description,Transmission,Seats,Fuel Type,Link
Toyota,Aqua,2013,No,"$1,450","121,380",," Left Rear Damage, Rear Damage, Structural Damage, Selling De-Registered","Automatic,",5,Hybrid,https://manheim.co.nz/damaged-vehicles/000000000007430080/2013-toyota-aqua-hatch?referringPage=SearchResults
Suzuki,Swift,2020,No,"$1,500",N/A,," Front Damage, Airbags Deployed, Structural Damage, Selling De-Registered",N/A,5,Petrol,https://manheim.co.nz/damaged-vehicles/000000000007430096/2020-suzuki-swift-glc-1-2p-cvt-hatch?referringPage=SearchResults
Nissan,Latio,2014,No,$500,"135,358",," Front Damage, Left Front Damage, Right Front Damage, Structural Damage, Selling De-Registered","Automatic,",5,Petrol,https://manheim.co.nz/damaged-vehicles/000000000007440260/2014-nissan-latio-sedan?referringPage=SearchResults
Volkswagen,Golf,2013,No,$800,N/A,," Right Rear Damage, Structural Damage, Suspension Damage, Selling De-Registered",N/A,N/A,Petrol,https://manheim.co.nz/damaged-vehicles/000000000007440262/2013-volkswagen-golf-hatch?referringPage=SearchResults
Suzuki,UK,2018,Yes,$300,"13,975",," Left Side Damage, Selling Registered","Automatic,",N/A,Petrol,https://manheim.co.nz/damaged-vehicles/000000000007440312/2018-suzuki-uk-110ne-address-scooter?referringPage=SearchResults
Toyota,Vitz,2005,No,$600,"235,427",," Right Rear Damage, Right Side Damage, Structural Damage, Selling De-Registered","Automatic,",5,Petrol,https://manheim.co.nz/damaged-vehicles/000000000007440505/2005-toyota-vitz-hatch?referringPage=SearchResults
Audi,A3,2022,No,N/A,"48,913",, Selling De-Registered,"7spd Automatic,",5,Petrol,https://manheim.co.nz/damaged-vehicles/000000000007420500/2022-audi-a3-sedan?referringPage=SearchResults
Vespa,Primavera,2018,No,$500,"8,400",, Selling De-Registered,"Automatic,",N/A,Petrol,https://manheim.co.nz/damaged-vehicles/000000000007430526/2018-vespa-primavera-150-iget-scooter?referringPage=SearchResults
Honda,Jazz,2006,Yes,$225,"160,866",," Right Side Damage, Selling Registered","Automatic,",5,Petrol,https://manheim.co.nz/damaged-vehicles/000000000007440587/2006-honda-jazz-hatch?referringPage=SearchResults
Kawasaki,VN,2021,No,"$3,200","1,732",," Structural Damage, Selling De-Registered",N/A,N/A,Petrol,https://manheim.co.nz/damaged-vehicles/000000000007440638/2021-kawasaki-vn-900c-motorcycle?referringPage=SearchResults
TRAYLA,Tandem,2018,No,$700,N/A,0," Front Damage, Rolled, Structural Damage, Selling De-Registered",N/A,N/A,N/A,https://manheim.co.nz/damaged-vehicles/000000000007440664/2018-trayla-tandem-trailer?referringPage=SearchResults
TRAILER,Bateson,2023,No,$0,N/A,0," Structural Damage, Stolen & Recovered, Selling De-Registered",N/A,N/A,N/A,https://manheim.co.nz/damaged-vehicles/000000000007440669/2023-trailer-bateson-flat-deck-trailer?referringPage=SearchResults
Mazda,Axela,2005,Yes,$600,N/A,," Left Front Damage, Left Side Damage, Right Rear Damage, Right Side Damage, Selling Registered","4spd Automatic,",5,Petrol,https://manheim.co.nz/damaged-vehicles/000000000007420712/2005-mazda-axela-hatch?referringPage=SearchResults
Honda,CBR,2021,No,"$1,000",1,," Front Fork Damaged, Structural Damage, Selling De-Registered","Automatic,",N/A,Petrol,https://manheim.co.nz/damaged-vehicles/000000000007390754/2021-honda-cbr-650-p-motorcycle?referringPage=SearchResults
Toyota,Aqua,2013,Yes,N/A,N/A,," Front Damage, Glass Broken, Ignition Damage, Left Front Damage, Vandalised - Interior, Stolen & Recovered, Selling Registered","Automatic,",5,Hybrid,https://manheim.co.nz/damaged-vehicles/000000000007440816/2013-toyota-aqua-hatch?referringPage=SearchResults
Toyota,Passo,2008,No,$600,N/A,," Left Rear Damage, Rear Damage, Right Rear Damage, Structural Damage, Selling De-Registered","Automatic,",5,Petrol,https://manheim.co.nz/damaged-vehicles/000000000007440849/2008-toyota-passo-hatch?referringPage=SearchResults
Ford,Fiesta,2006,No,$150,"186,754",," Left Front Damage, Left Side Damage, Roof Damage, Right Front Damage, Rolled, Right Side Damage, Structural Damage, Selling De-Registered",N/A,5,Petrol,https://manheim.co.nz/damaged-vehicles/000000000007430867/2006-ford-fiesta-fiesta-5dr-1-6-m-hatch?referringPage=SearchResults
Ford,Falcon,2009,No,$850,"64,563",, Selling De-Registered,"Automatic,",5,Petrol,https://manheim.co.nz/damaged-vehicles/000000000007440879/2009-ford-falcon-fg-xr6-sedan-a-sedan?referringPage=SearchResults
Nissan,Tiida,2004,Yes,$700,"151,559",," Ignition Damage, Left Rear Damage, Rear Damage, Right Rear Damage, Vandalised - Interior, Stolen & Recovered, Selling Registered","Automatic,",5,Petrol,https://manheim.co.nz/damaged-vehicles/000000000007440938/2004-nissan-tiida-sedan?referringPage=SearchResults
Toyota,Camry,2013,No,"$1,300",N/A,," Left Side Damage, Rear Damage, Structural Damage, Selling De-Registered","Automatic,",5,Petrol,https://manheim.co.nz/damaged-vehicles/000000000007420974/2013-toyota-camry-gl-2-5p-sdn-6a-sedan?referringPage=SearchResults
BMW,325i,2009,No,$400,"151,508",," Right Side Damage, Structural Damage, Selling De-Registered",N/A,5,Petrol,https://manheim.co.nz/damaged-vehicles/000000000007441041/2009-bmw-325i-sedan?referringPage=SearchResults
Mazda,Bongo,2013,No,"$1,300","230,414",," Structural Damage, Stolen & Recovered, Selling De-Registered","Automatic,",5,Petrol,https://manheim.co.nz/damaged-vehicles/000000000007441099/2013-mazda-bongo-van?referringPage=SearchResults
Peugeot,308,2008,No,$300,"220,845",," Rear Damage, Structural Damage, Selling De-Registered","Automatic,",5,Diesel,https://manheim.co.nz/damaged-vehicles/000000000007431100/2008-peugeot-308-hdi-auto-hatch?referringPage=SearchResults
Toyota,Aqua,2013,No,"$1,300","55,105",," Left Front Damage, Right Front Damage, Right Rear Damage, Structural Damage, Selling De-Registered","Automatic,",5,Hybrid,https://manheim.co.nz/damaged-vehicles/000000000007441148/2013-toyota-aqua-hatch?referringPage=SearchResults
Nissan,Cube,2005,No,$600,"259,900",," Rear Damage, Structural Damage, Selling De-Registered",N/A,5,Petrol,https://manheim.co.nz/damaged-vehicles/000000000007431188/2005-nissan-cube-hatch?referringPage=SearchResults
Toyota,Corolla,2006,Yes,"$1,800","137,325",," Glass Broken, Ignition Damage, Left Rear Damage, Stolen & Recovered, Selling Registered","4spd Automatic,",5,Petrol,https://manheim.co.nz/damaged-vehicles/000000000007441204/2006-toyota-corolla-1-8p-gl-hatch5-4a-hatch?referringPage=SearchResults
Toyota,Vitz,2007,Yes,"$2,100","127,386",," Ignition Damage, Dismantled - Interior, Stolen & Recovered, Selling Registered","Automatic,",5,Petrol,https://manheim.co.nz/damaged-vehicles/000000000007441232/2007-toyota-vitz-rs-hatch?referringPage=SearchResults
Nissan,Primera,1999,No,$500,"149,173",," Front Damage, Rear Damage, Selling De-Registered","4spd Automatic,",5,Petrol,https://manheim.co.nz/damaged-vehicles/000000000007431264/1999-nissan-primera-2-0l-5dr-wgn-4a-station-wagon?referringPage=SearchResults
Suzuki,Swift,2014,No,$500,N/A,," Right Front Damage, Airbags Deployed, Structural Damage, Selling De-Registered","Automatic,",5,Petrol,https://manheim.co.nz/damaged-vehicles/000000000007371309/2014-suzuki-swift-hatch?referringPage=SearchResults
Yamaha,MT03LA,2019,No,$200,1,," Structural Damage, Selling De-Registered",N/A,N/A,Petrol,https://manheim.co.nz/damaged-vehicles/000000000007401316/2019-yamaha-mt03la-k-motorcycle?referringPage=SearchResults
LDV,T60,2019,No,N/A,"170,047",," Right Front Damage, Structural Damage, Selling De-Registered",N/A,5,Diesel,https://manheim.co.nz/damaged-vehicles/000000000007441402/2019-ldv-t60-4wd-mt-2-8dt-4wd-6m-dual-cab-utility?referringPage=SearchResults
Mercedes-Benz,A180,2013,No,"$1,450","131,429",," Front Damage, Glass Broken, Right Front Damage, Structural Damage, Selling De-Registered","Automatic,",5,Petrol,https://manheim.co.nz/damaged-vehicles/000000000007441439/2013-mercedes-benz-a180-hatch?referringPage=SearchResults
Toyota,Corolla,2006,Yes,"$2,000",N/A,," Stolen & Recovered, Selling Registered","Automatic,",5,Petrol,https://manheim.co.nz/damaged-vehicles/000000000007411437/2006-toyota-corolla-1-8p-gl-hatch5-4a-hatch?referringPage=SearchResults
Toyota,Corolla,2015,No,"$2,300",N/A,," Left Side Damage, Structural Damage, Selling De-Registered",N/A,5,Hybrid,https://manheim.co.nz/damaged-vehicles/000000000007431457/2015-toyota-corolla-fielder-hybrid-station-wagon?referringPage=SearchResults
Toyota,Aqua,2014,No,$700,"197,632",," Front Damage, Rear Damage, Structural Damage, Selling De-Registered","Automatic,",5,Hybrid,https://manheim.co.nz/damaged-vehicles/000000000007441466/2014-toyota-aqua-hatch?referringPage=SearchResults
Holden,Commodore,2009,Yes,"$1,550","283,924",, Selling Registered,N/A,5,Petrol,https://manheim.co.nz/damaged-vehicles/000000000007431478/2009-holden-commodore-sv6-3-6p-5at-sedan?referringPage=SearchResults
Kawasaki,KLX,2018,No,"$1,500",N/A,," Interior Damage, Ignition Damage, Tank Damage, Structural Damage, Selling De-Registered",N/A,N/A,Petrol,https://manheim.co.nz/damaged-vehicles/000000000007421512/2018-kawasaki-klx-250s-motorcycle?referringPage=SearchResults
Renault,Lutecia,2007,No,$600,"123,578",," Right Rear Damage, Structural Damage, Suspension Damage, Selling De-Registered","Automatic,",5,Petrol,https://manheim.co.nz/damaged-vehicles/000000000007421524/2007-renault-lutecia-hatch?referringPage=SearchResults
Holden,Astra,2004,Yes,$600,N/A,," Left Front Damage, Left Side Damage, Selling Registered","4spd Automatic,",5,Petrol,https://manheim.co.nz/damaged-vehicles/000000000007441528/2004-holden-astra-city-hatch-auto-hatch?referringPage=SearchResults
Honda,S2000,1999,No,N/A,N/A,," Airbags Deployed, Front Damage, Right Side Damage, Airbags Deployed, Structural Damage, Selling De-Registered","Automatic,",2,Petrol,https://manheim.co.nz/damaged-vehicles/000000000007441532/1999-honda-s2000-sedan?referringPage=SearchResults
Mazda,MAZDA6,2013,Yes,$650,"272,901",," Front Damage, Rear Damage, Right Front Damage, Stolen & Recovered, Selling Registered","Automatic,",5,Petrol,https://manheim.co.nz/damaged-vehicles/000000000007441555/2013-mazda-mazda6-sdn-gsx-2-5-6at-ptr-sedan?referringPage=SearchResults
Nissan,Serena,2012,No,$700,"127,082",," Front Damage, Left Front Damage, Right Front Damage, Structural Damage, Selling De-Registered","Automatic,",8,Hybrid,https://manheim.co.nz/damaged-vehicles/000000000007441572/2012-nissan-serena-station-wagon?referringPage=SearchResults
Subaru,XV,2016,No,"$2,300",N/A,," Front Damage, Rear Damage, Structural Damage, Selling De-Registered","Automatic,",5,Petrol,https://manheim.co.nz/damaged-vehicles/000000000007431587/2016-subaru-xv-hatch?referringPage=SearchResults
Mazda,Axela,2007,No,$600,"230,096",," Front Damage, Left Side Damage, Right Front Damage, Structural Damage, Selling De-Registered","Automatic,",5,Petrol,https://manheim.co.nz/damaged-vehicles/000000000007441607/2007-mazda-axela-hatch?referringPage=SearchResults
Toyota,Aqua,2013,No,"$1,050",N/A,," Front Damage, Glass Broken, Left Front Damage, Structural Damage, Suspension Damage, Selling De-Registered","CVT,",5,Hybrid,https://manheim.co.nz/damaged-vehicles/000000000007441617/2013-toyota-aqua-hybrid-hatch?referringPage=SearchResults
Nissan,Wingroad,2006,No,$500,"179,102",," Left Front Damage, Left Side Damage, Structural Damage, Suspension Damage, Selling De-Registered",N/A,5,Petrol,https://manheim.co.nz/damaged-vehicles/000000000007431619/2006-nissan-wingroad-station-wagon?referringPage=SearchResults
Toyota,Blade,2011,No,$600,N/A,," Front Damage, Rolled, Structural Damage, Selling De-Registered","15spd Automatic,",5,Petrol,https://manheim.co.nz/damaged-vehicles/000000000007431790/2011-toyota-blade-hatch?referringPage=SearchResults
Toyota,Prius,2016,No,N/A,N/A,," Chassis Damage, Front Damage, Right Front Damage, Structural Damage, Selling De-Registered","Automatic,",5,Petrol,https://manheim.co.nz/damaged-vehicles/000000000007441819/2016-toyota-prius-hatch?referringPage=SearchResults
Ford,Ranger,2017,No,N/A,"408,916",," Front Damage, Left Front Damage, Left Rear Damage, Rear Damage, Right Front Damage, Structural Damage, Selling De-Registered","6spd Automatic,",5,Diesel,https://manheim.co.nz/damaged-vehicles/000000000007441853/2017-ford-ranger-xlt-double-cab-w-sa-dual-cab-utility?referringPage=SearchResults
Mazda,Axela,2005,No,$500,"222,336",," Front Damage, Structural Damage, Selling De-Registered","Automatic,",5,Petrol,https://manheim.co.nz/damaged-vehicles/000000000007441888/2005-mazda-axela-sedan?referringPage=SearchResults
Nissan,Maxima,2000,No,$550,"278,011",," Front Damage, Left Side Damage, Right Front Damage, Selling De-Registered","Automatic,",5,Petrol,https://manheim.co.nz/damaged-vehicles/000000000007441944/2000-nissan-maxima-sedan?referringPage=SearchResults
Mazda,626,1996,Yes,$500,"322,344",," Glass Broken, Ignition Damage, Left Front Damage, Left Rear Damage, Vandalised - Interior, Stolen & Recovered, Selling Registered","Automatic,",5,Petrol,https://manheim.co.nz/damaged-vehicles/000000000007422018/1996-mazda-626-sedan-glx-2-0-m5-sedan?referringPage=SearchResults
Mazda,Demio,2006,Yes,$375,"111,576",," Glass Broken, Left Rear Damage, Right Side Damage, Stolen & Recovered, Selling Registered","Automatic,",5,Petrol,https://manheim.co.nz/damaged-vehicles/000000000007442125/2006-mazda-demio-hatch?referringPage=SearchResults
Toyota,Aqua,2013,No,$500,"118,679",," Right Front Damage, Structural Damage, Selling De-Registered","Automatic,",5,Hybrid,https://manheim.co.nz/damaged-vehicles/000000000007432146/2013-toyota-aqua-hatch?referringPage=SearchResults
Toyota,Aqua,2012,No,"$1,300",N/A,," Stolen & Recovered, Suspension Damage, Selling De-Registered",N/A,5,Hybrid,https://manheim.co.nz/damaged-vehicles/000000000007442227/2012-toyota-aqua-hybrid-hatch?referringPage=SearchResults
Ford,Mondeo,2002,No,$400,N/A,," Left Front Damage, Left Rear Damage, Right Front Damage, Right Rear Damage, Dismantled - Interior, Selling De-Registered","5spd Manual,",5,Petrol,https://manheim.co.nz/damaged-vehicles/000000000007442234/2002-ford-mondeo-2-0-sedan-man-sedan?referringPage=SearchResults
Honda,Crossroad,2007,No,$500,N/A,," Right Front Damage, Right Side Damage, Airbags Deployed, Structural Damage, Selling De-Registered","Automatic,",7,Petrol,https://manheim.co.nz/damaged-vehicles/000000000007442281/2007-honda-crossroad-station-wagon?referringPage=SearchResults
Ford,Ranger,2019,No,N/A,"85,350",," Right Front Damage, Airbags Deployed, Selling De-Registered",N/A,5,Diesel,https://manheim.co.nz/damaged-vehicles/000000000007422327/2019-ford-ranger-xlt-double-cab-w-s-dual-cab-utility?referringPage=SearchResults
Subaru,Impreza,2002,Yes,$500,N/A,," Ignition Damage, Left Front Damage, Right Front Damage, Right Side Damage, Vandalised - Interior, Stolen & Recovered, Selling Registered","Automatic,",5,Petrol,https://manheim.co.nz/damaged-vehicles/000000000007442341/2002-subaru-impreza-station-wagon?referringPage=SearchResults
Toyota,Corolla,2017,No,"$1,300",N/A,," Front Damage, Left Front Damage, Right Front Damage, Airbags Deployed, Structural Damage, Selling De-Registered","Automatic,",5,Hybrid,https://manheim.co.nz/damaged-vehicles/000000000007442363/2017-toyota-corolla-station-wagon?referringPage=SearchResults
Toyota,Wish,2009,No,$800,"173,389",," Front Damage, Rear Damage, Structural Damage, Selling De-Registered","Automatic,",7,Petrol,https://manheim.co.nz/damaged-vehicles/000000000007442364/2009-toyota-wish-station-wagon?referringPage=SearchResults
Jaguar,XF,2011,No,$700,N/A,," Rear Damage, Structural Damage, Selling De-Registered","Automatic,",5,Diesel,https://manheim.co.nz/damaged-vehicles/000000000007442369/2011-jaguar-xf-v6-4dr-sedan?referringPage=SearchResults
Volkswagen,Polo,2007,No,$600,N/A,," Left Rear Damage, Structural Damage, Selling De-Registered","4spd Automatic,",5,Petrol,https://manheim.co.nz/damaged-vehicles/000000000007442377/2007-volkswagen-polo-hatch?referringPage=SearchResults
Mazda,MAZDA2,2017,No,$500,N/A,," Front Damage, Left Front Damage, Roof Damage, Right Front Damage, Structural Damage, Selling De-Registered","Automatic,",5,Petrol,https://manheim.co.nz/damaged-vehicles/000000000007442388/2017-mazda-mazda2-gsx-1-5p-6at-hatch?referringPage=SearchResults
Subaru,Impreza,2005,Yes,$500,N/A,," Rear Damage, Right Rear Damage, Right Side Damage, Vandalised - Interior, Stolen & Recovered, Selling Registered","Automatic,",5,Petrol,https://manheim.co.nz/damaged-vehicles/000000000007442495/2005-subaru-impreza-hatch?referringPage=SearchResults
Peugeot,208,2012,Yes,$700,"104,666",," Left Side Damage, Selling Registered",N/A,5,Petrol,https://manheim.co.nz/damaged-vehicles/000000000007442496/2012-peugeot-208-allure-5-dr-hatch?referringPage=SearchResults
BMW,328i,2012,No,$500,"165,164",," Front Damage, Left Front Damage, Right Front Damage, Right Rear Damage, Right Side Damage, Structural Damage, Selling De-Registered","Automatic,",5,Petrol,https://manheim.co.nz/damaged-vehicles/000000000007442499/2012-bmw-328i-sedan-4dr-8a-2-0l-sedan?referringPage=SearchResults
Suzuki,Swift,2014,No,$800,N/A,," Rear Damage, Structural Damage, Selling De-Registered",N/A,5,Petrol,https://manheim.co.nz/damaged-vehicles/000000000007442500/2014-suzuki-swift-rs-hatch?referringPage=SearchResults
Nissan,Bluebird,2006,No,$500,"200,040",," Front Damage, Left Front Damage, Left Rear Damage, Rear Damage, Right Rear Damage, Vandalised - Interior, Structural Damage, Stolen & Recovered, Selling De-Registered","Automatic,",5,Petrol,https://manheim.co.nz/damaged-vehicles/000000000007442532/2006-nissan-bluebird-sylphy-sedan?referringPage=SearchResults
Suzuki,Escudo,2007,No,$500,"203,928",," Front Damage, Left Front Damage, Right Side Damage, Suspension Damage, Under Body Damage, Selling De-Registered","5spd Automatic,",5,Petrol,https://manheim.co.nz/damaged-vehicles/000000000007442533/2007-suzuki-escudo-station-wagon?referringPage=SearchResults
Toyota,RAV4,2002,No,$500,"201,014",," Front Damage, Left Front Damage, Right Front Damage, Structural Damage, Selling De-Registered","5spd Manual,",5,Petrol,https://manheim.co.nz/damaged-vehicles/000000000007442534/2002-toyota-rav4-station-wagon?referringPage=SearchResults
Toyota,Caldina,2004,Yes,$600,"299,686",," Left Rear Damage, Right Front Damage, Right Rear Damage, Right Side Damage, Selling Registered","Automatic,",5,Petrol,https://manheim.co.nz/damaged-vehicles/000000000007442537/2004-toyota-caldina-station-wagon?referringPage=SearchResults
Ford,Laser GL,1992,No,$60,"192,767",," Left Front Damage, Structural Damage, Selling De-Registered",N/A,5,Petrol,https://manheim.co.nz/damaged-vehicles/000000000007442538/1992-ford-laser-gl-hatch?referringPage=SearchResults
BMW,523i,2011,No,"$1,900",N/A,," Left Side Damage, Right Rear Damage, Structural Damage, Stolen & Recovered, Selling De-Registered","Automatic,",5,Petrol,https://manheim.co.nz/damaged-vehicles/000000000007442540/2011-bmw-523i-sedan?referringPage=SearchResults
Toyota,IST,2004,No,$500,N/A,," Right Front Damage, Right Side Damage, Structural Damage, Selling De-Registered","Automatic,",5,Petrol,https://manheim.co.nz/damaged-vehicles/000000000007442562/2004-toyota-ist-hatch?referringPage=SearchResults
Toyota,Wish,2013,No,"$1,450","96,750",," Front Damage, Rear Damage, Structural Damage, Selling De-Registered","Automatic,",7,Petrol,https://manheim.co.nz/damaged-vehicles/000000000007442563/2013-toyota-wish-station-wagon?referringPage=SearchResults
Suzuki,SX4,2009,No,"$1,100","148,978",," Left Front Damage, Structural Damage, Selling De-Registered","Automatic,",5,Petrol,https://manheim.co.nz/damaged-vehicles/000000000007442564/2009-suzuki-sx4-hatch?referringPage=SearchResults
Toyota,Echo,2003,Yes,$700,"363,375",," Left Front Damage, Left Side Damage, Selling Registered","Automatic,",5,Petrol,https://manheim.co.nz/damaged-vehicles/000000000007442566/2003-toyota-echo-hatch?referringPage=SearchResults
Honda,Accord,2003,No,$675,"236,273",," Left Side Damage, Structural Damage, Selling De-Registered","6spd,",5,Petrol,https://manheim.co.nz/damaged-vehicles/000000000007442567/2003-honda-accord-sedan?referringPage=SearchResults
Mazda,Demio,2007,No,$500,"88,456",," Front Damage, Structural Damage, Selling De-Registered","Automatic,",5,Petrol,https://manheim.co.nz/damaged-vehicles/000000000007442568/2007-mazda-demio-hatch?referringPage=SearchResults
Hyundai,i30,2015,No,"$1,300","198,596",," Front Damage, Structural Damage, Accident Damage, Selling De-Registered",N/A,N/A,Petrol,https://manheim.co.nz/damaged-vehicles/000000000007442569/2015-hyundai-i30-gd-1-8-a6-hatch?referringPage=SearchResults
Subaru,XV,2014,No,$600,N/A,," Right Rear Damage, Right Side Damage, Structural Damage, Selling De-Registered",N/A,5,Hybrid,https://manheim.co.nz/damaged-vehicles/000000000007442570/2014-subaru-xv-hybrid-hatch?referringPage=SearchResults
Ford,Falcon,2003,No,$600,"153,556",," Dismantled - Entire Vehicle, Selling De-Registered",N/A,5,Petrol,https://manheim.co.nz/damaged-vehicles/000000000007442577/2003-ford-falcon-ba-fairmont-6c-sedan?referringPage=SearchResults
Suzuki,Ignis,2017,No,$700,"108,712",," Front Damage, Left Front Damage, Left Side Damage, Structural Damage, Selling De-Registered",N/A,5,Hybrid,https://manheim.co.nz/damaged-vehicles/000000000007422585/2017-suzuki-ignis-hybrid-hatch?referringPage=SearchResults
Ford,Falcon,2007,No,$800,"83,597",," Dismantled - Entire Vehicle, Selling De-Registered","Automatic,",5,Petrol,https://manheim.co.nz/damaged-vehicles/000000000007442595/2007-ford-falcon-bf2-xr6-sedan-a-sedan?referringPage=SearchResults
Toyota,Caldina,2005,Yes,"$1,050","169,834",," Glass Broken, Ignition Damage, Left Side Damage, Right Rear Damage, Vandalised - Interior, Stolen & Recovered, Selling Registered","4spd Automatic,",5,Petrol,https://manheim.co.nz/damaged-vehicles/000000000007442597/2005-toyota-caldina-station-wagon?referringPage=SearchResults
Mazda,Axela,2006,No,$400,"151,175",," Right Side Damage, Structural Damage, Selling De-Registered","Automatic,",5,Petrol,https://manheim.co.nz/damaged-vehicles/000000000007442825/2006-mazda-axela-hatch?referringPage=SearchResults
Toyota,Corolla,2001,No,$600,"325,433",," Left Rear Damage, Rear Damage, Structural Damage, Selling De-Registered","5spd Manual,",5,Petrol,https://manheim.co.nz/damaged-vehicles/000000000007442829/2001-toyota-corolla-1-6p-xl-hatchback-5-hatch?referringPage=SearchResults
Nissan,Pulsar,2013,No,$500,"96,229",," Structural Damage, Selling De-Registered",N/A,5,Petrol,https://manheim.co.nz/damaged-vehicles/000000000007442835/2013-nissan-pulsar-st-hatch?referringPage=SearchResults
Nissan,Tiida,2006,No,$200,N/A,," Glass Broken, Ignition Damage, Structural Damage, Stolen & Recovered, Suspension Damage, Selling De-Registered",N/A,5,Petrol,https://manheim.co.nz/damaged-vehicles/000000000007442838/2006-nissan-tiida-latio-sedan?referringPage=SearchResults
Toyota,Vitz,2004,No,$825,"196,590",," Front Damage, Ignition Damage, Left Rear Damage, Rear Damage, Structural Damage, Selling De-Registered","Automatic,",5,Petrol,https://manheim.co.nz/damaged-vehicles/000000000007442841/2004-toyota-vitz-hatch?referringPage=SearchResults
Toyota,Blade,2007,No,$650,"209,958",," Left Rear Damage, Right Front Damage, Right Rear Damage, Right Side Damage, Underbody Damage, Structural Damage, Selling De-Registered","Automatic,",5,Petrol,https://manheim.co.nz/damaged-vehicles/000000000007442845/2007-toyota-blade-master-hatch?referringPage=SearchResults
Mitsubishi,Triton,2011,No,"$1,450","358,749",," Right Side Damage, Structural Damage, Selling De-Registered","Manual,",5,Diesel,https://manheim.co.nz/damaged-vehicles/000000000007442846/2011-mitsubishi-triton-4wd-2-5d-d-cab-glx-utility?referringPage=SearchResults
Porsche,944,1984,No,"$2,300","40,049",," Front Damage, Roof Damage, Structural Damage, Selling De-Registered","5spd Manual,",4,Petrol,https://manheim.co.nz/damaged-vehicles/000000000007432848/1984-porsche-944-hatch?referringPage=SearchResults
Toyota,Corolla,1996,Yes,$900,"213,728",," Right Rear Damage, Selling Registered","Automatic,",5,Petrol,https://manheim.co.nz/damaged-vehicles/000000000007442850/1996-toyota-corolla-windy-hatch?referringPage=SearchResults
Toyota,Aqua,2014,No,"$1,450","141,650",," Roof Damage, Structural Damage, Selling De-Registered","Automatic,",5,Hybrid,https://manheim.co.nz/damaged-vehicles/000000000007442851/2014-toyota-aqua-hatch?referringPage=SearchResults
Jeep,Grand Cherokee,2010,No,$700,N/A,," Right Side Damage, Suspension Damage, Selling De-Registered","Automatic,",5,Diesel,https://manheim.co.nz/damaged-vehicles/000000000007442858/2010-jeep-grand-cherokee-ltd-3-0-crd-station-wagon?referringPage=SearchResults
Honda,fit,2005,No,$400,"145,343",," Rear Damage, Structural Damage, Selling De-Registered",N/A,5,Petrol,https://manheim.co.nz/damaged-vehicles/000000000007442866/2005-honda-fit-aria-sedan?referringPage=SearchResults
Ford,Telstar,1997,No,$100,"204,156",," Left Rear Damage, Structural Damage, Selling De-Registered","Automatic,",5,Petrol,https://manheim.co.nz/damaged-vehicles/000000000007432862/1997-ford-telstar-2-0-contour-man-4dr-sedan?referringPage=SearchResults
Suzuki,Swift,2007,No,$775,"142,980",," Rear Damage, Structural Damage, Selling De-Registered","Automatic,",5,Petrol,https://manheim.co.nz/damaged-vehicles/000000000007422866/2007-suzuki-swift-hatch?referringPage=SearchResults
Toyota,Vitz,2006,No,$700,"147,912",," Interior Damage, Left Front Damage, Rear Damage, Vandalised - Interior, Structural Damage, Selling De-Registered","4spd Automatic,",5,Petrol,https://manheim.co.nz/damaged-vehicles/000000000007442871/2006-toyota-vitz-hatch?referringPage=SearchResults
Audi,A5,2010,No,"$1,450","90,066",," Left Side Damage, Structural Damage, Selling De-Registered","Automatic,",4,Petrol,https://manheim.co.nz/damaged-vehicles/000000000007442875/2010-audi-a5-cabriolet-coup%C3%A9?referringPage=SearchResults
Hyundai,I30,2011,No,$500,"136,166",," Front Damage, Structural Damage, Selling De-Registered","4spd Automatic,",5,Petrol,https://manheim.co.nz/damaged-vehicles/000000000007442880/2011-hyundai-i30-hatch?referringPage=SearchResults
Peugeot,4008,2013,Yes,"$1,550","169,352",," Right Rear Damage, Selling Registered","Automatic,",5,Petrol,https://manheim.co.nz/damaged-vehicles/000000000007442881/2013-peugeot-4008-allure-2x4-2-0-cvt-touring?referringPage=SearchResults
Suzuki,Swift,2020,No,"$1,500",N/A,," Airbags Deployed, Front Damage, Left Side Damage, Right Side Damage, Airbags Deployed, Structural Damage, Selling De-Registered","Automatic,",5,Petrol,https://manheim.co.nz/damaged-vehicles/000000000007442883/2020-suzuki-swift-gl-1-2p-cvt-hatch?referringPage=SearchResults
Holden,Captiva,2014,No,$600,"141,623",," Rear Damage, Structural Damage, Selling De-Registered","Automatic,",7,Petrol,https://manheim.co.nz/damaged-vehicles/000000000007442897/2014-holden-captiva-station-wagon?referringPage=SearchResults
Toyota,Vitz,2002,Yes,$325,N/A,," Glass Broken, Ignition Damage, Left Rear Damage, Selling Registered","Automatic,",5,Petrol,https://manheim.co.nz/damaged-vehicles/000000000007442898/2002-toyota-vitz-hatch?referringPage=SearchResults
Honda,Shuttle,2016,No,"$1,300","112,662",," Chassis Damage, Front Damage, Structural Damage, Selling De-Registered",N/A,5,Hybrid,https://manheim.co.nz/damaged-vehicles/000000000007442903/2016-honda-shuttle-station-wagon?referringPage=SearchResults
Mazda,Demio,2001,No,$400,N/A,," Front Damage, Ignition Damage, Left Side Damage, Right Side Damage, Structural Damage, Stolen & Recovered, Selling De-Registered","Automatic,",5,Petrol,https://manheim.co.nz/damaged-vehicles/000000000007442941/2001-mazda-demio-hatchback-5-dr-1-5-hatch?referringPage=SearchResults
Toyota,Prius,2015,No,"$1,300",N/A,," Left Front Damage, Structural Damage, Selling De-Registered","Automatic,",5,Hybrid,https://manheim.co.nz/damaged-vehicles/000000000007442942/2015-toyota-prius-hybrid-hatch?referringPage=SearchResults
Toyota,Spade,2013,No,$600,"129,896",," Front Damage, Structural Damage, Selling De-Registered","Automatic,",5,Petrol,https://manheim.co.nz/damaged-vehicles/000000000007442944/2013-toyota-spade-hatch?referringPage=SearchResults
Mazda,Axela,2008,No,$600,N/A,," Roof Damage, Right Side Damage, Structural Damage, Selling De-Registered",N/A,5,Petrol,https://manheim.co.nz/damaged-vehicles/000000000007442951/2008-mazda-axela-hatch?referringPage=SearchResults
MINI,Cooper,2010,No,$500,"198,211",," Front Damage, Structural Damage, Selling De-Registered",N/A,4,Petrol,https://manheim.co.nz/damaged-vehicles/000000000007442961/2010-mini-cooper-hatch-6a-2dr-1-6i-hatch?referringPage=SearchResults
Nissan,Elgrand,2005,No,$500,N/A,," Front Damage, Left Front Damage, Right Front Damage, Structural Damage, Selling De-Registered","Automatic,",8,Petrol,https://manheim.co.nz/damaged-vehicles/000000000007442964/2005-nissan-elgrand-van?referringPage=SearchResults
Mazda,Verisa,2005,No,$500,"327,110",," Rear Damage, Structural Damage, Selling De-Registered",N/A,5,Petrol,https://manheim.co.nz/damaged-vehicles/000000000007442973/2005-mazda-verisa-hatch?referringPage=SearchResults
Toyota,Mark Saloon,2005,No,$700,N/A,," Ignition Damage, Rear Damage, Right Rear Damage, Structural Damage, Stolen & Recovered, Selling De-Registered","Automatic,",5,Petrol,https://manheim.co.nz/damaged-vehicles/000000000007442975/2005-toyota-mark-saloon-sedan?referringPage=SearchResults
Nissan,Terrano,1997,Yes,$650,"230,446",," Stolen & Recovered, Selling Registered","4spd Automatic,",5,Petrol,https://manheim.co.nz/damaged-vehicles/000000000007442978/1997-nissan-terrano-regulus-rs-r-station-wagon?referringPage=SearchResults
Nissan,Teana,2006,Yes,$500,"159,913",," Ignition Damage, Left Rear Damage, Right Front Damage, Vandalised - Interior, Stolen & Recovered, Selling Registered","Automatic,",5,Petrol,https://manheim.co.nz/damaged-vehicles/000000000007442995/2006-nissan-teana-sedan?referringPage=SearchResults
Subaru,Impreza Hatchback,2010,No,$600,N/A,," Front Damage, Rear Damage, Structural Damage, Selling De-Registered","Automatic,",5,Petrol,https://manheim.co.nz/damaged-vehicles/000000000007442998/2010-subaru-impreza-hatchback-hatch?referringPage=SearchResults
Nissan,March,2016,No,"$1,300",N/A,," Front Damage, Rear Damage, Structural Damage, Selling De-Registered",N/A,5,Petrol,https://manheim.co.nz/damaged-vehicles/000000000007432993/2016-nissan-march-hatch?referringPage=SearchResults
BRIFORD,8X4 BBQ Shuttle,2015,No,$0,N/A,0," Structural Damage, Selling De-Registered",N/A,N/A,N/A,https://manheim.co.nz/damaged-vehicles/000000000007423005/2015-briford-8x4-bbq-shuttle-camper-trailer?referringPage=SearchResults
Volkswagen,Golf,2008,No,$600,N/A,," Left Front Damage, Structural Damage, Selling De-Registered","Automatic,",5,Petrol,https://manheim.co.nz/damaged-vehicles/000000000007443003/2008-volkswagen-golf-hatch?referringPage=SearchResults
Nissan,Note,2006,No,$500,N/A,," Front Damage, Rear Damage, Structural Damage, Selling De-Registered","Automatic,",5,Petrol,https://manheim.co.nz/damaged-vehicles/000000000007443008/2006-nissan-note-hatch?referringPage=SearchResults
Toyota,Aqua,2013,No,$750,"99,771",," Left Side Damage, Right Side Damage, Vandalised - Interior, Structural Damage, Stolen & Recovered, Selling De-Registered","Automatic,",5,Hybrid,https://manheim.co.nz/damaged-vehicles/000000000007443016/2013-toyota-aqua-hatch?referringPage=SearchResults
Volvo,S60 Saloon,2012,Yes,"$1,050","167,338",," Rear Damage, Right Side Damage, Selling Registered","Automatic,",5,Petrol,https://manheim.co.nz/damaged-vehicles/000000000007443049/2012-volvo-s60-saloon-sedan?referringPage=SearchResults
Subaru,Forester,1997,No,$600,N/A,," Ignition Damage, Left Rear Damage, Rear Damage, Right Rear Damage, Vandalised - Interior, Structural Damage, Stolen & Recovered, Selling De-Registered","5spd Manual,",5,Petrol,https://manheim.co.nz/damaged-vehicles/000000000007443063/1997-subaru-forester-station-wagon?referringPage=SearchResults
Daihatsu,Terios,2012,Yes,$800,"375,225",," Left Side Damage, Right Rear Damage, Selling Registered","4spd Automatic,",5,Petrol,https://manheim.co.nz/damaged-vehicles/000000000007443067/2012-daihatsu-terios-1-5p-wagon5-4a-station-wagon?referringPage=SearchResults
Nissan,Juke,2010,Yes,$700,"214,899",," Left Front Damage, Selling Registered",N/A,5,Petrol,https://manheim.co.nz/damaged-vehicles/000000000007433099/2010-nissan-juke-hatch?referringPage=SearchResults
Toyota,Aqua,2015,No,"$1,300",N/A,," Rear Damage, Structural Damage, Selling De-Registered","Automatic,",5,Hybrid,https://manheim.co.nz/damaged-vehicles/000000000007443141/2015-toyota-aqua-hatch?referringPage=SearchResults
Mazda,MAZDA2,2012,No,$600,N/A,," Interior Damage, Structural Damage, Water Damage, Selling De-Registered","Automatic,",5,Petrol,https://manheim.co.nz/damaged-vehicles/000000000007443149/2012-mazda-mazda2-sport-1-5-4at-hatch?referringPage=SearchResults
Toyota,Markx,2008,No,$600,N/A,," Front Damage, Structural Damage, Selling De-Registered","Automatic,",6,Petrol,https://manheim.co.nz/damaged-vehicles/000000000007443176/2008-toyota-markx-zio-station-wagon?referringPage=SearchResults
Mazda,MAZDA3,2004,No,$500,N/A,," Left Rear Damage, Structural Damage, Selling De-Registered","Automatic,",5,Petrol,https://manheim.co.nz/damaged-vehicles/000000000007443186/2004-mazda-mazda3-sporthatch-sp23-aut-hatch?referringPage=SearchResults
Volkswagen,Tiguan,2023,Yes,N/A,"61,733",," Engine Damage, Selling Registered","Automatic,",7,Petrol,https://manheim.co.nz/damaged-vehicles/000000000007413194/2023-volkswagen-tiguan-allspace-style-awd-station-wagon?referringPage=SearchResults
Toyota,Corolla,2007,No,$600,N/A,," Front Damage, Structural Damage, Selling De-Registered","Automatic,",5,Petrol,https://manheim.co.nz/damaged-vehicles/000000000007443208/2007-toyota-corolla-axio-sedan?referringPage=SearchResults
Toyota,Premio,2008,No,$600,"107,231",," Right Side Damage, Structural Damage, Selling De-Registered","Automatic,",5,Petrol,https://manheim.co.nz/damaged-vehicles/000000000007443213/2008-toyota-premio-sedan?referringPage=SearchResults
Nissan,Tiida Hatchback,2005,No,$400,"180,470",," Front Damage, Structural Damage, Selling De-Registered","Automatic,",5,Petrol,https://manheim.co.nz/damaged-vehicles/000000000007443220/2005-nissan-tiida-hatchback-hatch?referringPage=SearchResults
Toyota,Corolla,1995,Yes,$950,"190,842",," Glass Broken, Ignition Damage, Left Rear Damage, Vandalised - Interior, Stolen & Recovered, Selling Registered","4spd Automatic,",5,Petrol,https://manheim.co.nz/damaged-vehicles/000000000007443236/1995-toyota-corolla-sedan?referringPage=SearchResults
Mazda,Axela,2009,No,$700,"146,618",," Front Damage, Structural Damage, Selling De-Registered","Automatic,",5,Petrol,https://manheim.co.nz/damaged-vehicles/000000000007443240/2009-mazda-axela-sedan?referringPage=SearchResults
Toyota,Prius,2011,No,$600,"279,303",," Right Side Damage, Structural Damage, Selling De-Registered","Automatic,",5,Hybrid,https://manheim.co.nz/damaged-vehicles/000000000007443254/2011-toyota-prius-hybrid-hatch?referringPage=SearchResults
M.v. Agusta,Turismo Veloce,2017,No,"$1,500",N/A,," Engine Damage, Water Damage, Selling De-Registered","Manual,",N/A,Petrol,https://manheim.co.nz/damaged-vehicles/000000000007443261/2017-mv-agusta-turismo-veloce-motorcycle?referringPage=SearchResults
Suzuki,Swift,2007,No,$400,"135,014",," Rear Damage, Structural Damage, Selling De-Registered","4spd Automatic,",5,Petrol,https://manheim.co.nz/damaged-vehicles/000000000007443267/2007-suzuki-swift-hatch?referringPage=SearchResults
Mazda,MAZDA6,2009,Yes,$500,"266,057",," Right Rear Damage, Selling Registered","Automatic,",5,Petrol,https://manheim.co.nz/damaged-vehicles/000000000007443283/2009-mazda-mazda6-sport-gsx-2-5-5at-hatch?referringPage=SearchResults
Suzuki,Grand Vitara,2015,No,"$1,450","144,223",," Front Damage, Structural Damage, Selling De-Registered","Automatic,",5,Petrol,https://manheim.co.nz/damaged-vehicles/000000000007443298/2015-suzuki-grand-vitara-wa2wdn-2-4p-4at-sw--station-wagon?referringPage=SearchResults
Mazda,Demio,2014,No,$700,"134,835",," Left Rear Damage, Left Side Damage, Structural Damage, Selling De-Registered","Automatic,",5,Petrol,https://manheim.co.nz/damaged-vehicles/000000000007443304/2014-mazda-demio-hatch?referringPage=SearchResults
Ford,Transit,2016,No,$0,"199,318",," Left Front Damage, Left Side Damage, Right Front Damage, Right Side Damage, Dismantled - Interior","Manual,",3,Diesel,https://manheim.co.nz/damaged-vehicles/000000000007433322/2016-ford-transit-350l-lwb-van-2-2d-6-van?referringPage=SearchResults
Toyota,Vitz,2007,No,$700,N/A,," Right Front Damage, Right Side Damage, Structural Damage, Selling De-Registered","Automatic,",5,Petrol,https://manheim.co.nz/damaged-vehicles/000000000007443347/2007-toyota-vitz-hatch?referringPage=SearchResults
Toyota,Corolla,2012,No,$600,"206,845",," Right Front Damage, Structural Damage, Suspension Damage, Selling De-Registered","Automatic,",5,Petrol,https://manheim.co.nz/damaged-vehicles/000000000007443349/2012-toyota-corolla-1-8p-gx-hatch-5-4a-hatch?referringPage=SearchResults
Suzuki,Swift Hatchback,2007,No,$500,"178,945",," Left Side Damage, Structural Damage, Selling De-Registered","Automatic,",5,Petrol,https://manheim.co.nz/damaged-vehicles/000000000007443351/2007-suzuki-swift-hatchback-hatch?referringPage=SearchResults
Mazda,MPV,2005,No,$200,N/A,," Left Side Damage, Structural Damage, Selling De-Registered","Automatic,",7,Petrol,https://manheim.co.nz/damaged-vehicles/000000000007443352/2005-mazda-mpv-station-wagon?referringPage=SearchResults
Nissan,Dualis,2010,No,$100,"80,827",," Airbags Deployed, Left Side Damage, Rear Damage, Right Side Damage, Structural Damage, Selling De-Registered",N/A,5,Petrol,https://manheim.co.nz/damaged-vehicles/000000000007443365/2010-nissan-dualis-station-wagon?referringPage=SearchResults
Toyota,Vitz,2004,Yes,$600,"200,482",," Front Damage, Selling Registered","5spd Manual,",5,Petrol,https://manheim.co.nz/damaged-vehicles/000000000007443474/2004-toyota-vitz-hatch?referringPage=SearchResults
Hyundai,Tucson,2025,No,N/A,N/A,," Fire Damage, Water Damage, Selling De-Registered","Automatic,",5,Hybrid,https://manheim.co.nz/damaged-vehicles/000000000007443480/2025-hyundai-tucson-1-6t-hev-active-awd-station-wagon?referringPage=SearchResults
Mercedes-Benz,E550,2007,Yes,"$2,250","175,106",," Stolen & Recovered, Selling Registered","Automatic,",5,Petrol,https://manheim.co.nz/damaged-vehicles/000000000007413499/2007-mercedes-benz-e550-sedan?referringPage=SearchResults
Nissan,Tiida,2011,No,$200,"174,537",," Right Side Damage, Structural Damage, Selling De-Registered",N/A,5,Petrol,https://manheim.co.nz/damaged-vehicles/000000000007443532/2011-nissan-tiida-1-8-petrol-hatch-st-hatch?referringPage=SearchResults
Toyota,Aqua,2013,No,$600,N/A,," Front Damage, Structural Damage, Selling De-Registered","Automatic,",5,Hybrid,https://manheim.co.nz/damaged-vehicles/000000000007443541/2013-toyota-aqua-hybrid-hatch?referringPage=SearchResults
Volkswagen,Golf,2014,No,$900,N/A,," Right Side Damage, Structural Damage, Selling De-Registered","Automatic,",5,Petrol,https://manheim.co.nz/damaged-vehicles/000000000007443546/2014-volkswagen-golf-tsi-highline-7dsg-hatch?referringPage=SearchResults
Toyota,Aqua,2017,No,$500,N/A,," Front Damage, Left Side Damage, Structural Damage, Selling De-Registered","Automatic,",5,Hybrid,https://manheim.co.nz/damaged-vehicles/000000000007443555/2017-toyota-aqua-1-5l-petrol-hybrid-hatch?referringPage=SearchResults
Honda,CRV,2006,No,$700,"223,939",," Left Side Damage, Structural Damage, Selling De-Registered",N/A,5,Petrol,https://manheim.co.nz/damaged-vehicles/000000000007443560/2006-honda-crv-zl-station-wagon?referringPage=SearchResults
Nissan,Dualis,2009,No,$500,"199,458",," Rear Damage, Structural Damage, Selling De-Registered","Automatic,",5,Petrol,https://manheim.co.nz/damaged-vehicles/000000000007443562/2009-nissan-dualis-station-wagon?referringPage=SearchResults
Mitsubishi,Outlander,2006,No,$325,"252,603",," Water Damage, Selling De-Registered",N/A,7,Petrol,https://manheim.co.nz/damaged-vehicles/000000000007443568/2006-mitsubishi-outlander-station-wagon?referringPage=SearchResults
Toyota,Ractis,2007,No,$600,"120,052",," Rear Damage, Structural Damage, Selling De-Registered","Automatic,",5,Petrol,https://manheim.co.nz/damaged-vehicles/000000000007443571/2007-toyota-ractis-hatch?referringPage=SearchResults
Toyota,Hilux,2016,No,N/A,N/A,," Chassis Damage, Left Side Damage, Rear Damage, Structural Damage, Selling De-Registered","Automatic,",5,Diesel,https://manheim.co.nz/damaged-vehicles/000000000007443578/2016-toyota-hilux-sr-td-dc-2-8d-4wd-6-dual-cab-utility?referringPage=SearchResults
Toyota,Hilux,2019,Yes,N/A,N/A,," Stolen & Recovered, Selling Registered",N/A,N/A,Diesel,https://manheim.co.nz/damaged-vehicles/000000000007433578/2019-toyota-hilux-sr5-cruiser-td-dc-2-utility?referringPage=SearchResults
KTM,390,2017,No,$650,"44,115",," Structural Damage, Selling De-Registered",N/A,N/A,Petrol,https://manheim.co.nz/damaged-vehicles/000000000007443594/2017-ktm-390-duke-399p-motorcycle?referringPage=SearchResults
Mazda,CX-30,2024,No,N/A,N/A,," Structural Damage, Water Damage, Selling De-Registered","Automatic,",5,Petrol,https://manheim.co.nz/damaged-vehicles/000000000007443601/2024-mazda-cx-30-gsx-ptr-2-0p-6at-station-wagon?referringPage=SearchResults
Mazda,CX-30,2025,No,N/A,N/A,," Structural Damage, Water Damage, Selling De-Registered","Automatic,",5,Petrol,https://manheim.co.nz/damaged-vehicles/000000000007443602/2025-mazda-cx-30-gsx-ptr-2-0p-6at-station-wagon?referringPage=SearchResults
Hyundai,Ioniq,2018,No,"$1,500","101,517",," Right Front Damage, Structural Damage, Selling De-Registered","Automatic, Drive Type, Front Wheel Drive, Fuel Type, Electri",5,Electric,https://manheim.co.nz/damaged-vehicles/000000000007443604/2018-hyundai-ioniq-elite-ev-fd-hatch?referringPage=SearchResults
Custom,Homebuilt,1984,No,$500,N/A,0," Front Damage, Structural Damage, Selling De-Registered",N/A,N/A,N/A,https://manheim.co.nz/damaged-vehicles/000000000007443616/1984-custom-homebuilt-caravan?referringPage=SearchResults
Honda,Stream,2007,No,$500,N/A,," Front Damage, Rear Damage, Structural Damage, Selling De-Registered","Automatic,",7,Petrol,https://manheim.co.nz/damaged-vehicles/000000000007443621/2007-honda-stream-rsz-station-wagon?referringPage=SearchResults
DONGFENG,007 Long Range 70kwh/ev Saloo,2026,No,N/A,710,," Chassis Damage, Right Rear Damage, Structural Damage, Selling De-Registered","Automatic, Fuel Type, Electri",5,Electric,https://manheim.co.nz/damaged-vehicles/000000000007443629/2026-dongfeng-007-long-range-70kwh-ev-saloo-sedan?referringPage=SearchResults
Kia,Magentis,2007,No,$500,"160,064",," Left Side Damage, Structural Damage, Selling De-Registered","Automatic,",5,Petrol,https://manheim.co.nz/damaged-vehicles/000000000007443641/2007-kia-magentis-2-4-auto-sedan?referringPage=SearchResults
KTM,390,2025,No,$650,N/A,, Selling De-Registered,N/A,N/A,Petrol,https://manheim.co.nz/damaged-vehicles/000000000007433646/2025-ktm-390-duke-399p-motorcycle?referringPage=SearchResults
Toyota,Hilux,1996,No,"$1,450","314,482",," Front Damage, Left Side Damage, Structural Damage, Selling De-Registered","Automatic,",5,Diesel,https://manheim.co.nz/damaged-vehicles/000000000007443653/1996-toyota-hilux-surf-station-wagon?referringPage=SearchResults
Nissan,Note Hatchback,2014,No,$600,N/A,," Front Damage, Rear Damage, Structural Damage, Selling De-Registered","Automatic,",5,Petrol,https://manheim.co.nz/damaged-vehicles/000000000007443666/2014-nissan-note-hatchback-hatch?referringPage=SearchResults
Ford,Ranger,2015,No,"$1,300",N/A,," Airbags Deployed, Front Damage, Rear Damage, Structural Damage, Selling De-Registered","Automatic,",5,Diesel,https://manheim.co.nz/damaged-vehicles/000000000007443669/2015-ford-ranger-xlt-double-cab-w-s-dual-cab-chassis?referringPage=SearchResults
Toyota,Corolla,2016,No,N/A,"194,548",," Front Damage, Structural Damage, Selling De-Registered","Automatic,",5,Hybrid,https://manheim.co.nz/damaged-vehicles/000000000007443673/2016-toyota-corolla-fielder-station-wagon?referringPage=SearchResults
Honda,fit,2006,Yes,$650,"132,446",," Right Front Damage, Selling Registered","Automatic,",5,Petrol,https://manheim.co.nz/damaged-vehicles/000000000007443679/2006-honda-fit-hatch?referringPage=SearchResults
Suzuki,GSX250,2022,Yes,$500,N/A,," Stolen & Recovered, Selling Registered","Manual,",N/A,Petrol,https://manheim.co.nz/damaged-vehicles/000000000007443680/2022-suzuki-gsx250-frlm2-motorcycle?referringPage=SearchResults
Toyota,Premio,2004,No,$500,N/A,," Rear Damage, Structural Damage, Selling De-Registered","Automatic,",5,Petrol,https://manheim.co.nz/damaged-vehicles/000000000007443682/2004-toyota-premio-sedan?referringPage=SearchResults
Honda,Prelude,1997,Yes,$850,"187,654",," Left Rear Damage, Right Front Damage, Vandalised - Interior, Stolen & Recovered, Selling Registered","Automatic,",4,Petrol,https://manheim.co.nz/damaged-vehicles/000000000007443711/1997-honda-prelude-coup%C3%A9?referringPage=SearchResults
Toyota,Aqua,2017,Yes,N/A,N/A,," Right Side Damage, Vandalised - Interior, Stolen & Recovered, Selling Registered","Automatic,",5,Hybrid,https://manheim.co.nz/damaged-vehicles/000000000007443715/2017-toyota-aqua-hatch?referringPage=SearchResults
Toyota,Rush,2008,No,$500,"205,482",," Roof Damage, Selling De-Registered","Automatic,",5,Petrol,https://manheim.co.nz/damaged-vehicles/000000000007443728/2008-toyota-rush-hatch?referringPage=SearchResults
Nissan,Tiida,2004,No,$500,"170,238",," Right Front Damage, Structural Damage, Selling De-Registered","Automatic,",5,Petrol,https://manheim.co.nz/damaged-vehicles/000000000007443751/2004-nissan-tiida-latio-sedan?referringPage=SearchResults
LDV,T60,2021,No,N/A,"137,860",," Structural Damage, Under Body Damage, Selling De-Registered",N/A,5,N/A,https://manheim.co.nz/damaged-vehicles/000000000007433761/2021-ldv-t60-4wd-at-2-8dt-4wd-6a-dual-cab-utility?referringPage=SearchResults
Toyota,Prius,2011,No,$600,"411,976",," Left Front Damage, Left Rear Damage, Rear Damage, Right Front Damage, Right Rear Damage, Structural Damage, Selling De-Registered","Automatic,",5,Hybrid,https://manheim.co.nz/damaged-vehicles/000000000007443770/2011-toyota-prius-sedan?referringPage=SearchResults
Hyundai,Santa FE,2006,No,$400,"230,378",," Left Rear Damage, Right Front Damage, Structural Damage, Selling De-Registered","Automatic,",7,Petrol,https://manheim.co.nz/damaged-vehicles/000000000007443813/2006-hyundai-santa-fe-2-7p-v6-a4-cm-station-wagon?referringPage=SearchResults
Renault,Koleos,2011,Yes,$700,"334,872",," Stolen & Recovered, Selling Registered","6spd Automatic,",5,Diesel,https://manheim.co.nz/damaged-vehicles/000000000007413811/2011-renault-koleos-2-0dci-4dr-4wd-suv-station-wagon?referringPage=SearchResults
Volkswagen,Touran,2006,Yes,"$1,000",N/A,, Selling Registered,"Automatic,",5,Petrol,https://manheim.co.nz/damaged-vehicles/000000000007413817/2006-volkswagen-touran-2-0-fsi-station-wagon?referringPage=SearchResults
Chrysler,Voyager,2003,Yes,$625,"160,029",," Front Damage, Selling Registered","Automatic,",7,Petrol,https://manheim.co.nz/damaged-vehicles/000000000007443831/2003-chrysler-voyager-lx-station-wagon?referringPage=SearchResults
Chevrolet,Optra,2005,Yes,$350,N/A,," Right Front Damage, Selling Registered","Automatic,",5,Petrol,https://manheim.co.nz/damaged-vehicles/000000000007443835/2005-chevrolet-optra-lt-station-wagon?referringPage=SearchResults
Isuzu,D-max,2019,No,N/A,"231,798",," Left Side Damage, Right Side Damage, Airbags Deployed, Structural Damage, Selling De-Registered","Automatic,",5,Diesel,https://manheim.co.nz/damaged-vehicles/000000000007443840/2019-isuzu-d-max-ls-s-dc-3-0d-4wd-6a-dual-cab-utility?referringPage=SearchResults
Toyota,SAI,2010,No,$700,"125,663",," Front Damage, Left Side Damage, Structural Damage, Selling De-Registered","Automatic,",5,Hybrid,https://manheim.co.nz/damaged-vehicles/000000000007443843/2010-toyota-sai-hybrid-sedan?referringPage=SearchResults
Ford,Ranger,2016,No,N/A,"238,455",," Airbags Deployed, Underbody Damage, Structural Damage, Selling De-Registered","Automatic,",5,Diesel,https://manheim.co.nz/damaged-vehicles/000000000007443853/2016-ford-ranger-xlt-double-cab-w-s-dual-cab-utility?referringPage=SearchResults
Suzuki,Swift,2011,No,$775,"252,586",," Left Rear Damage, Rear Damage, Right Front Damage, Right Rear Damage, Structural Damage, Selling De-Registered","Automatic,",5,Petrol,https://manheim.co.nz/damaged-vehicles/000000000007443866/2011-suzuki-swift-glxa-1-4-5dr-hatch?referringPage=SearchResults
Nissan,Micra,2011,No,$500,"152,733",," Front Damage, Right Rear Damage, Structural Damage, Selling De-Registered","Automatic,",5,Petrol,https://manheim.co.nz/damaged-vehicles/000000000007443867/2011-nissan-micra-1-5-st-at-hatch?referringPage=SearchResults
Nissan,Micra,2005,No,$500,"198,427",," Left Rear Damage, Structural Damage, Selling De-Registered","4spd Automatic,",5,Petrol,https://manheim.co.nz/damaged-vehicles/000000000007443893/2005-nissan-micra-1-4-5dr-a-t-sedan?referringPage=SearchResults
Mitsubishi,Triton,2006,No,$700,"168,305",," Right Side Damage, Vandalised - Interior, Stolen & Recovered, Water Damage, Selling De-Registered","Automatic,",5,Diesel,https://manheim.co.nz/damaged-vehicles/000000000007443908/2006-mitsubishi-triton-4wd-2-8d-dcab-gls-m-dual-cab-utility?referringPage=SearchResults
Nissan,Note,2014,No,$500,"57,319",," Left Front Damage, Structural Damage, Selling De-Registered","Automatic,",5,Petrol,https://manheim.co.nz/damaged-vehicles/000000000007443916/2014-nissan-note-station-wagon?referringPage=SearchResults
Volkswagen,Golf,2012,No,$500,"114,658",," Front Damage, Airbags Deployed, Structural Damage, Selling De-Registered",N/A,5,Petrol,https://manheim.co.nz/damaged-vehicles/000000000007443962/2012-volkswagen-golf-station-wagon?referringPage=SearchResults
Subaru,Legacy,2007,No,$500,"232,442",," Rear Damage, Right Front Damage, Right Side Damage, Structural Damage, Selling De-Registered","Automatic,",5,Petrol,https://manheim.co.nz/damaged-vehicles/000000000007443977/2007-subaru-legacy-station-wagon?referringPage=SearchResults
Ford,Courier,2000,No,$1,N/A,," Fire Damage, Structural Damage, Stolen & Recovered, Selling De-Registered",N/A,5,Diesel,https://manheim.co.nz/damaged-vehicles/000000000007433993/2000-ford-courier-xl-crew-cab-svp-dual-cab-utility?referringPage=SearchResults
Ford,Ranger,2007,No,$800,"173,907",," Front Damage, Left Side Damage, Structural Damage, Selling De-Registered","Automatic,",4,Diesel,https://manheim.co.nz/damaged-vehicles/000000000007424031/2007-ford-ranger-3-0td-xl-rc-c-c-4x4-utility?referringPage=SearchResults
Ford,Falcon,2009,No,$700,"293,704",," Left Front Damage, Left Rear Damage, Right Front Damage, Right Rear Damage, Vandalised - Interior, Selling De-Registered","5spd Automatic,",5,Petrol,https://manheim.co.nz/damaged-vehicles/000000000007444089/2009-ford-falcon-fg-xt-sedan-fa-sedan?referringPage=SearchResults
Mazda,Demio,2003,Yes,$500,"156,551",," Glass Broken, Ignition Damage, Left Rear Damage, Vandalised - Interior, Stolen & Recovered, Selling Registered","Automatic,",5,Petrol,https://manheim.co.nz/damaged-vehicles/000000000007444118/2003-mazda-demio-hatch?referringPage=SearchResults
Toyota,Aqua,2013,No,$700,"212,370",," Right Front Damage, Vandalised - Interior, Structural Damage, Stolen & Recovered, Selling De-Registered","Automatic,",5,Hybrid,https://manheim.co.nz/damaged-vehicles/000000000007444122/2013-toyota-aqua-hatch?referringPage=SearchResults
Mazda,CX-5,2013,No,$500,"72,801",," Front Damage, Left Front Damage, Right Front Damage, Structural Damage, Selling De-Registered","Automatic,",5,Petrol,https://manheim.co.nz/damaged-vehicles/000000000007444123/2013-mazda-cx-5-station-wagon?referringPage=SearchResults
Kia,RIO,2012,No,$700,"158,196",," Right Side Damage, Structural Damage, Selling De-Registered","Automatic,",5,Petrol,https://manheim.co.nz/damaged-vehicles/000000000007444127/2012-kia-rio-1-4-petrol-auto-ex-hatch?referringPage=SearchResults
Toyota,Corolla,2000,Yes,$650,"332,697",," Right Side Damage, Vandalised - Interior, Selling Registered","Automatic,",5,Petrol,https://manheim.co.nz/damaged-vehicles/000000000007444128/2000-toyota-corolla-sedan?referringPage=SearchResults
Nissan,Vanette,2008,Yes,"$1,000",N/A,," Right Front Damage, Selling Registered","4spd Automatic,",3,Petrol,https://manheim.co.nz/damaged-vehicles/000000000007444141/2008-nissan-vanette-van?referringPage=SearchResults
Mazda,Demio,2013,No,$500,N/A,," Front Damage, Airbags Deployed, Structural Damage, Selling De-Registered",N/A,5,Petrol,https://manheim.co.nz/damaged-vehicles/000000000007434185/2013-mazda-demio-hatch?referringPage=SearchResults
Toyota,Hiace,2008,No,N/A,"460,986",," Front Damage, Rear Damage, Structural Damage, Selling De-Registered",N/A,3,Diesel,https://manheim.co.nz/damaged-vehicles/000000000007444249/2008-toyota-hiace-panel-van?referringPage=SearchResults
BMW,320i,2011,No,"$1,300",N/A,," Left Side Damage, Airbags Deployed, Structural Damage, Selling De-Registered","Automatic,",5,Petrol,https://manheim.co.nz/damaged-vehicles/000000000007434300/2011-bmw-320i-sedan?referringPage=SearchResults
TRAILER,Domestic Trailer,1999,No,$0,N/A,0," Structural Damage, Selling De-Registered",N/A,N/A,N/A,https://manheim.co.nz/damaged-vehicles/000000000007434315/1999-trailer-domestic-trailer-trailer--box-domestic-?referringPage=SearchResults
Ford,Mondeo,2004,No,$400,N/A,," Left Front Damage, Left Rear Damage, Roof Damage, Right Front Damage, Right Rear Damage, Selling De-Registered","Automatic,",5,Petrol,https://manheim.co.nz/damaged-vehicles/000000000007444578/2004-ford-mondeo-zetec-2-0-auto-hatch?referringPage=SearchResults
LDV,V80,2018,No,"$2,300","133,277",," Front Damage, Left Front Damage, Left Side Damage, Structural Damage, Selling De-Registered",N/A,3,Diesel,https://manheim.co.nz/damaged-vehicles/000000000007424610/2018-ldv-v80-bigger-amt-2-5d-6am-high-roof-van?referringPage=SearchResults
CF Moto,Cforce 500,2023,No,"$1,350",N/A,," Engine Damage, Gearbox Damage, Water Damage, Selling De-Registered",N/A,N/A,Petrol,https://manheim.co.nz/damaged-vehicles/000000000007424669/2023-cf-moto-cforce-500-quad-bike?referringPage=SearchResults
Toyota,Tercel,1998,No,$500,N/A,, Selling De-Registered,N/A,5,Petrol,https://manheim.co.nz/damaged-vehicles/000000000007424679/1998-toyota-tercel-joinus-l-hatch?referringPage=SearchResults
Daihatsu,Sirion,2006,Yes,$500,"406,342",," Left Front Damage, Left Rear Damage, Left Side Damage, Selling Registered","5spd Manual,",5,Petrol,https://manheim.co.nz/damaged-vehicles/000000000007434778/2006-daihatsu-sirion-1-3p-hatch-5m-hatch?referringPage=SearchResults
Volkswagen,Caddy,2015,No,"$1,300",N/A,," Fire Damage, Roof Damage, Fire - Interior, Structural Damage, Selling De-Registered","Automatic,",5,Diesel,https://manheim.co.nz/damaged-vehicles/000000000007424978/2015-volkswagen-caddy-maxi-life-1-6-dsg-station-wagon?referringPage=SearchResults
Mitsubishi,Mirage,1999,No,$500,N/A,, Selling De-Registered,N/A,5,Petrol,https://manheim.co.nz/damaged-vehicles/000000000007425037/1999-mitsubishi-mirage-dingo-hatch?referringPage=SearchResults
FORZA,Capri LX Motorcycle,2020,No,$200,"3,165",," Front Damage, Structural Damage, Stolen & Recovered, Selling De-Registered","Automatic,",N/A,Petrol,https://manheim.co.nz/damaged-vehicles/000000000007435030/2020-forza-capri-lx-motorcycle-motorcycle?referringPage=SearchResults
Holden,Commodore,2006,No,$800,"189,888",," Left Front Damage, Right Front Damage, Selling De-Registered","Automatic,",5,Petrol,https://manheim.co.nz/damaged-vehicles/000000000007435033/2006-holden-commodore-omega-sedan-auto-sedan?referringPage=SearchResults
Ford,Transit,2005,No,$0,"173,099",1," Roof Damage, Underbody Damage, Structural Damage, Selling De-Registered","6spd Manual,",2,Diesel,https://manheim.co.nz/damaged-vehicles/000000000007435036/2005-ford-transit-tran350l-td-high-4d-x-cab-utility?referringPage=SearchResults
Holden,VY Commodore,2004,No,$800,N/A,," Left Front Damage, Left Rear Damage, Right Front Damage, Right Rear Damage, Selling De-Registered","Automatic,",5,Petrol,https://manheim.co.nz/damaged-vehicles/000000000007435040/2004-holden-vy-commodore-s-v6-auto-sedan?referringPage=SearchResults
Holden,Astra,1997,No,$200,N/A,," Left Front Damage, Left Rear Damage, Roof Damage, Right Front Damage, Right Rear Damage, Selling De-Registered","5spd Manual,",5,Petrol,https://manheim.co.nz/damaged-vehicles/000000000007435056/1997-holden-astra-1-6l-gl-hatch?referringPage=SearchResults
Ford,Focus,2009,Yes,$500,"243,569",," Ignition Damage, Selling Registered","Automatic,",5,Petrol,https://manheim.co.nz/damaged-vehicles/000000000007435072/2009-ford-focus-1-6-a-hatch-hatch?referringPage=SearchResults
Toyota,Aqua,2015,Yes,N/A,"285,265",," Vandalised - Interior, Stolen & Recovered, Selling Registered","Automatic,",5,Hybrid,https://manheim.co.nz/damaged-vehicles/000000000007435087/2015-toyota-aqua-hatch?referringPage=SearchResults
Opel,Astra,2000,No,$500,N/A,," Right Front Damage, Selling De-Registered",N/A,5,Petrol,https://manheim.co.nz/damaged-vehicles/000000000007425082/2000-opel-astra-hatch?referringPage=SearchResults
FOTON,Tunland,2018,No,$700,N/A,," Front Damage, Left Side Damage, Rear Damage, Structural Damage, Selling De-Registered",N/A,5,Diesel,https://manheim.co.nz/damaged-vehicles/000000000007435093/2018-foton-tunland-4wd-s-2-8dt-4wd-5mt-utility?referringPage=SearchResults
Ford,Kuga,2013,No,$700,"106,792",," Engine Damage, Fire Damage, Left Front Damage, Fire - Engine, Selling De-Registered","6spd Automatic,",5,Petrol,https://manheim.co.nz/damaged-vehicles/000000000007435101/2013-ford-kuga-awd-1-6p-ecoboost-a-station-wagon?referringPage=SearchResults
Nissan,Leaf,2014,No,$700,"120,241",," Left Side Damage, Right Side Damage, Structural Damage, Selling De-Registered","Automatic, Drive Type, Front Wheel Drive, Fuel Type, Electri",5,Electric,https://manheim.co.nz/damaged-vehicles/000000000007425100/2014-nissan-leaf-hatch?referringPage=SearchResults
Holden,Captiva,2010,Yes,$500,"161,174",, Selling Registered,"5spd Manual,",5,Petrol,https://manheim.co.nz/damaged-vehicles/000000000007415141/2010-holden-captiva-5-2-4l-fwd-mt-station-wagon?referringPage=SearchResults
Kawasaki,KLE,2019,No,$225,N/A,," Structural Damage, Selling De-Registered",N/A,N/A,Petrol,https://manheim.co.nz/damaged-vehicles/000000000007425150/2019-kawasaki-kle-300c-motorcycle?referringPage=SearchResults
Ford,Fairmont,1996,No,$600,N/A,," Front Damage, Structural Damage, Selling De-Registered","Automatic,",5,Petrol,https://manheim.co.nz/damaged-vehicles/000000000007435195/1996-ford-fairmont-efii-fmt-6-sedan?referringPage=SearchResults
Volkswagen,Passat,2008,No,$500,N/A,, Selling De-Registered,N/A,5,N/A,https://manheim.co.nz/damaged-vehicles/000000000007425274/2008-volkswagen-passat-tdi-125kw-6dsg-var-station-wagon?referringPage=SearchResults
Holden,Colorado,2019,No,N/A,"279,541",," Front Damage, Right Side Damage, Structural Damage, Selling De-Registered","Automatic,",5,Diesel,https://manheim.co.nz/damaged-vehicles/000000000007435380/2019-holden-colorado-z71-dc-pu-2-8dt-4wd-dual-cab-utility?referringPage=SearchResults
Nissan,Tiida,2004,Yes,$700,N/A,," Vandalised - Interior, Selling Registered","Automatic,",5,Petrol,https://manheim.co.nz/damaged-vehicles/000000000007425396/2004-nissan-tiida-hatch?referringPage=SearchResults
Holden,Barina Spark,2015,No,$800,"17,461",, Selling De-Registered,"Automatic,",5,Petrol,https://manheim.co.nz/damaged-vehicles/000000000007435488/2015-holden-barina-spark-cd-1-2p-4at-ha-4dr--hatch?referringPage=SearchResults
Suzuki,GW250,2015,No,$300,"52,328",," Front Damage, Stolen & Recovered, Selling De-Registered","Automatic,",N/A,Petrol,https://manheim.co.nz/damaged-vehicles/000000000007395553/2015-suzuki-gw250-inazuma-lam-motorcycle?referringPage=SearchResults
Volvo,S60,2006,No,$500,N/A,, Selling De-Registered,"5spd Automatic,",5,Petrol,https://manheim.co.nz/damaged-vehicles/000000000007435693/2006-volvo-s60-sedan?referringPage=SearchResults
Honda,CBR,2019,No,"$1,000","16,261",," Front Damage, Right Side Damage, Structural Damage, Selling De-Registered","Automatic,",N/A,Petrol,https://manheim.co.nz/damaged-vehicles/000000000007405771/2019-honda-cbr-500-p-motorcycle?referringPage=SearchResults
Ford,Kuga,2014,No,"$1,300",N/A,," Right Front Damage, Right Rear Damage, Selling De-Registered","Automatic,",5,Petrol,https://manheim.co.nz/damaged-vehicles/000000000007445822/2014-ford-kuga-awd-1-6p-ecoboost-a-station-wagon?referringPage=SearchResults
Ford,Mondeo,2009,No,$500,N/A,," Left Front Damage, Right Front Damage, Selling De-Registered","Automatic,",5,Diesel,https://manheim.co.nz/damaged-vehicles/000000000007445883/2009-ford-mondeo-2-0td-sedan-a-sedan?referringPage=SearchResults
Nissan,Leaf,2012,No,$300,"68,689",," Left Side Damage, Structural Damage, Selling De-Registered","Automatic, Fuel Type, Electri",5,Electric,https://manheim.co.nz/damaged-vehicles/000000000007445884/2012-nissan-leaf-zero-emission-hatch?referringPage=SearchResults
Toyota,Vanguard,2007,No,"$2,300",N/A,," Front Damage, Left Side Damage, Structural Damage, Selling De-Registered",N/A,7,Petrol,https://manheim.co.nz/damaged-vehicles/000000000007445894/2007-toyota-vanguard-station-wagon?referringPage=SearchResults
Nissan,X-trail,2014,No,"$1,300",N/A,," Airbags Deployed, Left Rear Damage, Right Side Damage, Structural Damage, Selling De-Registered","Automatic,",7,Petrol,https://manheim.co.nz/damaged-vehicles/000000000007445920/2014-nissan-x-trail-st-2-5p-6cvt-sw-5dr-station-wagon?referringPage=SearchResults
Volkswagen,EOS,2007,No,$500,N/A,," Interior Damage, Water Damage, Selling De-Registered","6spd Automatic,",4,Petrol,https://manheim.co.nz/damaged-vehicles/000000000007445932/2007-volkswagen-eos-3-2-v6-6dsg-coup%C3%A9?referringPage=SearchResults
Holden,Adventra,2004,No,N/A,"229,008",," Right Rear Damage, Structural Damage, Selling De-Registered",N/A,5,Petrol,https://manheim.co.nz/damaged-vehicles/000000000007445934/2004-holden-adventra-vy2-cx8-station-wagon?referringPage=SearchResults
Mazda,MAZDA2,2016,No,$700,N/A,," Front Damage, Structural Damage, Selling De-Registered","Automatic,",5,Petrol,https://manheim.co.nz/damaged-vehicles/000000000007445951/2016-mazda-mazda2-hatch-gsx-1-5-6at-hatch?referringPage=SearchResults
Honda,Civic,2013,No,$800,N/A,," Left Side Damage, Structural Damage, Selling De-Registered","Automatic,",5,Petrol,https://manheim.co.nz/damaged-vehicles/000000000007445953/2013-honda-civic-l-1-8p-5at-hatch?referringPage=SearchResults
Mazda,Axela,2012,No,$600,"121,454",," Interior Damage, Roof Damage, Structural Damage, Selling De-Registered","Automatic,",5,Petrol,https://manheim.co.nz/damaged-vehicles/000000000007445959/2012-mazda-axela-hatch?referringPage=SearchResults
Mazda,Axela,2014,No,"$1,300","107,013",," Airbags Deployed, Front Damage, Left Front Damage, Structural Damage, Selling De-Registered",N/A,5,Hybrid,https://manheim.co.nz/damaged-vehicles/000000000007435967/2014-mazda-axela-sedan?referringPage=SearchResults
Suzuki,GW250Z,2017,No,$500,"30,392",," Structural Damage, Selling De-Registered",N/A,N/A,Petrol,https://manheim.co.nz/damaged-vehicles/000000000007435970/2017-suzuki-gw250z-inazuma-motorcycle?referringPage=SearchResults
Mitsubishi,Diamante,2001,No,$600,"140,604",," Glass Broken, Right Front Damage, Structural Damage, Under Body Damage, Selling De-Registered","4spd Automatic,",5,Petrol,https://manheim.co.nz/damaged-vehicles/000000000007445991/2001-mitsubishi-diamante-3-5p-sei-sedan-a-sedan?referringPage=SearchResults
Subaru,Legacy,2007,No,$400,"147,940",," Right Front Damage, Structural Damage, Suspension Damage, Selling De-Registered","5spd Automatic,",5,Petrol,https://manheim.co.nz/damaged-vehicles/000000000007445993/2007-subaru-legacy-station-wagon?referringPage=SearchResults
Toyota,Aqua,2017,No,"$1,300","94,107",," Left Front Damage, Left Rear Damage, Left Side Damage, Rear Damage, Structural Damage, Selling De-Registered","CVT,",5,Hybrid,https://manheim.co.nz/damaged-vehicles/000000000007426020/2017-toyota-aqua-hybrid-hatch?referringPage=SearchResults
Mazda,Demio,2010,No,$600,"146,171",," Front Damage, Glass Broken, Ignition Damage, Left Side Damage, Rear Damage, Vandalised - Interior, Structural Damage, Stolen & Recovered, Selling De-Registered",N/A,5,Petrol,https://manheim.co.nz/damaged-vehicles/000000000007446032/2010-mazda-demio-hatch?referringPage=SearchResults
Toyota,Yaris,2008,No,$700,N/A,," Right Front Damage, Structural Damage, Suspension Damage, Selling De-Registered","Automatic,",5,Petrol,https://manheim.co.nz/damaged-vehicles/000000000007446036/2008-toyota-yaris-1-3p-hatch5-4a-hatch?referringPage=SearchResults
Nissan,Navara,2000,No,$700,N/A,," Chassis Damage, Front Damage, Left Side Damage, Roof Damage, Right Side Damage, Structural Damage, Selling De-Registered","5spd Manual,",2,Diesel,https://manheim.co.nz/damaged-vehicles/000000000007446054/2000-nissan-navara-utility?referringPage=SearchResults
Dodge,Journey,2012,Yes,$0,"115,092",, Selling Registered,"6spd Automatic,",7,Petrol,https://manheim.co.nz/damaged-vehicles/000000000007426054/2012-dodge-journey-3-6l-petrol-auto-r--station-wagon?referringPage=SearchResults
Mitsubishi,Colt,2004,No,$300,"89,035",," Rear Damage, Selling De-Registered","Automatic,",5,Petrol,https://manheim.co.nz/damaged-vehicles/000000000007436065/2004-mitsubishi-colt-hatch?referringPage=SearchResults
ANGLO,Jackson,1978,No,$900,N/A,0," Front Damage, Rear Damage, Right Side Damage, Dismantled - Interior, Underbody Damage, Selling De-Registered",N/A,N/A,N/A,https://manheim.co.nz/damaged-vehicles/000000000007436111/1978-anglo-jackson-caravan?referringPage=SearchResults
Ford,Endura,2019,No,"$1,500",N/A,," Front Damage, Airbags Deployed, Structural Damage, Selling De-Registered","Automatic,",5,Diesel,https://manheim.co.nz/damaged-vehicles/000000000007446140/2019-ford-endura-st-line-2-0d-4wd-8a-station-wagon?referringPage=SearchResults
Honda,Edix,2005,No,$600,N/A,," Chassis Damage, Left Front Damage, Structural Damage, Selling De-Registered","Automatic,",6,Petrol,https://manheim.co.nz/damaged-vehicles/000000000007446166/2005-honda-edix-station-wagon?referringPage=SearchResults
BMW,135i Sports Car,2008,No,"$1,150",N/A,," Water Damage, Selling De-Registered","Automatic,",4,Petrol,https://manheim.co.nz/damaged-vehicles/000000000007446168/2008-bmw-135i-sports-car-coup%C3%A9?referringPage=SearchResults
Subaru,Legacy,2002,No,$200,N/A,," Front Damage, Ignition Damage, Left Front Damage, Stolen & Recovered, Selling De-Registered",N/A,5,Petrol,https://manheim.co.nz/damaged-vehicles/000000000007446169/2002-subaru-legacy-gt30-station-wagon?referringPage=SearchResults
Holden,Spark,2016,No,$700,N/A,," Dismantled - Entire Vehicle, Selling De-Registered","Automatic,",5,Petrol,https://manheim.co.nz/damaged-vehicles/000000000007446205/2016-holden-spark-ls-1-4p-cvt-hatch?referringPage=SearchResults
Toyota,Corolla,2011,Yes,$600,"266,235",," Front Damage, Left Side Damage, Right Rear Damage, Selling Registered","Automatic,",5,Petrol,https://manheim.co.nz/damaged-vehicles/000000000007446212/2011-toyota-corolla-1-8p-gx-hatch-5-4a-hatch?referringPage=SearchResults
Nissan,Bluebird,2006,No,$500,"130,785",," Left Rear Damage, Structural Damage, Selling De-Registered","Automatic,",5,Petrol,https://manheim.co.nz/damaged-vehicles/000000000007446215/2006-nissan-bluebird-sylphy-sedan?referringPage=SearchResults
Nissan,Micra,2013,No,$600,"104,205",," Left Side Damage, Structural Damage, Selling De-Registered",N/A,5,Petrol,https://manheim.co.nz/damaged-vehicles/000000000007446219/2013-nissan-micra-st-l-hatch?referringPage=SearchResults
Ford,Falcon UTE,2005,No,$950,N/A,," Left Front Damage, Left Side Damage, Right Front Damage, Right Side Damage, Selling De-Registered","Automatic,",2,Petrol,https://manheim.co.nz/damaged-vehicles/000000000007446231/2005-ford-falcon-ute-ba-xr6-pick-up-fa-utility?referringPage=SearchResults
Toyota,Auris,2007,No,$600,N/A,," Chassis Damage, Front Damage, Structural Damage, Selling De-Registered",N/A,5,Petrol,https://manheim.co.nz/damaged-vehicles/000000000007446241/2007-toyota-auris-hatch?referringPage=SearchResults
Ford,Fiesta,2015,No,$425,"116,031",," Right Front Damage, Right Side Damage, Structural Damage, Selling De-Registered","5spd,",5,Petrol,https://manheim.co.nz/damaged-vehicles/000000000007446242/2015-ford-fiesta-hatch?referringPage=SearchResults
MORRIS,1000,1961,No,$700,"81,682",," Front Damage, Structural Damage, Selling De-Registered",N/A,N/A,N/A,https://manheim.co.nz/damaged-vehicles/000000000007446245/1961-morris-1000-sedan?referringPage=SearchResults
Volkswagen,Tiguan,2012,No,"$1,300","160,792",," Left Front Damage, Right Front Damage, Right Rear Damage, Right Side Damage, Structural Damage, Selling De-Registered","Automatic,",5,Petrol,https://manheim.co.nz/damaged-vehicles/000000000007446247/2012-volkswagen-tiguan-station-wagon?referringPage=SearchResults
Toyota,Markx,2007,Yes,$800,"133,205",," Left Front Damage, Left Rear Damage, Vandalised - Interior, Selling Registered","Automatic,",5,Petrol,https://manheim.co.nz/damaged-vehicles/000000000007446249/2007-toyota-markx-sedan?referringPage=SearchResults
Subaru,Legacy,2008,No,$600,"166,642",," Left Rear Damage, Structural Damage, Selling De-Registered","Automatic,",5,Petrol,https://manheim.co.nz/damaged-vehicles/000000000007446260/2008-subaru-legacy-b4-sedan?referringPage=SearchResults
Honda,fit,2007,Yes,$250,"155,659",," Front Damage, Selling Registered","4spd Automatic,",5,Petrol,https://manheim.co.nz/damaged-vehicles/000000000007446267/2007-honda-fit-hatch?referringPage=SearchResults
Toyota,Corolla,2013,No,"$1,350","213,431",," Right Side Damage, Structural Damage, Selling De-Registered",N/A,5,Petrol,https://manheim.co.nz/damaged-vehicles/000000000007446270/2013-toyota-corolla-fielder-station-wagon?referringPage=SearchResults
Subaru,Forester,2005,No,$600,"230,541",," Ignition Damage, Left Front Damage, Left Rear Damage, Right Front Damage, Right Rear Damage, Vandalised - Interior, Structural Damage, Stolen & Recovered, Suspension Damage, Selling De-Registered","Automatic,",5,Petrol,https://manheim.co.nz/damaged-vehicles/000000000007446289/2005-subaru-forester-station-wagon?referringPage=SearchResults
Holden,Trax,2015,No,$500,N/A,," Front Damage, Left Front Damage, Left Side Damage, Structural Damage, Selling De-Registered","Automatic,",5,Petrol,https://manheim.co.nz/damaged-vehicles/000000000007436286/2015-holden-trax-ltz-1-4p-6at-sw-4dr-station-wagon?referringPage=SearchResults
Toyota,Alphard,2007,No,$600,N/A,," Front Damage, Rear Damage, Structural Damage, Selling De-Registered",N/A,8,Petrol,https://manheim.co.nz/damaged-vehicles/000000000007446290/2007-toyota-alphard-station-wagon?referringPage=SearchResults
Suzuki,Swift,2008,No,$500,N/A,," Right Rear Damage, Structural Damage, Selling De-Registered",N/A,5,Petrol,https://manheim.co.nz/damaged-vehicles/000000000007446292/2008-suzuki-swift-hatch?referringPage=SearchResults
Hyundai,Elantra,2016,No,"$1,450","210,060",," Front Damage, Structural Damage, Selling De-Registered",N/A,N/A,Petrol,https://manheim.co.nz/damaged-vehicles/000000000007446293/2016-hyundai-elantra-sedan?referringPage=SearchResults
Nissan,NV200,2011,No,$700,N/A,," Rear Damage, Structural Damage, Selling De-Registered",N/A,2,Petrol,https://manheim.co.nz/damaged-vehicles/000000000007446294/2011-nissan-nv200-van?referringPage=SearchResults
Mazda,CX-5,2013,No,$600,"141,924",," Right Front Damage, Structural Damage, Selling De-Registered","4spd Automatic,",5,Diesel,https://manheim.co.nz/damaged-vehicles/000000000007446295/2013-mazda-cx-5-station-wagon?referringPage=SearchResults
Toyota,Vanguard,2009,No,$700,N/A,," Front Damage, Rear Damage, Right Side Damage, Structural Damage, Selling De-Registered","5spd Automatic,",7,Petrol,https://manheim.co.nz/damaged-vehicles/000000000007446297/2009-toyota-vanguard-station-wagon?referringPage=SearchResults
Yamaha,MT03LA,2022,No,$450,"3,087",," Structural Damage, Selling De-Registered",N/A,N/A,Petrol,https://manheim.co.nz/damaged-vehicles/000000000007446298/2022-yamaha-mt03la-n-motorcycle?referringPage=SearchResults
Suzuki,Swift,2020,No,N/A,N/A,," Left Front Damage, Left Rear Damage, Rear Damage, Right Front Damage, Right Rear Damage, Vandalised - Interior, Structural Damage, Stolen & Recovered, Selling De-Registered","Automatic,",5,Petrol,https://manheim.co.nz/damaged-vehicles/000000000007446305/2020-suzuki-swift-gl-1-2p-cvt-hatch?referringPage=SearchResults
Mazda,Demio,2009,No,$600,N/A,," Left Side Damage, Rear Damage, Structural Damage, Selling De-Registered","Automatic,",5,Petrol,https://manheim.co.nz/damaged-vehicles/000000000007446313/2009-mazda-demio-hatch?referringPage=SearchResults
Audi,A4,2014,No,"$1,300","89,077",," Underbody Damage, Structural Damage, Selling De-Registered","Automatic,",5,Petrol,https://manheim.co.nz/damaged-vehicles/000000000007446324/2014-audi-a4-sedan?referringPage=SearchResults
Mazda,Biante,2014,No,$500,N/A,," Front Damage, Left Front Damage, Right Front Damage, Structural Damage, Selling De-Registered","Automatic,",8,Petrol,https://manheim.co.nz/damaged-vehicles/000000000007446327/2014-mazda-biante-station-wagon?referringPage=SearchResults
TRAILER,Ifor Williams TA510,2025,No,"$6,550",N/A,," Left Front Damage, Left Rear Damage, Right Front Damage",N/A,N/A,N/A,https://manheim.co.nz/damaged-vehicles/000000000007446329/2025-trailer-ifor-williams-ta510-livestock-trailer?referringPage=SearchResults
Toyota,Camry,2015,Yes,"$2,100",N/A,," Front Damage, Stolen & Recovered, Selling Registered","4spd Automatic,",5,Hybrid,https://manheim.co.nz/damaged-vehicles/000000000007396445/2015-toyota-camry-gl-2-5ph-cvt-sl-4dr-sedan?referringPage=SearchResults
Mazda,BT-50,2020,No,N/A,N/A,," Rear Damage, Right Side Damage, Structural Damage, Selling De-Registered","Automatic,",5,Diesel,https://manheim.co.nz/damaged-vehicles/000000000007416449/2020-mazda-bt-50-gsx-d-c-w-s-3-2d-4w-dual-cab-chassis?referringPage=SearchResults
Suzuki,Swift,2005,No,$600,N/A,," Front Damage, Structural Damage, Selling De-Registered",N/A,5,Petrol,https://manheim.co.nz/damaged-vehicles/000000000007446507/2005-suzuki-swift-hatch?referringPage=SearchResults
Land Rover,Discovery,2006,No,$500,N/A,," Left Front Damage, Left Side Damage, Structural Damage, Selling De-Registered",N/A,7,Diesel,https://manheim.co.nz/damaged-vehicles/000000000007446529/2006-land-rover-discovery-2-7d-6a-5d-suv-station-wagon?referringPage=SearchResults
Hyundai,I30,2010,No,$600,"148,242",," Front Damage, Left Side Damage, Structural Damage, Selling De-Registered",N/A,5,Petrol,https://manheim.co.nz/damaged-vehicles/000000000007446534/2010-hyundai-i30-wagon-1-6-a4-station-wagon?referringPage=SearchResults
Volkswagen,Golf,2009,No,$600,"229,331",," Front Damage, Left Front Damage, Structural Damage, Selling De-Registered",N/A,5,Petrol,https://manheim.co.nz/damaged-vehicles/000000000007446536/2009-volkswagen-golf-hatch?referringPage=SearchResults
Ford,Falcon,2007,No,$500,N/A,," Structural Damage, Stolen & Recovered, Selling De-Registered","Automatic,",5,Petrol,https://manheim.co.nz/damaged-vehicles/000000000007446539/2007-ford-falcon-sedan?referringPage=SearchResults
Suzuki,DR,2000,No,$50,"16,822",," Front Damage, Structural Damage, Selling De-Registered",N/A,N/A,N/A,https://manheim.co.nz/damaged-vehicles/000000000007446540/2000-suzuki-dr-motorcycle?referringPage=SearchResults
BMW,1 Series,2017,No,N/A,N/A,," Front Damage, Airbags Deployed, Structural Damage, Selling De-Registered","Automatic,",5,Petrol,https://manheim.co.nz/damaged-vehicles/000000000007446558/2017-bmw-1-series-118i-1-5p-8at-ha-5d-hatch?referringPage=SearchResults
Holden,Cruze,2013,No,$700,"201,236",," Rear Damage, Structural Damage, Selling De-Registered","Automatic,",5,Petrol,https://manheim.co.nz/damaged-vehicles/000000000007446560/2013-holden-cruze-cdx-wgn-1-8-at-station-wagon?referringPage=SearchResults
Holden,Barina,2015,No,$600,N/A,," Right Front Damage, Right Rear Damage, Structural Damage, Selling De-Registered","Automatic,",5,Petrol,https://manheim.co.nz/damaged-vehicles/000000000007446567/2015-holden-barina-cd-1-6p-6at-sl-4dr--sedan?referringPage=SearchResults
Toyota,Corolla,2004,Yes,"$2,050","162,743",," Front Damage, Left Rear Damage, Selling Registered","Automatic,",5,Petrol,https://manheim.co.nz/damaged-vehicles/000000000007446569/2004-toyota-corolla-runx-hatch?referringPage=SearchResults
Ford,Courier,2004,No,"$1,300",N/A,," Structural Damage, Stolen & Recovered, Salt Water Damage, Selling De-Registered","Manual,",N/A,Diesel,https://manheim.co.nz/damaged-vehicles/000000000007446580/2004-ford-courier-xlt-utility?referringPage=SearchResults
Opel,Astra,2002,No,$300,N/A,," Right Front Damage, Right Rear Damage, Selling De-Registered","Automatic,",4,Petrol,https://manheim.co.nz/damaged-vehicles/000000000007446617/2002-opel-astra-coup%C3%A9?referringPage=SearchResults
Suzuki,Swift,2013,No,$700,"189,484",," Rear Damage, Structural Damage, Selling De-Registered",N/A,5,Petrol,https://manheim.co.nz/damaged-vehicles/000000000007446622/2013-suzuki-swift-hatch?referringPage=SearchResults
Suzuki,Swift,2013,No,$700,N/A,," Front Damage, Rear Damage, Structural Damage, Selling De-Registered","Automatic,",5,Petrol,https://manheim.co.nz/damaged-vehicles/000000000007446625/2013-suzuki-swift-hatch?referringPage=SearchResults
Hyundai,I30,2009,No,$500,N/A,," Rear Damage, Structural Damage, Selling De-Registered","Automatic,",5,Diesel,https://manheim.co.nz/damaged-vehicles/000000000007446628/2009-hyundai-i30-1-6-crdi-elite-a4-sedan?referringPage=SearchResults
Mercedes-Benz,SLK 200,2006,No,$600,"70,169",," Right Front Damage, Airbags Deployed, Structural Damage, Suspension Damage, Selling De-Registered","Automatic,",2,Petrol,https://manheim.co.nz/damaged-vehicles/000000000007446629/2006-mercedes-benz-slk-200-coup%C3%A9?referringPage=SearchResults
Mazda,Atenza,2007,No,$500,"182,557",," Front Damage, Structural Damage, Stolen & Recovered, Selling De-Registered","Automatic,",5,Petrol,https://manheim.co.nz/damaged-vehicles/000000000007446651/2007-mazda-atenza-station-wagon?referringPage=SearchResults
Nissan,Tiida,2007,No,$600,"280,044",," Left Front Damage, Rear Damage, Structural Damage, Selling De-Registered","4spd Automatic,",5,Petrol,https://manheim.co.nz/damaged-vehicles/000000000007446652/2007-nissan-tiida-hatch?referringPage=SearchResults
Toyota,Prius,2014,No,"$1,125","241,783",," Front Damage, Left Side Damage, Structural Damage, Selling De-Registered","Automatic,",5,Hybrid,https://manheim.co.nz/damaged-vehicles/000000000007446654/2014-toyota-prius-hatch?referringPage=SearchResults
Mazda,MAZDA3,2013,No,$500,"193,514",," Front Damage, Structural Damage, Selling De-Registered",N/A,N/A,Petrol,https://manheim.co.nz/damaged-vehicles/000000000007446656/2013-mazda-mazda3-hatch?referringPage=SearchResults
Mazda,Demio,2007,Yes,$650,"106,383",," Front Damage, Glass Broken, Ignition Damage, Left Rear Damage, Left Side Damage, Vandalised - Interior, Stolen & Recovered, Selling Registered","Automatic,",5,Petrol,https://manheim.co.nz/damaged-vehicles/000000000007446660/2007-mazda-demio-hatch?referringPage=SearchResults
Mazda,Atenza,2007,Yes,$500,"218,726",," Glass Broken, Ignition Damage, Stolen & Recovered, Selling Registered",N/A,5,Petrol,https://manheim.co.nz/damaged-vehicles/000000000007446681/2007-mazda-atenza-sedan?referringPage=SearchResults
Subaru,ACE,1992,No,$30,"18,682",," Left Side Damage, Structural Damage, Selling De-Registered",N/A,4,Petrol,https://manheim.co.nz/damaged-vehicles/000000000007446683/1992-subaru-ace-sedan?referringPage=SearchResults
Suzuki,SV650S,2007,No,$500,N/A,," Left Side Damage, Structural Damage, Stolen & Recovered, Selling De-Registered","Automatic,",N/A,Petrol,https://manheim.co.nz/damaged-vehicles/000000000007446685/2007-suzuki-sv650s-k6-motorcycle?referringPage=SearchResults
BMW,130i,2009,No,$700,"128,325",," Front Damage, Structural Damage, Selling De-Registered",N/A,N/A,Petrol,https://manheim.co.nz/damaged-vehicles/000000000007446690/2009-bmw-130i-hatch?referringPage=SearchResults
Toyota,Echo,2005,No,$700,N/A,," Chassis Damage, Engine Damage, Front Damage, Structural Damage, Selling De-Registered","Automatic,",5,Petrol,https://manheim.co.nz/damaged-vehicles/000000000007446712/2005-toyota-echo-hatch?referringPage=SearchResults
Toyota,Corolla 1.8P GX Hatch 5 4A HA,2010,No,$600,N/A,," Front Damage, Structural Damage, Selling De-Registered","Automatic,",5,Petrol,https://manheim.co.nz/damaged-vehicles/000000000007446713/2010-toyota-corolla-1-8p-gx-hatch-5-4a-ha-hatch?referringPage=SearchResults
Nissan,Note,2005,No,$600,N/A,," Left Front Damage, Rear Damage, Structural Damage, Selling De-Registered","Automatic,",5,Petrol,https://manheim.co.nz/damaged-vehicles/000000000007446715/2005-nissan-note-hatch?referringPage=SearchResults
Nissan,Navara,2017,Yes,N/A,"172,184",," Front Damage, Selling Registered","Automatic,",5,Diesel,https://manheim.co.nz/damaged-vehicles/000000000007426738/2017-nissan-navara-rx-2-3d-7at-ut-4dr--dual-cab-utility?referringPage=SearchResults
Honda,Odyssey,2005,No,$600,N/A,," Front Damage, Structural Damage, Selling De-Registered","Automatic,",7,Petrol,https://manheim.co.nz/damaged-vehicles/000000000007446807/2005-honda-odyssey-station-wagon?referringPage=SearchResults
Subaru,Outback L L Bean Station Wago,2005,No,$600,N/A,," Left Front Damage, Suspension Damage, Selling De-Registered","Automatic,",5,Petrol,https://manheim.co.nz/damaged-vehicles/000000000007446852/2005-subaru-outback-l-l-bean-station-wago-station-wagon?referringPage=SearchResults
LIFAN,LF3000,2023,No,$100,"7,793",," Structural Damage, Selling De-Registered","Automatic, Drive Type, Front Wheel Drive, Fuel Type, Electri",N/A,Electric,https://manheim.co.nz/damaged-vehicles/000000000007446863/2023-lifan-lf3000-dt-e4-scooter?referringPage=SearchResults
Toyota,Blade,2007,No,$600,N/A,," Rear Damage, Structural Damage, Selling De-Registered","Automatic,",5,Petrol,https://manheim.co.nz/damaged-vehicles/000000000007446868/2007-toyota-blade-hatch?referringPage=SearchResults
Toyota,Aqua,2013,No,$700,N/A,," Right Rear Damage, Structural Damage, Selling De-Registered",N/A,N/A,Hybrid,https://manheim.co.nz/damaged-vehicles/000000000007446879/2013-toyota-aqua-hatch?referringPage=SearchResults
Audi,A4,2013,No,"$1,350","58,866",," Rear Damage, Structural Damage, Selling De-Registered","Automatic,",5,Petrol,https://manheim.co.nz/damaged-vehicles/000000000007446882/2013-audi-a4-sedan?referringPage=SearchResults
Subaru,Outback,2015,No,"$2,300","136,964",," Interior Damage, Left Front Damage, Water Damage, Selling De-Registered","Automatic,",5,Petrol,https://manheim.co.nz/damaged-vehicles/000000000007446886/2015-subaru-outback-station-wagon?referringPage=SearchResults
Kia,RIO,2009,No,$500,N/A,," Rear Damage, Structural Damage, Selling De-Registered","Automatic,",5,Diesel,https://manheim.co.nz/damaged-vehicles/000000000007446889/2009-kia-rio-1-5-diesel-hatch-ma-hatch?referringPage=SearchResults
Toyota,Corolla,2014,No,"$2,100",N/A,," Repossed Vehicle, Right Side Damage, Selling De-Registered",N/A,5,Hybrid,https://manheim.co.nz/damaged-vehicles/000000000007426880/2014-toyota-corolla-fielder-hybrid-station-wagon?referringPage=SearchResults
Mitsubishi,Outlander,2021,No,$700,N/A,," Front Damage, Airbags Deployed, Structural Damage, Selling De-Registered","CVT,",7,Petrol,https://manheim.co.nz/damaged-vehicles/000000000007446906/2021-mitsubishi-outlander-ls-2-4p-cvt-station-wagon?referringPage=SearchResults
Peugeot,308,2023,No,"$2,900","49,255",," Front Damage, Left Front Damage, Structural Damage, Selling De-Registered","Automatic,",5,Hybrid,https://manheim.co.nz/damaged-vehicles/000000000007446912/2023-peugeot-308-hatch?referringPage=SearchResults
Mitsubishi,Outlander,2005,No,$500,"222,179",," Rear Damage, Structural Damage, Selling De-Registered",N/A,5,Petrol,https://manheim.co.nz/damaged-vehicles/000000000007416930/2005-mitsubishi-outlander-station-wagon?referringPage=SearchResults
Nissan,Wingroad,2006,Yes,$600,N/A,," Front Damage, Ignition Damage, Rear Damage, Selling Registered","Automatic,",5,Petrol,https://manheim.co.nz/damaged-vehicles/000000000007446957/2006-nissan-wingroad-station-wagon?referringPage=SearchResults
Mahindra,XUV,2017,No,"$1,300",N/A,," Chassis Damage, Rear Damage, Right Front Damage, Structural Damage, Selling De-Registered",N/A,N/A,Diesel,https://manheim.co.nz/damaged-vehicles/000000000007446961/2017-mahindra-xuv-station-wagon?referringPage=SearchResults
Toyota,Platz,2004,No,$600,"130,931",," Front Damage, Left Front Damage, Left Rear Damage, Structural Damage, Selling De-Registered","Automatic,",5,Petrol,https://manheim.co.nz/damaged-vehicles/000000000007446965/2004-toyota-platz-sedan?referringPage=SearchResults
Nissan,Maxima,2007,No,$500,"236,407",," Left Side Damage, Right Rear Damage, Structural Damage, Selling De-Registered","Automatic,",5,Petrol,https://manheim.co.nz/damaged-vehicles/000000000007446970/2007-nissan-maxima-3-5-petrol-ti-lthr-sedan?referringPage=SearchResults
Suzuki,Solio,2006,No,$500,"134,581",," Right Front Damage, Structural Damage, Selling De-Registered","Automatic,",5,Petrol,https://manheim.co.nz/damaged-vehicles/000000000007446976/2006-suzuki-solio-station-wagon?referringPage=SearchResults
Mazda,Demio,2015,No,N/A,N/A,, Selling De-Registered,"Automatic,",5,Petrol,https://manheim.co.nz/damaged-vehicles/000000000007406973/2015-mazda-demio-skyactiv-hatch?referringPage=SearchResults
Mazda,MAZDA6,2005,No,$600,"236,256",," Left Front Damage, Left Side Damage, Structural Damage, Selling De-Registered",N/A,5,Petrol,https://manheim.co.nz/damaged-vehicles/000000000007426972/2005-mazda-mazda6-sedan-gsx-2-3-auto-sedan?referringPage=SearchResults
Honda,CRV,2012,No,"$1,350",N/A,," Left Front Damage, Structural Damage, Selling De-Registered",N/A,5,Petrol,https://manheim.co.nz/damaged-vehicles/000000000007436978/2012-honda-crv-hatch?referringPage=SearchResults
Volkswagen,Golf,2008,No,$400,"331,643",," Left Front Damage, Structural Damage, Selling De-Registered","Automatic,",5,Petrol,https://manheim.co.nz/damaged-vehicles/000000000007436981/2008-volkswagen-golf-90kw-tsi-7dsg-hatch?referringPage=SearchResults
Nissan,Juke,2010,No,$600,N/A,," Right Front Damage, Structural Damage, Suspension Damage, Selling De-Registered",N/A,5,Petrol,https://manheim.co.nz/damaged-vehicles/000000000007446992/2010-nissan-juke-hatch?referringPage=SearchResults
Skoda,Superb,2016,No,$700,N/A,," Front Damage, Structural Damage, Suspension Damage, Selling De-Registered","5spd Automatic,",5,Petrol,https://manheim.co.nz/damaged-vehicles/000000000007446995/2016-skoda-superb-station-wagon?referringPage=SearchResults
Husqvarna,TE250I,2019,No,"$2,500",N/A,," Structural Damage, Selling De-Registered","5spd Automatic, Drive Type, Rear Wheel Drive, Fuel Type, Petro",N/A,Petrol,https://manheim.co.nz/damaged-vehicles/000000000007446996/2019-husqvarna-te250i-motorcycle?referringPage=SearchResults
Triumph,Bonneville,2014,No,"$1,500",N/A,," Left Side Damage, Structural Damage, Selling De-Registered","Manual,",N/A,Petrol,https://manheim.co.nz/damaged-vehicles/000000000007447000/2014-triumph-bonneville-motorcycle?referringPage=SearchResults
Toyota,Prius,2009,Yes,"$2,350",N/A,," Front Damage, Selling Registered","Automatic,",5,Hybrid,https://manheim.co.nz/damaged-vehicles/000000000007447005/2009-toyota-prius-hatch?referringPage=SearchResults
Honda,CRV,2001,Yes,$0,"230,717",," Left Rear Damage, Selling Registered","Automatic,",5,Petrol,https://manheim.co.nz/damaged-vehicles/000000000007437002/2001-honda-crv-hatch?referringPage=SearchResults
Suzuki,SX4,2007,No,$500,"207,693",," Front Damage, Airbags Deployed, Structural Damage, Selling De-Registered","Automatic,",5,Petrol,https://manheim.co.nz/damaged-vehicles/000000000007437004/2007-suzuki-sx4-glxh2-2-0-5dr-hatch?referringPage=SearchResults
Suzuki,SX4 GLXFCB2 2.0 5DR Ltd Hatch,2012,No,$500,"79,198",," Right Front Damage, Structural Damage, Selling De-Registered","Automatic,",5,Petrol,https://manheim.co.nz/damaged-vehicles/000000000007437019/2012-suzuki-sx4-glxfcb2-2-0-5dr-ltd-hatch-hatch?referringPage=SearchResults
Toyota,Prius,2015,No,$700,N/A,," Front Damage, Structural Damage, Under Body Damage, Selling De-Registered","Automatic,",5,Hybrid,https://manheim.co.nz/damaged-vehicles/000000000007447011/2015-toyota-prius-hybrid-hatch?referringPage=SearchResults
Toyota,Prius,2012,No,$700,N/A,," Left Front Damage, Structural Damage, Selling De-Registered","Automatic,",5,Hybrid,https://manheim.co.nz/damaged-vehicles/000000000007447017/2012-toyota-prius-hybrid-hatch?referringPage=SearchResults
Mitsubishi,RVR,2011,Yes,"$1,150","173,479",," Ignition Damage, Stolen & Recovered, Selling Registered","Automatic,",5,Petrol,https://manheim.co.nz/damaged-vehicles/000000000007447026/2011-mitsubishi-rvr-station-wagon?referringPage=SearchResults
Toyota,Aqua,2013,No,$500,"185,015",," Front Damage, Structural Damage, Selling De-Registered","Automatic,",5,Hybrid,https://manheim.co.nz/damaged-vehicles/000000000007447043/2013-toyota-aqua-hatch?referringPage=SearchResults
Holden,Commodore,2004,No,$700,N/A,," Left Front Damage, Left Rear Damage, Right Front Damage, Right Rear Damage, Selling De-Registered","Automatic,",5,Petrol,https://manheim.co.nz/damaged-vehicles/000000000007437055/2004-holden-commodore-berlina-v6-sed-sedan?referringPage=SearchResults
Mitsubishi,Outlander,2006,Yes,$500,"242,774",," Front Damage, Left Front Damage, Right Front Damage, Selling Registered","Automatic,",5,Petrol,https://manheim.co.nz/damaged-vehicles/000000000007427066/2006-mitsubishi-outlander-2-4p-awd-ls-wagon-station-wagon?referringPage=SearchResults
Ford,Capri 1.6,1990,No,$600,N/A,," Left Front Damage, Left Rear Damage, Roof Damage, Right Front Damage, Right Rear Damage, Selling De-Registered","5spd Manual,",5,Petrol,https://manheim.co.nz/damaged-vehicles/000000000007437093/1990-ford-capri-1-6-hatch?referringPage=SearchResults
Suzuki,SV650,2023,No,$450,1,," Rear Damage, Structural Damage, Selling De-Registered","Automatic,",N/A,Petrol,https://manheim.co.nz/damaged-vehicles/000000000007417184/2023-suzuki-sv650-am3-abs-motorcycle?referringPage=SearchResults
Ford,Mondeo,2012,No,$500,"196,821",," Front Damage, Left Front Damage, Structural Damage, Selling De-Registered","Automatic,",5,Petrol,https://manheim.co.nz/damaged-vehicles/000000000007447189/2012-ford-mondeo-2-3p-auto-hatch?referringPage=SearchResults
Holden,Cruze,2011,No,$600,"223,965",," Right Side Damage, Structural Damage, Selling De-Registered","Automatic,",5,Diesel,https://manheim.co.nz/damaged-vehicles/000000000007447191/2011-holden-cruze-cdx-2-0td-at-sedan?referringPage=SearchResults
Nissan,Tiida,2008,No,$600,"247,433",," Rear Damage, Structural Damage, Selling De-Registered","Automatic,",5,Petrol,https://manheim.co.nz/damaged-vehicles/000000000007447200/2008-nissan-tiida-hatch?referringPage=SearchResults
Suzuki,SX4,2008,Yes,$500,"180,875",," Left Front Damage, Right Front Damage, Selling Registered","Automatic,",5,Petrol,https://manheim.co.nz/damaged-vehicles/000000000007447221/2008-suzuki-sx4-hatch?referringPage=SearchResults
Mitsubishi,FTO,1995,No,$500,N/A,," Front Damage, Structural Damage, Selling De-Registered","Automatic,",4,Petrol,https://manheim.co.nz/damaged-vehicles/000000000007447228/1995-mitsubishi-fto-gpx-sedan?referringPage=SearchResults
Toyota,Aqua,2013,No,$700,N/A,," Rear Damage, Right Side Damage, Structural Damage, Selling De-Registered",N/A,5,Hybrid,https://manheim.co.nz/damaged-vehicles/000000000007447229/2013-toyota-aqua-hybrid-hatch?referringPage=SearchResults
Mitsubishi,Airtrek,2005,No,$600,"116,765",," Chassis Damage, Left Side Damage, Right Front Damage, Structural Damage, Suspension Damage, Selling De-Registered","4spd Automatic,",5,Petrol,https://manheim.co.nz/damaged-vehicles/000000000007447248/2005-mitsubishi-airtrek-2-4p-awd-ls-wagon-a-station-wagon?referringPage=SearchResults
Mitsubishi,Colt,2005,Yes,$500,N/A,," Left Front Damage, Selling Registered","Automatic,",5,Petrol,https://manheim.co.nz/damaged-vehicles/000000000007417275/2005-mitsubishi-colt-hatch?referringPage=SearchResults
Toyota,Harrier,2005,No,$850,"164,272",," Front Damage, Structural Damage, Selling De-Registered",N/A,5,Hybrid,https://manheim.co.nz/damaged-vehicles/000000000007447290/2005-toyota-harrier-hybrid-station-wagon?referringPage=SearchResults
Honda,Grace,2017,No,"$1,300",N/A,," Front Damage, Airbags Deployed, Structural Damage, Selling De-Registered","Automatic,",5,Hybrid,https://manheim.co.nz/damaged-vehicles/000000000007447326/2017-honda-grace-sedan?referringPage=SearchResults
Mitsubishi,Lancer,2007,Yes,$500,"214,042",," Glass Broken, Ignition Damage, Left Rear Damage, Vandalised - Interior, Selling Registered",N/A,5,Petrol,https://manheim.co.nz/damaged-vehicles/000000000007447382/2007-mitsubishi-lancer-2-4p-es-wagon-a-station-wagon?referringPage=SearchResults
Yamaha,TTR110E,2024,No,$650,N/A,," Structural Damage, Selling De-Registered",Automati,N/A,N/A,https://manheim.co.nz/damaged-vehicles/000000000007437382/2024-yamaha-ttr110e-motorcycle?referringPage=SearchResults
Mitsubishi,Outlander,2013,No,$800,"141,014",," Front Damage, Structural Damage, Suspension Damage, Selling De-Registered","Automatic,",5,Hybrid,https://manheim.co.nz/damaged-vehicles/000000000007447393/2013-mitsubishi-outlander-station-wagon?referringPage=SearchResults
Suzuki,Swift,2008,No,$600,"152,633",," Engine Damage, Structural Damage, Under Body Damage, Selling De-Registered",N/A,5,Petrol,https://manheim.co.nz/damaged-vehicles/000000000007447399/2008-suzuki-swift-hatch?referringPage=SearchResults
Holden,Trax,2019,No,$900,"91,186",," Left Side Damage, Structural Damage, Suspension Damage, Selling De-Registered",N/A,N/A,Petrol,https://manheim.co.nz/damaged-vehicles/000000000007447404/2019-holden-trax-station-wagon?referringPage=SearchResults
Nissan,Wingroad,2011,No,$400,"177,593",," Front Damage, Left Front Damage, Structural Damage, Selling De-Registered","Automatic,",5,Petrol,https://manheim.co.nz/damaged-vehicles/000000000007427417/2011-nissan-wingroad-station-wagon?referringPage=SearchResults
Mitsubishi,Lancer,1996,No,$550,"279,182",," Glass Broken, Interior Damage, Structural Damage, Stolen & Recovered, Selling De-Registered","Automatic,",5,Petrol,https://manheim.co.nz/damaged-vehicles/000000000007437432/1996-mitsubishi-lancer-sedan?referringPage=SearchResults
Holden,Captiva,2013,No,$1,N/A,," Fire Damage, Fire - Entire Vehicle, Structural Damage, Stolen & Recovered, Selling De-Registered","Automatic,",5,Diesel,https://manheim.co.nz/damaged-vehicles/000000000007427448/2013-holden-captiva-5-ltz-awd-2-2d-at-station-wagon?referringPage=SearchResults
Holden,Commodore,2009,Yes,"$5,000","241,154",," Left Front Damage, Right Rear Damage, Right Side Damage, Selling Registered","6spd Automatic,",5,Petrol,https://manheim.co.nz/damaged-vehicles/000000000007437476/2009-holden-commodore-calais-v-sedan-v8-a-sedan?referringPage=SearchResults
Nissan,Qashqai,2019,No,"$1,450","69,852",," Left Front Damage, Left Side Damage, Roof Damage, Rolled, Airbags Deployed, Structural Damage, Selling De-Registered",N/A,5,Petrol,https://manheim.co.nz/damaged-vehicles/000000000007447520/2019-nissan-qashqai-st-2-0p-cvt-hatch?referringPage=SearchResults
Mazda,MAZDA3,2017,No,$700,"119,037",," Front Damage, Right Side Damage, Structural Damage, Selling De-Registered",N/A,5,Petrol,https://manheim.co.nz/damaged-vehicles/000000000007447564/2017-mazda-mazda3-glx-2-0p-6at-hatch?referringPage=SearchResults
Nissan,Navara,2019,No,N/A,N/A,," Right Side Damage, Structural Damage, Selling De-Registered","6spd Manual,",5,Diesel,https://manheim.co.nz/damaged-vehicles/000000000007447565/2019-nissan-navara-st-x-2-3d-4wd-6mt-u-dual-cab-utility?referringPage=SearchResults
Suzuki,Swift,2013,No,$600,"36,765",," Front Damage, Rear Damage, Structural Damage, Selling De-Registered","Automatic,",5,Petrol,https://manheim.co.nz/damaged-vehicles/000000000007447575/2013-suzuki-swift-gl-1-4-5dr-at-hatch?referringPage=SearchResults
Suzuki,Swift,2006,No,$600,"226,429",," Left Rear Damage, Rear Damage, Right Rear Damage, Structural Damage, Selling De-Registered","4spd Automatic,",5,Petrol,https://manheim.co.nz/damaged-vehicles/000000000007447610/2006-suzuki-swift-hatch?referringPage=SearchResults
Toyota,Aqua,2017,No,"$2,450","107,717",," Right Rear Damage, Structural Damage, Selling De-Registered","Automatic,",5,Hybrid,https://manheim.co.nz/damaged-vehicles/000000000007447630/2017-toyota-aqua-hatch?referringPage=SearchResults
Nissan,Leaf,2019,No,N/A,"69,415",," Front Damage, Right Front Damage, Airbags Deployed, Structural Damage, Selling De-Registered","Automatic, Fuel Type, Electri",5,Electric,https://manheim.co.nz/damaged-vehicles/000000000007447660/2019-nissan-leaf-hatch?referringPage=SearchResults
Suzuki,Swift,2017,No,$850,"257,081",," Front Damage, Structural Damage, Selling De-Registered","5spd Manual,",5,Petrol,https://manheim.co.nz/damaged-vehicles/000000000007447676/2017-suzuki-swift-glb-1-4p-5mt-ha-5dr-hatch?referringPage=SearchResults
Suzuki,Swift,2012,No,$500,"84,806",," Rear Damage, Structural Damage, Selling De-Registered",N/A,N/A,Petrol,https://manheim.co.nz/damaged-vehicles/000000000007447735/2012-suzuki-swift-hatch?referringPage=SearchResults
Toyota,Aqua,2012,No,$500,N/A,," Front Damage, Structural Damage, Selling De-Registered","Automatic,",5,Hybrid,https://manheim.co.nz/damaged-vehicles/000000000007447770/2012-toyota-aqua-hatch?referringPage=SearchResults
Toyota,Vitz,2017,No,"$1,000",N/A,," Front Damage, Selling De-Registered","CVT,",5,Hybrid,https://manheim.co.nz/damaged-vehicles/000000000007427791/2017-toyota-vitz-1-5l-hybrid-cvt-hatch?referringPage=SearchResults
Toyota,Wish,2007,Yes,$850,"229,250",," Rear Damage, Selling Registered",N/A,5,Petrol,https://manheim.co.nz/damaged-vehicles/000000000007447801/2007-toyota-wish-station-wagon?referringPage=SearchResults
Toyota,Corolla,2015,No,$850,N/A,," Front Damage, Structural Damage, Selling De-Registered",N/A,5,Petrol,https://manheim.co.nz/damaged-vehicles/000000000007447805/2015-toyota-corolla-gx-1-5p-cvt-sw-4dr--station-wagon?referringPage=SearchResults
Nissan,Tiida,2008,Yes,"$1,300",N/A,," Ignition Damage, Right Side Damage, Vandalised - Interior, Stolen & Recovered, Selling Registered","Automatic,",5,Petrol,https://manheim.co.nz/damaged-vehicles/000000000007447806/2008-nissan-tiida-latio-sedan?referringPage=SearchResults
Toyota,Camry,2012,No,$850,N/A,," Airbags Deployed, Front Damage, Airbags Deployed, Structural Damage, Selling De-Registered","Automatic,",5,Petrol,https://manheim.co.nz/damaged-vehicles/000000000007447810/2012-toyota-camry-sedan?referringPage=SearchResults
Toyota,Wish,2004,No,$700,N/A,," Rear Damage, Structural Damage, Selling De-Registered","Automatic,",7,Petrol,https://manheim.co.nz/damaged-vehicles/000000000007447843/2004-toyota-wish-station-wagon?referringPage=SearchResults
Mazda,Demio,2009,Yes,"$2,350",N/A,," Glass Broken, Ignition Damage, Left Side Damage, Vandalised - Interior, Stolen & Recovered, Selling Registered",N/A,5,Petrol,https://manheim.co.nz/damaged-vehicles/000000000007447846/2009-mazda-demio-hatch?referringPage=SearchResults
Ford,Falcon,2007,No,$750,N/A,," Left Front Damage, Left Rear Damage, Right Front Damage, Right Rear Damage, Selling De-Registered","Automatic,",5,Petrol,https://manheim.co.nz/damaged-vehicles/000000000007437995/2007-ford-falcon-bf-falcon-xt-fa-sedan?referringPage=SearchResults
Toyota,Aqua,2017,No,"$1,300","148,971",," Front Damage, Left Front Damage, Left Rear Damage, Right Front Damage, Vandalised - Interior, Structural Damage, Selling De-Registered","Automatic,",5,Hybrid,https://manheim.co.nz/damaged-vehicles/000000000007448069/2017-toyota-aqua-hatch?referringPage=SearchResults
Honda,Odyssey,2007,No,$500,N/A,," Front Damage, Airbags Deployed, Structural Damage, Selling De-Registered",N/A,7,Petrol,https://manheim.co.nz/damaged-vehicles/000000000007448112/2007-honda-odyssey-station-wagon?referringPage=SearchResults
Fiat,Panda,2015,No,$600,N/A,," Rear Damage, Structural Damage, Selling De-Registered",N/A,5,Petrol,https://manheim.co.nz/damaged-vehicles/000000000007448115/2015-fiat-panda-easy-0-9p-5am-ha-5d-hatch?referringPage=SearchResults
Toyota,Aqua,2015,No,$700,N/A,," Left Side Damage, Right Rear Damage, Right Side Damage, Structural Damage, Suspension Damage, Selling De-Registered","Automatic,",5,Hybrid,https://manheim.co.nz/damaged-vehicles/000000000007448122/2015-toyota-aqua-hatch?referringPage=SearchResults
Ford,Ranger,2020,No,N/A,"107,717",," Front Damage, Right Side Damage, Structural Damage, Selling De-Registered","10spd Automatic,",5,Diesel,https://manheim.co.nz/damaged-vehicles/000000000007438127/2020-ford-ranger-wildtrak-2-0d-4wd-utility?referringPage=SearchResults
Honda,CRV,2008,Yes,"$1,150",N/A,," Left Front Damage, Stolen & Recovered, Selling Registered","Automatic,",5,Petrol,https://manheim.co.nz/damaged-vehicles/000000000007448135/2008-honda-crv-station-wagon?referringPage=SearchResults
BMW,320d,2010,No,$700,N/A,," Right Side Damage, Structural Damage, Selling De-Registered","Automatic,",5,Diesel,https://manheim.co.nz/damaged-vehicles/000000000007448136/2010-bmw-320d-sedan-6a-4dr-2-0l-sedan?referringPage=SearchResults
Toyota,Vitz,2005,No,$700,N/A,," Rear Damage, Structural Damage, Selling De-Registered",N/A,5,Petrol,https://manheim.co.nz/damaged-vehicles/000000000007448154/2005-toyota-vitz-hatch?referringPage=SearchResults
Honda,Accord,2006,No,$400,"250,420",," Rear Damage, Structural Damage, Selling De-Registered","Automatic,",5,Petrol,https://manheim.co.nz/damaged-vehicles/000000000007448162/2006-honda-accord-sedan?referringPage=SearchResults
Toyota,Prius,2013,No,$800,N/A,," Front Damage, Rear Damage, Structural Damage, Selling De-Registered","Automatic,",5,Hybrid,https://manheim.co.nz/damaged-vehicles/000000000007448172/2013-toyota-prius-hatch?referringPage=SearchResults
Volkswagen,Golf,2010,No,$500,"241,071",," Chassis Damage, Front Damage, Structural Damage, Selling De-Registered","Automatic,",5,Petrol,https://manheim.co.nz/damaged-vehicles/000000000007448174/2010-volkswagen-golf-hatch?referringPage=SearchResults
Mazda,Demio,2014,No,$300,N/A,," Front Damage, Airbags Deployed, Structural Damage, Selling De-Registered","Automatic,",5,Petrol,https://manheim.co.nz/damaged-vehicles/000000000007448181/2014-mazda-demio-hatch?referringPage=SearchResults
Nissan,Pulsar,2005,No,$600,N/A,," Front Damage, Left Front Damage, Airbags Deployed, Structural Damage, Selling De-Registered","Automatic,",5,Petrol,https://manheim.co.nz/damaged-vehicles/000000000007448194/2005-nissan-pulsar-1-8-ls-hatch-man-hatch?referringPage=SearchResults
Toyota,Corolla,1989,No,$500,"236,542",," Front Damage, Water Damage, Selling De-Registered","Automatic,",5,Petrol,https://manheim.co.nz/damaged-vehicles/000000000007448203/1989-toyota-corolla-hatch?referringPage=SearchResults
Toyota,Yaris Cross,2026,No,N/A,N/A,," Left Side Damage, Right Front Damage, Structural Damage, Selling De-Registered","Automatic,",5,Petrol,https://manheim.co.nz/damaged-vehicles/000000000007448211/2026-toyota-yaris-cross-limited-1-5ph-hd-station-wagon?referringPage=SearchResults
Suzuki,Swift,2014,No,$500,"115,246",," Chassis Damage, Front Damage, Right Front Damage, Airbags Deployed, Structural Damage, Selling De-Registered","Automatic,",5,Petrol,https://manheim.co.nz/damaged-vehicles/000000000007448225/2014-suzuki-swift-glxab-1-4p-4at-ha-5-hatch?referringPage=SearchResults
Toyota,Corolla,2006,No,$800,N/A,," Left Front Damage, Left Side Damage, Airbags Deployed, Structural Damage, Selling De-Registered","Automatic,",5,Petrol,https://manheim.co.nz/damaged-vehicles/000000000007448227/2006-toyota-corolla-fielder-station-wagon?referringPage=SearchResults
Toyota,Crown,2015,No,"$1,100",N/A,," Light Dmg, Rear Damage, Structural Damage, Selling De-Registered","Automatic,",5,Hybrid,https://manheim.co.nz/damaged-vehicles/000000000007448233/2015-toyota-crown-royal-saloon-hybrid-sedan?referringPage=SearchResults
Ford,Transit,2016,No,N/A,"396,110",," Rear Damage, Right Side Damage, Structural Damage, Selling De-Registered",N/A,3,Diesel,https://manheim.co.nz/damaged-vehicles/000000000007438231/2016-ford-transit-350l-lwb-van-2-2d-6-high-roof-van?referringPage=SearchResults
Honda,fit,2007,No,$400,N/A,," Left Front Damage, Suspension Damage, Selling De-Registered","Automatic,",5,Petrol,https://manheim.co.nz/damaged-vehicles/000000000007448240/2007-honda-fit-hatch?referringPage=SearchResults
Nissan,Bluebird,2006,No,$500,N/A,," Right Rear Damage, Structural Damage, Suspension Damage, Selling De-Registered","Automatic,",5,Petrol,https://manheim.co.nz/damaged-vehicles/000000000007448243/2006-nissan-bluebird-sylphy-sedan?referringPage=SearchResults
Mercedes-Benz,E55,2004,No,N/A,"67,348",," Chassis Damage, Front Damage, Left Rear Damage, Structural Damage, Selling De-Registered",N/A,5,Petrol,https://manheim.co.nz/damaged-vehicles/000000000007448250/2004-mercedes-benz-e55-e-class-sedan?referringPage=SearchResults
Mazda,Demio,2011,No,$600,"143,918",," Rear Damage, Structural Damage, Selling De-Registered","Automatic,",5,Petrol,https://manheim.co.nz/damaged-vehicles/000000000007448256/2011-mazda-demio-hatch?referringPage=SearchResults
Suzuki,Swift,2016,No,$800,"209,189",," Front Damage, Structural Damage, Selling De-Registered","Automatic,",5,Petrol,https://manheim.co.nz/damaged-vehicles/000000000007428252/2016-suzuki-swift-hatch?referringPage=SearchResults
Suzuki,GSX250,2019,No,$200,N/A,," Ignition Damage, Structural Damage, Stolen & Recovered, Selling De-Registered","Automatic,",N/A,Petrol,https://manheim.co.nz/damaged-vehicles/000000000007418278/2019-suzuki-gsx250-rza-motorcycle?referringPage=SearchResults
Nissan,X-trail,2010,No,$600,"398,707",," Front Damage, Structural Damage, Selling De-Registered","Automatic,",5,Diesel,https://manheim.co.nz/damaged-vehicles/000000000007448284/2010-nissan-x-trail-station-wagon?referringPage=SearchResults
MINI,Hatch,2014,No,$600,N/A,," Left Side Damage, Structural Damage, Selling De-Registered",N/A,4,Petrol,https://manheim.co.nz/damaged-vehicles/000000000007448301/2014-mini-hatch-cooper-1-5p-6mt-ha--hatch?referringPage=SearchResults
Vespa,Sprint,2015,No,$225,"14,254",," Front Damage, Structural Damage, Selling De-Registered","Automatic,",N/A,Petrol,https://manheim.co.nz/damaged-vehicles/000000000007418315/2015-vespa-sprint-125-scooter?referringPage=SearchResults
Toyota,Vitz,2008,No,$600,N/A,," Front Damage, Structural Damage, Selling De-Registered",N/A,5,Petrol,https://manheim.co.nz/damaged-vehicles/000000000007448333/2008-toyota-vitz-hatch?referringPage=SearchResults
Nissan,Primera,1994,No,$300,N/A,," Front Damage, Left Side Damage, Structural Damage, Selling De-Registered","Automatic,",5,Petrol,https://manheim.co.nz/damaged-vehicles/000000000007448334/1994-nissan-primera-sedan?referringPage=SearchResults
Mazda,Axela,2009,No,$400,"105,966",," Front Damage, Airbags Deployed, Structural Damage, Selling De-Registered","Automatic,",5,Petrol,https://manheim.co.nz/damaged-vehicles/000000000007448347/2009-mazda-axela-sedan?referringPage=SearchResults
TRAILER,Trayla,2021,No,$0,N/A,0," Rear Damage, Structural Damage, Selling De-Registered",N/A,N/A,N/A,https://manheim.co.nz/damaged-vehicles/000000000007448357/2021-trailer-trayla-camper-trailer?referringPage=SearchResults
Nissan,Fuga,2006,No,$700,"251,200",," Right Rear Damage, Right Side Damage, Structural Damage, Selling De-Registered","Automatic,",5,Petrol,https://manheim.co.nz/damaged-vehicles/000000000007448373/2006-nissan-fuga-250gt-sedan?referringPage=SearchResults
BMW,X5,2009,Yes,"$2,550",N/A,," Front Damage, Rear Damage, Selling Registered","Automatic,",5,Diesel,https://manheim.co.nz/damaged-vehicles/000000000007448389/2009-bmw-x5-3-0sd-6a-5dr-e70-touring?referringPage=SearchResults
Subaru,Legacy,2006,No,$700,N/A,," Front Damage, Left Side Damage, Rear Damage, Structural Damage, Selling De-Registered","Automatic,",5,Petrol,https://manheim.co.nz/damaged-vehicles/000000000007448399/2006-subaru-legacy-b-sport-sedan?referringPage=SearchResults
Holden,Barina,2008,No,$500,N/A,," Left Rear Damage, Rear Damage, Structural Damage, Selling De-Registered","Manual,",5,Petrol,https://manheim.co.nz/damaged-vehicles/000000000007448409/2008-holden-barina-3dr-hatch-manual-hatch?referringPage=SearchResults
Toyota,Aqua,2012,No,$600,N/A,," Left Side Damage, Structural Damage, Selling De-Registered","Automatic,",5,Hybrid,https://manheim.co.nz/damaged-vehicles/000000000007448417/2012-toyota-aqua-hatch?referringPage=SearchResults
Hyundai,Kona,2023,No,N/A,"49,737",," Underbody Damage, Structural Damage, Selling De-Registered","Automatic, Fuel Type, Electri",5,Electric,https://manheim.co.nz/damaged-vehicles/000000000007448420/2023-hyundai-kona-ev-64kwh-64kwh-ev-f-station-wagon?referringPage=SearchResults
Toyota,Aqua,2014,Yes,N/A,N/A,," Ignition Damage, Left Front Damage, Left Side Damage, Vandalised - Interior, Stolen & Recovered, Selling Registered","Automatic,",5,Hybrid,https://manheim.co.nz/damaged-vehicles/000000000007448432/2014-toyota-aqua-hybrid-hatch?referringPage=SearchResults
Holden,Barina,2014,No,$500,"181,937",," Front Damage, Airbags Deployed, Structural Damage, Suspension Damage, Selling De-Registered","Automatic,",5,Petrol,https://manheim.co.nz/damaged-vehicles/000000000007448450/2014-holden-barina-cd-1-6p-6at-sl-4dr--sedan?referringPage=SearchResults
Toyota,Aqua Hatchback,2018,No,$850,N/A,," Front Damage, Airbags Deployed, Structural Damage, Selling De-Registered","Automatic,",5,Hybrid,https://manheim.co.nz/damaged-vehicles/000000000007448466/2018-toyota-aqua-hatchback-hatch?referringPage=SearchResults
Subaru,Legacy,2001,No,$400,N/A,," Front Damage, Rear Damage, Structural Damage, Selling De-Registered","Automatic,",5,Petrol,https://manheim.co.nz/damaged-vehicles/000000000007418482/2001-subaru-legacy-station-wagon?referringPage=SearchResults
Hyundai,Getz,2010,No,$400,"97,073",," Rear Damage, Structural Damage, Selling De-Registered","5spd Automatic,",5,Petrol,https://manheim.co.nz/damaged-vehicles/000000000007448492/2010-hyundai-getz-1-4-5d-a4-hatch?referringPage=SearchResults
Toyota,Aqua,2012,No,"$1,300",N/A,," Right Side Damage, Structural Damage, Selling De-Registered","Automatic,",5,Hybrid,https://manheim.co.nz/damaged-vehicles/000000000007448513/2012-toyota-aqua-hybrid-hatch?referringPage=SearchResults
Nissan,March,2004,No,$600,"152,947",," Rear Damage, Structural Damage, Selling De-Registered","Automatic,",5,Petrol,https://manheim.co.nz/damaged-vehicles/000000000007448546/2004-nissan-march-hatch?referringPage=SearchResults
Toyota,Hilux,2001,No,N/A,"415,457",," Front Damage, Structural Damage, Selling De-Registered","Automatic,",5,Diesel,https://manheim.co.nz/damaged-vehicles/000000000007448547/2001-toyota-hilux-3-0d-2wd-d-c-ute-5m-dual-cab-utility?referringPage=SearchResults
Ford,Explorer,2004,Yes,$0,"175,050",, Selling Registered,"Automatic,",7,Petrol,https://manheim.co.nz/damaged-vehicles/000000000007448581/2004-ford-explorer-xlt-station-wagon?referringPage=SearchResults
Mazda,Bongo,2008,Yes,$700,"176,784",, Selling Registered,N/A,3,Petrol,https://manheim.co.nz/damaged-vehicles/000000000007418610/2008-mazda-bongo-van?referringPage=SearchResults
Kawasaki,ex,2008,Yes,$525,"25,656",," Right Side Damage, Selling Registered","Manual,",N/A,Petrol,https://manheim.co.nz/damaged-vehicles/000000000007438776/2008-kawasaki-ex-250j-motorcycle?referringPage=SearchResults
Toyota,Hilux,2003,No,"$2,300","369,949",," Left Side Damage, Rolled, Dismantled - Engine, Structural Damage, Selling De-Registered","5spd Manual,",5,Diesel,https://manheim.co.nz/damaged-vehicles/000000000007448801/2003-toyota-hilux-3-0d-4wd-d-c-ute-5m-dual-cab-utility?referringPage=SearchResults
Kia,RIO,2007,No,$200,"218,990",," Front Damage, Right Side Damage, Structural Damage, Selling De-Registered","Automatic,",5,Petrol,https://manheim.co.nz/damaged-vehicles/000000000007448808/2007-kia-rio-1-6-hatch-manual-hatch?referringPage=SearchResults
Peugeot,307,2003,Yes,$600,"106,719",," Front Damage, Selling Registered","4spd Automatic,",5,Petrol,https://manheim.co.nz/damaged-vehicles/000000000007448811/2003-peugeot-307-xs-1-6-5dr-4spd-a-p-hatch?referringPage=SearchResults
Volkswagen,Polo,2008,No,$500,N/A,," Front Damage, Glass Broken, Right Side Damage, Structural Damage, Stolen & Recovered, Selling De-Registered","Automatic,",5,Petrol,https://manheim.co.nz/damaged-vehicles/000000000007448822/2008-volkswagen-polo-hatch?referringPage=SearchResults
Nissan,Tiida,2005,No,$700,"185,681",," Left Rear Damage, Structural Damage, Selling De-Registered","Automatic,",5,Petrol,https://manheim.co.nz/damaged-vehicles/000000000007448825/2005-nissan-tiida-hatch?referringPage=SearchResults
Suzuki,Swift,2018,No,$850,"61,342",," Front Damage, Structural Damage, Selling De-Registered","Automatic,",5,Petrol,https://manheim.co.nz/damaged-vehicles/000000000007448830/2018-suzuki-swift-glc-1-2p-cvt-hatch?referringPage=SearchResults
Subaru,Forester,2007,No,$500,"103,195",," Front Damage, Ignition Damage, Left Side Damage, Structural Damage, Stolen & Recovered, Selling De-Registered","Automatic,",5,Petrol,https://manheim.co.nz/damaged-vehicles/000000000007448831/2007-subaru-forester-station-wagon?referringPage=SearchResults
Toyota,Vitz,2008,Yes,$700,"141,030",," Front Damage, Interior Damage, Ignition Damage, Left Front Damage, Left Rear Damage, Left Side Damage, Rear Damage, Right Front Damage, Right Rear Damage, Vandalised - Interior, Stolen & Recovered, Selling Registered","Automatic,",5,Petrol,https://manheim.co.nz/damaged-vehicles/000000000007448836/2008-toyota-vitz-hatch?referringPage=SearchResults
Toyota,Sienta,2005,No,$600,"231,878",," Left Front Damage, Left Rear Damage, Rear Damage, Right Rear Damage, Structural Damage, Selling De-Registered","Automatic,",7,Petrol,https://manheim.co.nz/damaged-vehicles/000000000007448845/2005-toyota-sienta-station-wagon?referringPage=SearchResults
Honda,fit,2011,No,$600,N/A,," Front Damage, Structural Damage, Selling De-Registered","Automatic,",5,Petrol,https://manheim.co.nz/damaged-vehicles/000000000007448846/2011-honda-fit-hatch?referringPage=SearchResults
Mazda,3,2015,No,"$1,450",N/A,," Left Front Damage, Structural Damage, Suspension Damage, Selling De-Registered","Automatic,",5,Petrol,https://manheim.co.nz/damaged-vehicles/000000000007448850/2015-mazda-3-4-door-sedan-1-5l-sedan?referringPage=SearchResults
Toyota,Aqua,2016,No,$700,"330,488",," Front Damage, Structural Damage, Selling De-Registered","Automatic,",5,Petrol,https://manheim.co.nz/damaged-vehicles/000000000007448851/2016-toyota-aqua-hatch?referringPage=SearchResults
Mazda,Premacy,2012,No,$700,"123,766",," Front Damage, Structural Damage, Selling De-Registered","Automatic,",7,Petrol,https://manheim.co.nz/damaged-vehicles/000000000007448852/2012-mazda-premacy-station-wagon?referringPage=SearchResults
Nissan,Tiida,2007,No,$600,"138,448",," Front Damage, Ignition Damage, Left Front Damage, Left Rear Damage, Right Front Damage, Right Side Damage, Airbags Deployed, Structural Damage, Selling De-Registered","Automatic,",5,Petrol,https://manheim.co.nz/damaged-vehicles/000000000007448853/2007-nissan-tiida-hatch?referringPage=SearchResults
Ford,Mondeo,2011,Yes,$500,"323,746",," Front Damage, Selling Registered","Automatic,",5,Diesel,https://manheim.co.nz/damaged-vehicles/000000000007448866/2011-ford-mondeo-2-0td-a-hatch?referringPage=SearchResults
Toyota,Aqua,2012,No,$600,"136,845",," Right Side Damage, Structural Damage, Selling De-Registered","Automatic,",5,Hybrid,https://manheim.co.nz/damaged-vehicles/000000000007428871/2012-toyota-aqua-hatch?referringPage=SearchResults
Mazda,Axela,2004,No,$500,"128,584",," Front Damage, Airbags Deployed, Structural Damage, Selling De-Registered","Automatic,",5,Petrol,https://manheim.co.nz/damaged-vehicles/000000000007448901/2004-mazda-axela-hatch?referringPage=SearchResults
Toyota,Camry,2002,No,$500,N/A,," Front Damage, Right Side Damage, Structural Damage, Selling De-Registered","Automatic,",5,Petrol,https://manheim.co.nz/damaged-vehicles/000000000007448904/2002-toyota-camry-sedan?referringPage=SearchResults
Mazda,Familia,1998,No,$150,"148,305",," Glass Broken, Ignition Damage, Left Front Damage, Right Rear Damage, Structural Damage, Stolen & Recovered, Selling De-Registered","4spd Automatic,",5,Petrol,https://manheim.co.nz/damaged-vehicles/000000000007448953/1998-mazda-familia-hatch?referringPage=SearchResults
Toyota,Hilux,2019,Yes,N/A,"155,293",," Stolen & Recovered, Selling Registered","Automatic,",5,Diesel,https://manheim.co.nz/damaged-vehicles/000000000007378962/2019-toyota-hilux-sr-td-dc-2-8dt-dual-cab-utility?referringPage=SearchResults
Toyota,Aqua,2014,No,$600,"215,736",," Interior Damage, Ignition Damage, Missing Wheels, Right Front Damage, Vandalised - Interior, Structural Damage, Stolen & Recovered, Under Body Damage, Selling De-Registered","Automatic,",5,Hybrid,https://manheim.co.nz/damaged-vehicles/000000000007438973/2014-toyota-aqua-hatch?referringPage=SearchResults
Toyota,Corolla,2009,No,$700,"232,145",," Left Side Damage, Structural Damage, Selling De-Registered",N/A,5,Petrol,https://manheim.co.nz/damaged-vehicles/000000000007449004/2009-toyota-corolla-1-8p-gx-hatch-5-4a-hatch?referringPage=SearchResults
ELDDIS,Supersirocco,2005,No,$0,N/A,0," Interior Damage, Water Damage, Selling De-Registered",N/A,N/A,N/A,https://manheim.co.nz/damaged-vehicles/000000000007449018/2005-elddis-supersirocco-caravan?referringPage=SearchResults
Toyota,Vitz,2001,Yes,$600,"72,711",," Left Rear Damage, Left Side Damage, Right Front Damage, Right Rear Damage, Selling Registered","Automatic,",5,Petrol,https://manheim.co.nz/damaged-vehicles/000000000007439029/2001-toyota-vitz-hatch?referringPage=SearchResults
Mazda,BT-50,2015,No,N/A,N/A,," Stolen & Recovered, Selling De-Registered","Automatic,",5,Diesel,https://manheim.co.nz/damaged-vehicles/000000000007429037/2015-mazda-bt-50-utility?referringPage=SearchResults
Hyundai,I30,2009,Yes,$0,"136,524",," Front Damage, Glass Broken, Roof Damage, Selling Registered","5spd Automatic,",5,Petrol,https://manheim.co.nz/damaged-vehicles/000000000007439066/2009-hyundai-i30-station-wagon?referringPage=SearchResults
Mazda,Axela,2009,No,$600,N/A,," Left Side Damage, Right Rear Damage, Right Side Damage, Structural Damage, Suspension Damage, Selling De-Registered","Automatic,",5,Petrol,https://manheim.co.nz/damaged-vehicles/000000000007439100/2009-mazda-axela-hatch?referringPage=SearchResults
Toyota,BB,2005,No,$400,N/A,," Roof Damage, Right Side Damage, Structural Damage, Selling De-Registered","Automatic,",5,Petrol,https://manheim.co.nz/damaged-vehicles/000000000007439115/2005-toyota-bb-station-wagon?referringPage=SearchResults
Toyota,Aqua,2016,Yes,N/A,"175,291",," Stolen & Recovered, Selling Registered","Automatic,",5,Hybrid,https://manheim.co.nz/damaged-vehicles/000000000007449123/2016-toyota-aqua-hatch?referringPage=SearchResults
Nissan,Note,2020,No,"$1,450","47,870",," Right Front Damage, Structural Damage, Selling De-Registered","Automatic,",5,Hybrid,https://manheim.co.nz/damaged-vehicles/000000000007449130/2020-nissan-note-hatch?referringPage=SearchResults
Mazda,Premacy,2009,No,$700,"153,861",," Left Rear Damage, Rear Damage, Right Rear Damage, Underbody Damage, Structural Damage, Selling De-Registered","Automatic,",7,Petrol,https://manheim.co.nz/damaged-vehicles/000000000007439137/2009-mazda-premacy-station-wagon?referringPage=SearchResults
Holden,Commodore,2004,No,$500,"299,615",," Front Damage, Structural Damage, Selling De-Registered",N/A,5,Petrol,https://manheim.co.nz/damaged-vehicles/000000000007429154/2004-holden-commodore-s-v6-auto-sedan?referringPage=SearchResults
Peugeot,207,2011,No,$200,"79,753",," Front Damage, Structural Damage, Selling De-Registered","Automatic,",5,Petrol,https://manheim.co.nz/damaged-vehicles/000000000007449155/2011-peugeot-207-xt-hatch?referringPage=SearchResults
Mazda,Demio,2006,No,$300,"165,227",," Front Damage, Right Front Damage, Structural Damage, Selling De-Registered",N/A,5,Petrol,https://manheim.co.nz/damaged-vehicles/000000000007449175/2006-mazda-demio-station-wagon?referringPage=SearchResults
Mazda,Atenza,2008,Yes,$0,1,, Selling Registered,"Automatic,",5,Petrol,https://manheim.co.nz/damaged-vehicles/000000000007439189/2008-mazda-atenza-station-wagon?referringPage=SearchResults
Mercedes-Benz,CLS 500,2005,Yes,$0,"102,319",, Selling Registered,"Automatic,",4,Petrol,https://manheim.co.nz/damaged-vehicles/000000000007439193/2005-mercedes-benz-cls-500-sedan?referringPage=SearchResults
Toyota,Ractis,2007,No,$700,"167,139",," Front Damage, Rear Damage, Structural Damage, Selling De-Registered","Automatic,",5,Petrol,https://manheim.co.nz/damaged-vehicles/000000000007449216/2007-toyota-ractis-hatch?referringPage=SearchResults
Nissan,Navara,2007,No,$800,N/A,," Left Side Damage, Roof Damage, Rolled, Right Side Damage, Structural Damage, Selling De-Registered","6spd Automatic,",5,Diesel,https://manheim.co.nz/damaged-vehicles/000000000007449217/2007-nissan-navara-2-5-4wd-mt-diesel-dual-cab-utility?referringPage=SearchResults
Subaru,XV,2013,No,N/A,"159,574",," Structural Damage, Salt Water Damage, Water Damage, Selling De-Registered",N/A,5,Petrol,https://manheim.co.nz/damaged-vehicles/000000000007449229/2013-subaru-xv-hatch?referringPage=SearchResults
Toyota,Allex,2001,No,$800,N/A,," Airbags Deployed, Front Damage, Airbags Deployed, Structural Damage, Selling De-Registered","Automatic,",5,Petrol,https://manheim.co.nz/damaged-vehicles/000000000007439229/2001-toyota-allex-station-wagon?referringPage=SearchResults
Mitsubishi,Outlander,2008,Yes,$700,"296,466",," Engine Damage, Glass Broken, Interior Damage, Stolen & Recovered, Selling Registered","Automatic,",5,Petrol,https://manheim.co.nz/damaged-vehicles/000000000007449241/2008-mitsubishi-outlander-station-wagon?referringPage=SearchResults
Nissan,Maxima,2007,No,$725,"256,613",," Left Rear Damage, Structural Damage, Selling De-Registered","5spd Automatic,",5,Petrol,https://manheim.co.nz/damaged-vehicles/000000000007449252/2007-nissan-maxima-sedan?referringPage=SearchResults
Audi,A3,2011,No,$600,"248,650",," Front Damage, Rear Damage, Structural Damage, Selling De-Registered",N/A,5,Diesel,https://manheim.co.nz/damaged-vehicles/000000000007379252/2011-audi-a3-2-0-tdi-sp-s-tron-hatch?referringPage=SearchResults
Toyota,Hilux,1989,No,$800,"251,888",, Selling De-Registered,"5spd Manual,",5,Diesel,https://manheim.co.nz/damaged-vehicles/000000000007439264/1989-toyota-hilux-surf-station-wagon?referringPage=SearchResults
Mitsubishi,Outlander,2023,No,N/A,"72,159",," Left Front Damage, Structural Damage, Selling De-Registered","Automatic,",5,Hybrid,https://manheim.co.nz/damaged-vehicles/000000000007449265/2023-mitsubishi-outlander-ls-phev-4wd-at-station-wagon?referringPage=SearchResults
Mitsubishi,Lancer,2006,Yes,"$1,000","242,662",, Selling Registered,"4spd Automatic,",5,Petrol,https://manheim.co.nz/damaged-vehicles/000000000007399359/2006-mitsubishi-lancer-2-4p-ls-sp-sedan-a-sedan?referringPage=SearchResults
FACTORY BUILT,Commercial,2002,No,$0,1,0," Front Damage, Structural Damage, Selling De-Registered",N/A,N/A,N/A,https://manheim.co.nz/damaged-vehicles/000000000007419414/2002-factory-built-commercial-trailer?referringPage=SearchResults
Mazda,Bounty,2001,No,$700,"410,368",," Chassis Damage, Front Damage, Structural Damage, Selling De-Registered","5spd Automatic,",5,Diesel,https://manheim.co.nz/damaged-vehicles/000000000007429473/2001-mazda-bounty-dbl-cab-w-s-4x4-td-dual-cab-utility?referringPage=SearchResults
Toyota,Harrier,2006,No,"$1,300","158,912",," Left Side Damage, Structural Damage, Selling De-Registered","Automatic,",5,Petrol,https://manheim.co.nz/damaged-vehicles/000000000007429475/2006-toyota-harrier-station-wagon?referringPage=SearchResults
BMW,320i,2008,No,$500,"176,094",," Rear Damage, Structural Damage, Selling De-Registered","6spd Automatic,",5,Petrol,https://manheim.co.nz/damaged-vehicles/000000000007429502/2008-bmw-320i-sedan?referringPage=SearchResults
Toyota,Aqua,2016,No,"$1,000",N/A,," Left Side Damage, Right Front Damage, Right Side Damage, Dismantled - Interior, Selling De-Registered","Automatic,",5,Hybrid,https://manheim.co.nz/damaged-vehicles/000000000007399515/2016-toyota-aqua-hatch?referringPage=SearchResults
FACTORY BUILT,Sterline SE 510,2005,No,$0,N/A,0," Front Damage, Rear Damage, Structural Damage, Selling De-Registered",N/A,N/A,N/A,https://manheim.co.nz/damaged-vehicles/000000000007449521/2005-factory-built-sterline-se-510-caravan?referringPage=SearchResults
Mazda,Axela,2014,No,$500,N/A,," Left Front Damage, Structural Damage, Selling De-Registered","Automatic,",5,Petrol,https://manheim.co.nz/damaged-vehicles/000000000007449532/2014-mazda-axela-hatch?referringPage=SearchResults
Toyota,Prius,2011,No,$600,N/A,," Structural Damage, Selling De-Registered","Automatic,",5,Hybrid,https://manheim.co.nz/damaged-vehicles/000000000007449535/2011-toyota-prius-hatch?referringPage=SearchResults
Nissan,Lafesta,2013,No,$500,"197,567",," Left Side Damage, Structural Damage, Selling De-Registered","4spd Automatic,",7,Petrol,https://manheim.co.nz/damaged-vehicles/000000000007449537/2013-nissan-lafesta-station-wagon?referringPage=SearchResults
Honda,CRV,2005,No,$500,"153,536",," Rear Damage, Structural Damage, Selling De-Registered","Automatic,",5,Petrol,https://manheim.co.nz/damaged-vehicles/000000000007449555/2005-honda-crv-station-wagon?referringPage=SearchResults
Suzuki,Swift,2011,No,$600,"129,010",," Rear Damage, Structural Damage, Selling De-Registered",N/A,5,Petrol,https://manheim.co.nz/damaged-vehicles/000000000007449569/2011-suzuki-swift-hatch?referringPage=SearchResults
Toyota,Prius,2010,No,$850,N/A,," Front Damage, Structural Damage, Selling De-Registered","Automatic,",5,Hybrid,https://manheim.co.nz/damaged-vehicles/000000000007449582/2010-toyota-prius-sedan?referringPage=SearchResults
Honda,fit,2008,No,$500,"194,170",," Rear Damage, Structural Damage, Selling De-Registered",N/A,5,Petrol,https://manheim.co.nz/damaged-vehicles/000000000007449598/2008-honda-fit-hatch?referringPage=SearchResults
Toyota,Harrier,2006,No,$800,"311,982",," Water Damage, Selling De-Registered","Automatic,",5,Petrol,https://manheim.co.nz/damaged-vehicles/000000000007429705/2006-toyota-harrier-station-wagon?referringPage=SearchResults
Nissan,Qashqai,2016,Yes,"$1,500","332,028",," Front Damage, Selling Registered","Automatic,",5,Petrol,https://manheim.co.nz/damaged-vehicles/000000000007429789/2016-nissan-qashqai-st-2-0p-cvt-station-wagon?referringPage=SearchResults
Mitsubishi,Outlander,2009,No,$500,"145,175",, Selling De-Registered,N/A,7,Petrol,https://manheim.co.nz/damaged-vehicles/000000000007439790/2009-mitsubishi-outlander-station-wagon?referringPage=SearchResults
MG,ZS,2023,No,"$1,450",N/A,," Airbags Deployed, Front Damage, Airbags Deployed, Structural Damage, Selling De-Registered",N/A,5,Electric,https://manheim.co.nz/damaged-vehicles/000000000007439806/2023-mg-zs-ev-51kwh-ev-at-station-wagon?referringPage=SearchResults
LDV,T60,2018,No,"$1,450","153,213",," Left Front Damage, Rear Damage, Right Rear Damage, Structural Damage, Selling De-Registered",N/A,5,Diesel,https://manheim.co.nz/damaged-vehicles/000000000007429822/2018-ldv-t60-4wd-mt-2-8dt-4wd-6m-dual-cab-utility?referringPage=SearchResults
Suzuki,GSX150,2019,No,$200,N/A,," Front Damage, Structural Damage, Selling De-Registered","Automatic,",N/A,Petrol,https://manheim.co.nz/damaged-vehicles/000000000007419860/2019-suzuki-gsx150-dxa-gixxer-motorcycle?referringPage=SearchResults
